transaction_id,user_id,product_id,base_price,final_amount,discount_percent,is_completed_purchase
TXN_100626,13295,24370,53795.17,13454.17,74.99,False
TXN_102095,11743,25236,9274.48,2320.47,74.98,False
TXN_108517,14068,20008,34662.2,8675.95,74.97,False
TXN_100561,13268,21078,44211.38,11066.11,74.97,False
TXN_111129,15874,21132,33401.5,8360.4,74.97,False
TXN_106104,10480,23394,27084.38,6781.93,74.96,False
TXN_106809,12264,21674,6098.51,1527.68,74.95,False
TXN_101006,12552,21870,48474.98,12147.83,74.94,False
TXN_103262,15949,23140,67602.81,16941.26,74.94,False
TXN_101983,10755,25776,51352.31,12868.89,74.94,False
TXN_102262,15454,22702,64154.78,16083.6,74.93,False
TXN_104352,11105,24822,30404.92,7625.55,74.92,True
TXN_109692,10193,21517,65022.08,16307.54,74.92,False
TXN_100884,15586,22066,18549.45,4652.2,74.92,False
TXN_100380,12734,23110,62563.05,15697.07,74.91,True
TXN_107299,11153,21693,27439.73,6884.63,74.91,False
TXN_102923,12004,24350,58640.81,14712.98,74.91,False
TXN_106230,14523,22415,49580.98,12439.87,74.91,False
TXN_101069,12966,23559,74121.54,18604.51,74.9,False
TXN_102550,15892,24206,59597.74,14959.03,74.9,True
TXN_107606,11799,21270,44131.26,11076.95,74.9,False
TXN_106741,13677,21631,29186.99,7328.85,74.89,False
TXN_100472,14584,24393,67163.77,16871.54,74.88,False
TXN_101934,15980,20951,47629.57,11969.31,74.87,False
TXN_111977,10074,24006,51046.92,12828.09,74.87,False
TXN_104999,10769,21166,92104.3,23164.23,74.85,False
TXN_104136,13424,21806,39543.04,9945.07,74.85,False
TXN_106237,15489,24460,80361.8,20219.03,74.84,False
TXN_110149,13417,23829,58463.77,14709.48,74.84,False
TXN_104687,15874,24452,47580.31,11975.96,74.83,False
TXN_111521,15206,25586,33622.68,8462.83,74.83,False
TXN_102361,11191,25549,61524.29,15491.82,74.82,False
TXN_101881,11568,20526,54943.62,13845.79,74.8,False
TXN_104749,14591,24275,45744.34,11532.15,74.79,False
TXN_107398,14518,25134,3676.91,927.32,74.78,False
TXN_102915,11901,23651,71239.17,17966.52,74.78,False
TXN_108124,14935,21126,54696.24,13794.39,74.78,False
TXN_102150,13874,22039,44565.47,11239.41,74.78,True
TXN_109616,14407,22426,86417.28,21803.08,74.77,False
TXN_110130,12493,22506,56557.24,14269.39,74.77,False
TXN_107558,14888,22766,47208.49,11910.7,74.77,False
TXN_106055,14297,25442,41531.51,10482.55,74.76,False
TXN_106283,15587,22416,39030.55,9851.31,74.76,False
TXN_108460,12340,23857,73860.62,18649.81,74.75,False
TXN_103578,13159,24050,53847.9,13601.98,74.74,False
TXN_109369,10824,25183,54541.66,13777.22,74.74,False
TXN_110197,13176,25970,34340.64,8674.45,74.74,False
TXN_106481,13568,21707,54128.49,13678.27,74.73,False
TXN_110651,15234,20873,66506.82,16812.92,74.72,False
TXN_100663,11811,23997,34772.16,8793.88,74.71,False
TXN_100947,10126,23199,52699.67,13333.02,74.7,False
TXN_108699,15084,23922,68021.62,17209.47,74.7,False
TXN_104302,13241,24967,76002.48,19228.63,74.7,False
TXN_111726,11495,24135,41547.7,10511.57,74.7,True
TXN_105138,15214,22705,35234.37,8921.34,74.68,False
TXN_105077,12903,21076,42351.4,10723.37,74.68,False
TXN_102403,13620,25482,71382.93,18074.16,74.68,False
TXN_103885,11317,21820,76322.01,19332.37,74.67,False
TXN_106745,15215,23902,68224.56,17281.28,74.67,False
TXN_100477,14800,23248,66136.8,16752.45,74.67,False
TXN_108173,10163,20679,46597.73,11807.86,74.66,False
TXN_101574,14362,24876,71600.45,18150.71,74.65,False
TXN_110432,10147,24739,38342.43,9727.47,74.63,False
TXN_104141,14283,23429,28632.4,7264.04,74.63,True
TXN_110710,15007,20165,44009.12,11169.51,74.62,False
TXN_108393,15578,22307,46351.19,11763.93,74.62,False
TXN_108576,11165,25509,91268.32,23173.03,74.61,False
TXN_101891,15208,24050,53847.9,13682.75,74.59,False
TXN_104772,14770,20573,49989.78,12707.4,74.58,False
TXN_102192,11001,21333,66800.91,16980.79,74.58,False
TXN_107172,12080,22124,34076.35,8665.62,74.57,False
TXN_104096,13824,20498,42787.63,10880.89,74.57,True
TXN_109479,12909,24731,68253.5,17356.87,74.57,False
TXN_108105,15066,23324,69751.39,17744.75,74.56,False
TXN_101749,11436,25862,43861.84,11162.84,74.55,False
TXN_100513,12490,23398,51429.4,13088.78,74.55,True
TXN_101367,13187,20237,23198.02,5908.54,74.53,False
TXN_103477,14009,21594,39178.64,9978.8,74.53,False
TXN_101913,11710,21398,54970.37,14000.95,74.53,False
TXN_111444,15691,20221,34829.87,8878.13,74.51,False
TXN_107242,13002,23529,32662.77,8325.74,74.51,False
TXN_110703,13259,23322,63571.44,16204.36,74.51,False
TXN_107740,12608,25359,43289.54,11034.5,74.51,False
TXN_105090,15233,23223,35550.08,9065.27,74.5,False
TXN_110828,14184,25358,58218.61,14845.75,74.5,False
TXN_104811,14391,21562,24218.47,6175.71,74.5,False
TXN_104524,15534,20716,41428.94,10564.38,74.5,False
TXN_108468,15732,24686,56784.28,14485.67,74.49,False
TXN_104647,10295,23627,45124.2,11511.18,74.49,False
TXN_106329,11284,20017,36632.09,9344.85,74.49,False
TXN_100602,14172,20827,83608.12,21345.15,74.47,False
TXN_107108,13684,22788,62223.73,15891.94,74.46,False
TXN_109876,13864,22299,70255.47,17950.27,74.45,False
TXN_102598,14725,25730,31101.6,7946.46,74.45,True
TXN_103907,10397,23082,77078.12,19693.46,74.45,False
TXN_107829,11849,20637,47557.41,12150.92,74.45,False
TXN_102018,14733,24417,56808.58,14520.27,74.44,False
TXN_109698,10481,20119,59437.56,15192.24,74.44,False
TXN_111696,11793,23300,26622.58,6807.39,74.43,False
TXN_106509,12937,20665,67338.52,17218.46,74.43,False
TXN_111035,13758,24368,31884.33,8152.82,74.43,False
TXN_108740,10704,23505,41065.17,10504.47,74.42,False
TXN_105150,13222,22271,55726.43,14254.82,74.42,False
TXN_100078,11982,20826,55555.52,14211.1,74.42,False
TXN_108188,10923,25021,88260.51,22585.86,74.41,False
TXN_103136,13865,25248,46252.31,11835.97,74.41,False
TXN_101239,14381,20073,55742.27,14270.02,74.4,False
TXN_106664,11522,23206,36852.04,9434.12,74.4,False
TXN_102001,10956,24807,36577.56,9363.86,74.4,False
TXN_111146,12516,24924,41850.78,10713.8,74.4,False
TXN_108083,14091,21628,28381.99,7265.79,74.4,False
TXN_104264,14074,20285,52692.49,13499.82,74.38,False
TXN_102247,11015,24720,40818.88,10461.88,74.37,False
TXN_103158,14572,21122,47393.51,12146.96,74.37,False
TXN_109132,15357,25929,47027.47,12053.14,74.37,False
TXN_105351,13478,22700,29054.09,7449.47,74.36,False
TXN_111822,13586,20200,35878.17,9199.16,74.36,False
TXN_102328,13180,25795,27916.82,7160.66,74.35,False
TXN_105483,15073,20873,66506.82,17065.65,74.34,False
TXN_103164,11242,20143,41175.81,10569.83,74.33,False
TXN_104513,13367,20373,30975.65,7960.74,74.3,False
TXN_106555,14684,24529,59660.14,15338.62,74.29,False
TXN_106381,15477,20037,50063.45,12871.31,74.29,False
TXN_111724,10468,22071,34857.87,8972.42,74.26,False
TXN_100512,13731,23647,47302.98,12175.79,74.26,True
TXN_106029,14874,20398,41110.06,10585.84,74.25,True
TXN_101541,10921,20235,50000.98,12875.25,74.25,True
TXN_108185,15979,25931,40241.11,10362.09,74.25,False
TXN_105356,12548,21695,6662.51,1716.26,74.24,False
TXN_100374,12066,20118,23723.54,6111.18,74.24,False
TXN_108450,15760,23061,53864.0,13880.75,74.23,False
TXN_103526,10007,23940,48368.87,12464.66,74.23,False
TXN_108927,14156,20596,59773.0,15403.5,74.23,False
TXN_102619,10572,25236,9274.48,2390.03,74.23,True
TXN_109905,11162,25310,54550.92,14063.23,74.22,False
TXN_100400,15017,23443,45105.65,11632.75,74.21,True
TXN_109807,10302,21206,61138.58,15767.64,74.21,False
TXN_101058,11970,21210,20464.37,5279.81,74.2,False
TXN_102352,15095,20610,67857.56,17507.25,74.2,False
TXN_105388,10871,22911,36587.75,9439.64,74.2,False
TXN_105410,11718,22956,39450.39,10182.15,74.19,False
TXN_104724,14718,21708,65382.3,16875.17,74.19,False
TXN_100207,13153,25629,82198.39,21215.4,74.19,False
TXN_103104,13201,20044,62626.47,16163.89,74.19,False
TXN_110335,15296,25802,35327.08,9121.45,74.18,False
TXN_108127,11094,23037,74679.06,19289.6,74.17,False
TXN_105733,13855,25480,36758.36,9494.68,74.17,False
TXN_101372,14034,22177,63370.82,16368.68,74.17,False
TXN_108427,15097,25956,62877.93,16241.37,74.17,False
TXN_108695,14754,21489,31243.63,8070.23,74.17,False
TXN_105897,14726,20608,74676.36,19296.37,74.16,False
TXN_107221,13238,25037,39494.0,10205.25,74.16,False
TXN_104854,14235,25956,62877.93,16247.66,74.16,False
TXN_102796,12160,21530,27265.92,7045.51,74.16,True
TXN_102947,10876,23423,27582.0,7129.95,74.15,False
TXN_108797,11461,24936,69429.98,17947.65,74.15,False
TXN_100754,14486,23055,30747.45,7948.22,74.15,False
TXN_100729,15064,24717,49421.37,12780.37,74.14,False
TXN_107474,15414,24318,54643.24,14130.74,74.14,False
TXN_101181,13877,23719,59819.19,15475.22,74.13,False
TXN_111727,15741,24269,91296.14,23627.44,74.12,False
TXN_100965,15402,23431,45158.61,11687.05,74.12,False
TXN_109070,14939,23812,48079.99,12447.91,74.11,True
TXN_108733,15154,24877,67138.37,17382.12,74.11,False
TXN_107367,10278,22719,51822.58,13422.05,74.1,True
TXN_100552,12897,20420,39303.44,10179.59,74.1,False
TXN_107945,11071,21561,36573.84,9472.62,74.1,True
TXN_109002,12274,24399,46409.6,12020.09,74.1,False
TXN_104871,12340,24028,49828.48,12905.58,74.1,False
TXN_111659,11116,25886,39584.0,10260.17,74.08,False
TXN_100652,11857,20270,41460.77,10746.63,74.08,False
TXN_109562,15987,20473,52126.2,13516.32,74.07,False
TXN_106131,13867,25853,39241.01,10179.12,74.06,False
TXN_105413,11068,22902,58530.24,15194.45,74.04,False
TXN_105242,11290,22018,20344.37,5283.43,74.03,False
TXN_110804,13857,21367,34754.3,9032.64,74.01,False
TXN_106422,11450,24965,44803.57,11644.45,74.01,False
TXN_101653,10988,20682,25376.91,6598.0,74.0,False
TXN_102306,10010,22387,63946.72,16632.54,73.99,False
TXN_106886,12213,21056,49327.4,12834.99,73.98,False
TXN_108162,14575,22516,23492.15,6112.66,73.98,False
TXN_100850,14893,21018,73129.51,19035.61,73.97,True
TXN_103396,12867,24759,68070.64,17718.79,73.97,False
TXN_107104,11078,21968,51613.5,13440.16,73.96,False
TXN_102818,12180,22556,41868.45,10906.73,73.95,False
TXN_106339,15931,23403,59954.04,15618.03,73.95,False
TXN_103583,14173,22423,28704.34,7480.35,73.94,False
TXN_105972,12489,25360,30957.53,8067.53,73.94,False
TXN_105048,14604,20385,24946.46,6506.04,73.92,False
TXN_102371,12473,23962,42645.94,11122.06,73.92,False
TXN_109423,13348,23245,32778.42,8548.61,73.92,False
TXN_101597,14069,22421,77826.08,20297.04,73.92,False
TXN_107642,11756,24428,36397.98,9496.23,73.91,False
TXN_100579,15074,21725,71403.57,18636.33,73.9,False
TXN_104549,11814,24822,30404.92,7935.68,73.9,False
TXN_108405,12753,22865,55753.84,14557.33,73.89,False
TXN_111506,10685,25843,46407.79,12117.07,73.89,False
TXN_102893,12011,21021,25469.28,6650.03,73.89,False
TXN_111589,11138,22800,16294.4,4254.47,73.89,False
TXN_106473,11715,21779,16832.59,4396.67,73.88,False
TXN_105327,12054,25908,52311.73,13663.82,73.88,False
TXN_111721,12671,23007,51705.38,13505.45,73.88,False
TXN_110371,15287,24073,59180.35,15457.91,73.88,False
TXN_109515,12804,22691,42877.49,11221.04,73.83,False
TXN_103856,12225,23878,33637.32,8806.25,73.82,False
TXN_109399,14336,25080,43706.9,11446.84,73.81,False
TXN_109427,15143,23627,45124.2,11818.03,73.81,False
TXN_106282,11078,23845,34750.48,9101.15,73.81,False
TXN_108546,10887,23347,75144.61,19680.37,73.81,False
TXN_107599,12893,22298,65076.76,17050.11,73.8,False
TXN_104261,15090,20655,50342.38,13199.77,73.78,False
TXN_109583,10872,22915,33271.56,8730.46,73.76,False
TXN_102774,15927,23623,50717.67,13308.32,73.76,False
TXN_102057,11253,24349,33843.29,8880.48,73.76,False
TXN_105321,12786,25457,43953.25,11542.12,73.74,True
TXN_105453,11257,24010,45330.2,11903.71,73.74,False
TXN_102806,12257,25073,39256.81,10308.84,73.74,False
TXN_103592,13237,22553,60650.91,15939.06,73.72,False
TXN_108929,13299,21474,73202.47,19244.93,73.71,False
TXN_103373,11326,20651,29441.05,7740.05,73.71,False
TXN_100425,11149,20532,47987.7,12630.36,73.68,True
TXN_102647,13089,22194,70812.09,18637.74,73.68,False
TXN_101771,10285,22447,61396.24,16159.49,73.68,False
TXN_103199,12239,22816,72360.38,19045.25,73.68,False
TXN_103289,12480,20815,53691.1,14136.87,73.67,False
TXN_110493,15548,23262,62161.83,16373.43,73.66,False
TXN_108115,11918,24476,74010.69,19501.82,73.65,False
TXN_103692,12559,22939,59270.4,15617.75,73.65,False
TXN_111052,15791,24351,41742.42,10999.13,73.65,False
TXN_107751,13492,23889,16759.95,4416.25,73.65,True
TXN_109204,13716,23754,32625.08,8599.97,73.64,False
TXN_109814,15575,23118,28690.65,7565.72,73.63,True
TXN_109885,15581,24861,47569.01,12548.7,73.62,False
TXN_101594,12042,24107,36222.12,9562.64,73.6,False
TXN_106325,10644,23196,40162.88,10603.0,73.6,False
TXN_100165,11982,20564,42716.16,11281.34,73.59,False
TXN_103959,12065,23368,46681.64,12328.62,73.59,False
TXN_102708,14879,25005,18653.56,4926.41,73.59,False
TXN_100547,13970,25302,20754.46,5481.25,73.59,False
TXN_102645,10408,25266,67711.26,17882.54,73.59,True
TXN_106765,10199,24102,73392.58,19390.32,73.58,False
TXN_109702,11076,23919,62846.41,16604.02,73.58,False
TXN_108406,11754,23985,75818.5,20038.83,73.57,True
TXN_106309,14426,22822,58734.88,15529.5,73.56,False
TXN_104361,11007,21311,47974.45,12703.63,73.52,False
TXN_109039,15355,21309,39378.01,10431.23,73.51,False
TXN_110420,11113,25995,53799.52,14256.87,73.5,False
TXN_108731,15171,20540,54378.94,14410.42,73.5,False
TXN_110871,11579,20701,51702.0,13706.2,73.49,False
TXN_104348,15311,22416,39030.55,10347.0,73.49,False
TXN_100557,10418,21519,47516.68,12596.67,73.49,False
TXN_105495,11962,24809,44072.47,11683.61,73.49,False
TXN_106315,13378,20996,24692.79,6548.53,73.48,False
TXN_110712,11560,21898,33726.92,8944.38,73.48,False
TXN_100302,12962,23534,76822.89,20373.43,73.48,True
TXN_101411,14798,25160,48603.4,12894.48,73.47,False
TXN_100082,14552,21959,35434.28,9400.71,73.47,True
TXN_107082,14369,22028,48743.44,12936.51,73.46,False
TXN_110531,10109,24275,45744.34,12145.12,73.45,True
TXN_104992,12935,24037,76920.67,20430.13,73.44,False
TXN_105494,14993,20355,70691.73,18775.72,73.44,False
TXN_111371,11473,25761,56042.8,14890.57,73.43,False
TXN_100536,15733,24329,43226.14,11489.51,73.42,False
TXN_109555,11442,25952,63395.64,16850.56,73.42,False
TXN_107244,11365,25929,47027.47,12504.6,73.41,False
TXN_103506,13436,25107,6495.47,1728.44,73.39,False
TXN_106383,12081,22877,76671.38,20402.25,73.39,False
TXN_108979,12851,24828,44120.9,11740.57,73.39,False
TXN_109338,15325,21216,68364.87,18205.56,73.37,False
TXN_105401,15321,23857,73860.62,19683.86,73.35,False
TXN_111085,15233,22307,46351.19,12352.59,73.35,False
TXN_111008,10989,21636,57860.15,15425.52,73.34,False
TXN_106651,12581,21851,67702.01,18062.9,73.32,False
TXN_109168,14764,21685,24131.56,6438.3,73.32,False
TXN_106769,10791,25035,56077.69,14967.14,73.31,False
TXN_107124,14704,20066,31025.48,8283.8,73.3,False
TXN_106718,12041,20096,70757.22,18899.25,73.29,False
TXN_111745,10913,20793,37981.69,10144.91,73.29,True
TXN_111480,12504,24606,69511.61,18573.5,73.28,False
TXN_109588,12642,25041,21255.65,5679.51,73.28,False
TXN_110240,13588,22698,9773.75,2611.55,73.28,False
TXN_103174,15434,25800,38789.02,10364.43,73.28,False
TXN_110470,12785,20626,66132.44,17677.2,73.27,False
TXN_100828,11253,23976,30483.42,8148.22,73.27,False
TXN_104378,12293,25142,63084.18,16862.4,73.27,True
TXN_110989,11987,23515,31307.31,8371.57,73.26,False
TXN_102287,15048,24049,3604.42,963.82,73.26,False
TXN_110674,10296,22877,76671.38,20501.93,73.26,False
TXN_100698,13628,23205,74633.24,19956.93,73.26,False
TXN_110315,10940,21177,32665.45,8738.01,73.25,False
TXN_101406,12954,21983,53507.43,14313.24,73.25,False
TXN_103808,15576,20954,835.72,223.81,73.22,False
TXN_100131,11029,25959,41874.14,11213.89,73.22,False
TXN_100423,10575,21404,74052.12,19831.16,73.22,False
TXN_106710,10045,21705,46954.83,12574.5,73.22,False
TXN_108553,14908,25994,26263.77,7036.06,73.21,False
TXN_104369,14859,21819,61507.14,16477.76,73.21,False
TXN_110792,12097,22976,72382.98,19405.88,73.19,False
TXN_109496,10402,22692,91864.56,24638.07,73.18,False
TXN_108410,15957,24879,43302.41,11613.71,73.18,False
TXN_108722,11525,20204,33571.85,9007.33,73.17,False
TXN_105040,12829,23926,64973.89,17432.49,73.17,False
TXN_108202,10349,22492,5089.43,1366.0,73.16,False
TXN_107902,15671,20405,59649.09,16009.82,73.16,False
TXN_104833,13894,25960,39840.48,10697.17,73.15,True
TXN_107205,12235,21118,31776.38,8531.96,73.15,False
TXN_106834,13993,24152,52565.11,14118.99,73.14,False
TXN_106771,11832,23399,62571.3,16812.91,73.13,False
TXN_100618,13223,21634,60250.73,16195.4,73.12,False
TXN_105750,13302,22195,40804.24,10968.18,73.12,False
TXN_111844,14738,23704,44420.18,11940.14,73.12,False
TXN_103764,10188,23309,34938.28,9394.9,73.11,False
TXN_102088,12353,24543,48771.99,13119.67,73.1,False
TXN_110811,15060,22317,55728.16,14990.88,73.1,False
TXN_106483,13900,23644,86035.86,23143.65,73.1,False
TXN_106109,13176,21447,70600.45,18998.58,73.09,False
TXN_105831,13566,20085,59720.68,16070.83,73.09,False
TXN_100319,15512,21779,16832.59,4531.33,73.08,False
TXN_102535,15176,25262,23342.15,6283.71,73.08,False
TXN_105708,12403,25203,45719.22,12316.76,73.06,False
TXN_111125,10893,24011,39243.72,10580.11,73.04,False
TXN_104780,13983,25683,41278.58,11128.71,73.04,False
TXN_111986,14932,24296,14533.12,3919.58,73.03,False
TXN_108767,14235,22851,25592.43,6907.4,73.01,False
TXN_108372,12452,24207,32638.97,8812.52,73.0,False
TXN_109946,13079,24662,69579.51,18793.43,72.99,False
TXN_101171,13006,21516,18873.58,5101.53,72.97,False
TXN_100835,11330,20644,42992.46,11625.16,72.96,False
TXN_111422,13368,22303,4125.59,1115.56,72.96,False
TXN_106223,14046,22548,29542.98,7988.42,72.96,False
TXN_102825,11829,23321,48702.11,13173.92,72.95,False
TXN_107716,14952,21870,48474.98,13112.48,72.95,True
TXN_110348,10338,21740,46089.34,12467.17,72.95,False
TXN_103142,10265,25265,60614.14,16396.12,72.95,False
TXN_107962,15282,21220,22654.91,6128.15,72.95,False
TXN_104031,13717,22789,30220.56,8177.68,72.94,False
TXN_105109,15097,24090,60993.06,16510.82,72.93,False
TXN_108921,15425,20771,67801.12,18360.54,72.92,False
TXN_107763,13318,22690,93149.21,25224.81,72.92,False
TXN_109510,13728,23506,25174.65,6817.3,72.92,False
TXN_110725,11181,24025,34765.48,9417.97,72.91,False
TXN_100562,10826,21633,36981.84,10018.38,72.91,False
TXN_106236,14838,22195,40804.24,11053.87,72.91,False
TXN_110844,12060,22729,63755.17,17277.65,72.9,False
TXN_107435,15201,20691,64280.48,17426.44,72.89,False
TXN_100244,10660,25961,86292.9,23394.01,72.89,False
TXN_109167,11387,21334,47351.74,12837.06,72.89,False
TXN_111797,10561,24685,82625.94,22408.15,72.88,False
TXN_101347,10805,24785,14619.47,3966.26,72.87,False
TXN_100103,11496,22615,9469.61,2570.05,72.86,False
TXN_105247,15948,23535,56565.12,15351.77,72.86,False
TXN_107391,13343,25188,44024.92,11952.77,72.85,False
TXN_106369,11882,25230,62209.76,16889.95,72.85,False
TXN_110139,11862,25004,53899.33,14639.06,72.84,False
TXN_108676,15985,20638,29702.78,8067.28,72.84,True
TXN_100537,15388,20154,63226.5,17172.32,72.84,False
TXN_104066,11777,24495,27874.47,7570.71,72.84,False
TXN_106847,11190,23198,60233.16,16365.35,72.83,False
TXN_107719,14657,23935,39637.24,10769.44,72.83,True
TXN_110179,12487,22915,33271.56,9043.21,72.82,False
TXN_107369,10524,25191,8330.71,2265.12,72.81,False
TXN_101396,11623,21068,52253.04,14212.83,72.8,False
TXN_100931,10919,20354,52405.38,14254.26,72.8,True
TXN_104033,12656,23607,19079.74,5191.6,72.79,False
TXN_108914,11551,25190,39544.84,10760.15,72.79,False
TXN_108770,15294,21050,81332.38,22163.07,72.75,False
TXN_101435,14194,22551,34047.13,9277.84,72.75,False
TXN_108491,10755,21366,43181.07,11775.48,72.73,False
TXN_106598,11367,22391,12191.18,3326.97,72.71,False
TXN_102639,14941,21843,37577.48,10254.89,72.71,False
TXN_100481,13148,24053,26590.37,7256.51,72.71,False
TXN_106630,14409,25376,75743.87,20670.5,72.71,True
TXN_102139,14471,25969,63106.62,17228.11,72.7,False
TXN_111894,15935,21054,39028.46,10654.77,72.7,False
TXN_100660,11828,23298,42648.47,11643.03,72.7,False
TXN_110171,15350,22066,18549.45,5064.0,72.7,False
TXN_100784,10405,24638,33640.39,9187.19,72.69,False
TXN_102022,13624,20992,16246.57,4436.94,72.69,False
TXN_109402,10457,23313,79364.04,21682.26,72.68,False
TXN_111036,14017,25463,28796.1,7867.09,72.68,False
TXN_109185,13309,22109,84491.18,23091.44,72.67,False
TXN_101112,10198,24790,35263.43,9641.02,72.66,False
TXN_104831,15500,24597,47465.15,12981.72,72.65,True
TXN_109066,13863,23589,20296.63,5555.19,72.63,False
TXN_105380,11725,23373,50760.38,13898.19,72.62,False
TXN_106033,15857,21947,51214.36,14027.61,72.61,True
TXN_111760,14463,23197,56834.9,15572.76,72.6,True
TXN_109363,14726,21774,52717.78,14444.67,72.6,False
TXN_100856,15972,22383,33082.73,9067.98,72.59,False
TXN_105943,15670,25954,79766.6,21864.03,72.59,True
TXN_110224,14811,22934,41837.92,11467.77,72.59,False
TXN_105914,14714,24567,26247.6,7197.09,72.58,True
TXN_101309,13301,22195,40804.24,11192.6,72.57,False
TXN_103813,13954,22025,22807.51,6256.1,72.57,False
TXN_104422,15603,23914,40903.57,11219.85,72.57,False
TXN_105844,15643,25614,44545.61,12232.22,72.54,False
TXN_104705,12188,25279,55291.28,15188.51,72.53,False
TXN_111298,12285,25177,47708.85,13110.39,72.52,False
TXN_103870,13989,21003,77706.12,21353.64,72.52,False
TXN_111116,12691,25598,41821.88,11496.83,72.51,False
TXN_104985,12951,21438,23143.85,6362.24,72.51,False
TXN_104407,14855,22025,22807.51,6269.78,72.51,False
TXN_110033,14946,21236,57451.17,15799.07,72.5,False
TXN_111744,13505,22365,49221.29,13535.85,72.5,False
TXN_102010,12980,23750,64978.85,17875.68,72.49,False
TXN_105665,13581,25762,14563.59,4006.44,72.49,False
TXN_100900,12287,25020,31922.75,8785.14,72.48,False
TXN_102816,11125,23382,46104.18,12687.87,72.48,False
TXN_108059,10310,25013,72930.74,20070.54,72.48,False
TXN_101075,11253,20138,22065.46,6072.41,72.48,False
TXN_110757,14421,22493,35805.4,9853.65,72.48,False
TXN_109025,13109,21172,63164.0,17382.73,72.48,False
TXN_104946,13517,25007,67330.78,18542.9,72.46,False
TXN_104516,11519,22515,1930.41,531.83,72.45,False
TXN_108972,11031,23576,38488.79,10607.51,72.44,False
TXN_103991,14761,21053,37050.66,10211.16,72.44,False
TXN_101801,15807,21447,70600.45,19457.48,72.44,False
TXN_101925,12057,24839,56882.92,15688.31,72.42,False
TXN_104280,15446,21290,49856.2,13750.34,72.42,False
TXN_102964,10582,20756,55521.27,15312.77,72.42,False
TXN_105589,14669,23173,23297.49,6425.45,72.42,False
TXN_102874,11170,22825,37169.98,10251.48,72.42,False
TXN_100246,11370,23011,55473.49,15299.59,72.42,True
TXN_101868,15184,23370,72529.05,20010.76,72.41,True
TXN_106015,13368,23740,43834.91,12094.05,72.41,False
TXN_101486,11751,24692,35182.23,9706.78,72.41,False
TXN_109697,14235,25426,53360.22,14727.42,72.4,False
TXN_106833,12594,25175,57046.2,15744.75,72.4,False
TXN_107843,12534,24110,57003.4,15732.94,72.4,False
TXN_104227,12636,21141,376.37,103.88,72.4,True
TXN_110005,11841,24604,31483.6,8692.62,72.39,False
TXN_107337,11752,23748,58830.59,16249.01,72.38,False
TXN_109884,10311,21581,74482.5,20572.07,72.38,False
TXN_102742,14352,22020,65665.78,18136.89,72.38,False
TXN_107596,11421,22885,39357.67,10878.46,72.36,False
TXN_105123,13506,21019,49683.52,13732.52,72.36,False
TXN_111517,11710,24845,13203.34,3649.4,72.36,False
TXN_107911,10307,21874,92244.68,25505.65,72.35,True
TXN_100029,11083,22413,59905.2,16575.77,72.33,False
TXN_107647,13766,23488,34649.42,9587.49,72.33,True
TXN_105778,12672,21116,66165.9,18314.72,72.32,False
TXN_107944,11546,23973,36792.52,10187.85,72.31,False
TXN_104644,10490,25719,74895.37,20738.53,72.31,False
TXN_109559,14254,23089,29639.56,8207.19,72.31,False
TXN_102028,14574,20896,67834.78,18783.45,72.31,False
TXN_104441,14547,24798,59927.33,16593.88,72.31,False
TXN_107193,15802,20216,39363.24,10899.68,72.31,False
TXN_111783,14151,25738,32809.82,9085.04,72.31,False
TXN_102101,13954,25850,43168.91,11957.79,72.3,False
TXN_107597,15637,23008,79718.84,22082.12,72.3,False
TXN_105969,11183,20300,44877.85,12431.16,72.3,False
TXN_110649,11544,21932,62923.6,17436.13,72.29,False
TXN_109943,15833,24920,77413.09,21458.91,72.28,False
TXN_110065,13938,24790,35263.43,9775.02,72.28,False
TXN_104695,12762,21146,19953.8,5531.19,72.28,False
TXN_109023,10338,22943,30354.48,8414.26,72.28,False
TXN_110063,12669,21922,58750.23,16297.31,72.26,False
TXN_104533,14841,24743,80769.62,22405.49,72.26,False
TXN_108397,14072,25345,41097.66,11400.49,72.26,False
TXN_103926,10776,25923,41902.74,11623.82,72.26,False
TXN_103441,11775,20036,77883.47,21612.66,72.25,False
TXN_103532,13220,25441,57315.7,15910.84,72.24,False
TXN_101093,13763,20334,40083.46,11131.18,72.23,False
TXN_106463,12671,25576,42748.4,11875.51,72.22,False
TXN_111301,11162,23568,45339.16,12595.22,72.22,False
TXN_105955,10278,22234,73733.56,20483.18,72.22,False
TXN_106963,14226,22342,66408.41,18454.9,72.21,False
TXN_100358,13421,22810,71856.2,19968.84,72.21,False
TXN_107288,10666,21249,59792.3,16622.26,72.2,False
TXN_101521,10935,21633,36981.84,10284.65,72.19,False
TXN_101128,13069,25974,65645.3,18255.96,72.19,False
TXN_102744,10662,23780,34700.69,9660.67,72.16,False
TXN_111665,11231,21982,39008.74,10867.83,72.14,False
TXN_103039,10611,25285,74447.26,20748.45,72.13,False
TXN_109160,10758,21381,17198.08,4794.82,72.12,False
TXN_101473,10330,20527,62295.04,17374.09,72.11,True
TXN_104482,15912,21243,71885.96,20048.99,72.11,False
TXN_101829,11810,25948,68257.01,19043.71,72.1,False
TXN_106389,11270,23098,74144.76,20686.39,72.1,False
TXN_102321,10146,21382,24963.61,6967.34,72.09,False
TXN_109569,12363,22249,37675.74,10515.3,72.09,False
TXN_109530,11814,20707,21360.79,5966.07,72.07,False
TXN_111931,11378,22947,55652.59,15543.77,72.07,False
TXN_110049,12365,25949,33977.5,9489.92,72.07,False
TXN_104160,12370,23739,32432.47,9058.39,72.07,False
TXN_105699,11699,23699,33533.2,9375.88,72.04,False
TXN_108664,14620,20695,50737.77,14186.28,72.04,False
TXN_108890,14165,23147,11253.46,3146.47,72.04,True
TXN_105266,15032,24003,23086.01,6459.47,72.02,False
TXN_111944,13964,22512,78520.04,21977.76,72.01,False
TXN_111447,15902,21972,59105.54,16549.55,72.0,False
TXN_106657,13830,22658,91981.84,25754.92,72.0,True
TXN_102673,11247,23302,46566.06,13038.5,72.0,False
TXN_100041,11529,21274,11441.86,3204.86,71.99,False
TXN_101847,15656,20208,46825.94,13115.95,71.99,False
TXN_105480,15389,21385,50386.86,14113.36,71.99,False
TXN_102591,14593,23265,54512.0,15279.71,71.97,False
TXN_104347,15953,24115,32992.48,9247.79,71.97,False
TXN_109634,12701,23457,44280.98,12411.96,71.97,False
TXN_103393,14649,22968,63953.46,17932.55,71.96,False
TXN_101314,15208,22378,26323.6,7383.77,71.95,False
TXN_111130,14504,22517,25330.53,7105.21,71.95,True
TXN_105692,14671,20042,25666.35,7199.41,71.95,False
TXN_102685,11641,22593,51432.98,14426.95,71.95,False
TXN_106229,12658,23102,22817.16,6402.5,71.94,False
TXN_103744,14744,23341,46247.91,12977.16,71.94,True
TXN_104388,14161,20145,92905.32,26069.23,71.94,False
TXN_103206,13701,24359,16292.51,4571.68,71.94,False
TXN_105767,10288,25216,38089.61,10695.56,71.92,False
TXN_100245,12812,24398,42216.28,11862.77,71.9,False
TXN_104569,12705,21618,40382.88,11351.63,71.89,False
TXN_101393,15797,23011,55473.49,15593.6,71.89,False
TXN_107673,12447,22610,55397.86,15577.88,71.88,False
TXN_103694,10116,23421,49665.11,13965.83,71.88,False
TXN_106359,15186,20088,75034.21,21114.63,71.86,False
TXN_109281,10236,24107,36222.12,10192.9,71.86,False
TXN_111145,12432,22548,29542.98,8316.35,71.85,False
TXN_105417,13792,20269,53769.22,15136.04,71.85,False
TXN_100558,10115,24031,58200.31,16383.39,71.85,False
TXN_107338,12942,24065,35297.06,9943.18,71.83,False
TXN_101147,12892,25417,56685.66,15968.35,71.83,False
TXN_104982,13989,24824,34767.95,9797.61,71.82,False
TXN_105219,14135,25256,76709.16,21616.64,71.82,False
TXN_109547,10967,24862,30465.84,8588.32,71.81,False
TXN_110250,15843,22222,54959.54,15493.09,71.81,False
TXN_106094,12896,20702,26599.29,7498.34,71.81,False
TXN_109696,10092,23046,23416.41,6603.43,71.8,True
TXN_106256,14142,25634,62213.39,17550.4,71.79,False
TXN_108172,10822,23727,65328.0,18429.03,71.79,False
TXN_101340,14842,23382,46104.18,13010.6,71.78,False
TXN_105662,10072,20718,48191.23,13599.57,71.78,False
TXN_106494,11515,20262,44999.68,12698.91,71.78,False
TXN_105284,15447,21435,61647.84,17403.19,71.77,False
TXN_101638,14256,23022,50427.92,14235.8,71.77,False
TXN_103902,15575,22580,58883.65,16628.74,71.76,False
TXN_109151,12904,25862,43861.84,12386.58,71.76,False
TXN_107755,10754,20946,47011.64,13276.09,71.76,False
TXN_108024,12262,21725,71403.57,20164.37,71.76,False
TXN_100460,11151,24952,24842.75,7018.08,71.75,False
TXN_101734,15353,24170,17740.72,5011.75,71.75,True
TXN_101858,11764,22657,6670.22,1885.0,71.74,False
TXN_107872,15488,20063,18358.75,5190.02,71.73,False
TXN_109992,12368,21436,53416.08,15106.07,71.72,False
TXN_110960,14312,23596,30698.2,8681.45,71.72,False
TXN_103081,12556,21078,44211.38,12502.98,71.72,False
TXN_110704,15788,23843,64105.17,18128.94,71.72,False
TXN_111051,15830,21673,70455.69,19924.87,71.72,False
TXN_100687,14286,23518,27737.39,7846.91,71.71,False
TXN_102771,10023,25516,10735.52,3037.08,71.71,False
TXN_108732,11210,24294,74471.18,21075.34,71.7,False
TXN_104114,10870,21750,44637.53,12636.88,71.69,False
TXN_102126,13869,23196,40162.88,11370.11,71.69,False
TXN_101890,13763,21911,24678.32,6986.43,71.69,False
TXN_100257,15760,20732,42777.0,12114.45,71.68,False
TXN_109512,13929,25788,55374.56,15682.08,71.68,False
TXN_105774,11765,20392,75185.2,21299.97,71.67,False
TXN_109889,14802,22113,68297.8,19348.77,71.67,False
TXN_104600,10151,25192,15738.33,4460.24,71.66,False
TXN_106447,11354,21086,17933.42,5084.12,71.65,False
TXN_106726,10516,22142,11811.33,3348.51,71.65,False
TXN_101317,12539,21894,52233.91,14808.31,71.65,False
TXN_103842,10889,23979,70100.75,19887.58,71.63,False
TXN_105438,10733,22753,36855.1,10455.79,71.63,False
TXN_109971,12692,22420,77772.1,22063.94,71.63,False
TXN_100294,13924,20116,14544.17,4126.18,71.63,False
TXN_110786,15721,21154,61500.94,17453.97,71.62,False
TXN_108646,13968,22686,11284.59,3203.7,71.61,False
TXN_106992,13154,22005,49458.02,14046.08,71.6,False
TXN_107085,12519,25766,38616.42,10967.06,71.6,False
TXN_106432,11436,20180,63361.73,17994.73,71.6,False
TXN_104432,11538,21353,61765.65,17547.62,71.59,False
TXN_107365,15312,24591,46340.76,13174.68,71.57,False
TXN_100518,14612,21616,59814.77,17011.32,71.56,False
TXN_109751,14473,21661,75325.5,21422.57,71.56,True
TXN_110525,13128,24502,50719.89,14429.81,71.55,False
TXN_100936,11907,21564,58189.89,16555.02,71.55,False
TXN_101368,13281,22524,41440.44,11793.95,71.54,False
TXN_102757,15527,23559,74121.54,21094.99,71.54,False
TXN_102953,10163,22949,37304.73,10620.66,71.53,False
TXN_100151,11723,21130,38943.63,11087.25,71.53,False
TXN_101225,15035,20572,34012.51,9686.76,71.52,False
TXN_109693,12675,23294,42756.89,12177.16,71.52,False
TXN_109177,13868,20779,66972.69,19073.82,71.52,False
TXN_109846,15177,23731,58935.18,16790.63,71.51,False
TXN_111059,11503,20602,57337.28,16341.12,71.5,False
TXN_110090,13459,22828,36600.48,10431.14,71.5,False
TXN_111200,13028,24854,56493.29,16111.89,71.48,False
TXN_107380,12695,22399,66975.41,19101.39,71.48,False
TXN_100498,15324,23241,31220.25,8904.02,71.48,False
TXN_106836,10914,23660,18739.09,5346.26,71.47,False
TXN_111712,11910,24131,38366.65,10946.01,71.47,False
TXN_100362,13171,22123,72465.05,20674.28,71.47,False
TXN_101531,15218,25182,43825.74,12503.48,71.47,True
TXN_108717,10946,21717,23012.22,6579.19,71.41,False
TXN_102813,15111,23817,69451.89,19856.3,71.41,False
TXN_100646,13237,23224,39367.17,11262.95,71.39,False
TXN_110072,12171,22504,25451.99,7281.81,71.39,True
TXN_109651,11570,22141,35553.75,10171.93,71.39,False
TXN_103765,14045,24308,82225.55,23532.95,71.38,False
TXN_102206,12191,22920,36652.32,10489.89,71.38,False
TXN_101007,15043,23305,54268.63,15537.11,71.37,False
TXN_104135,12526,25949,33977.5,9727.76,71.37,False
TXN_101609,15704,20956,24228.6,6936.65,71.37,False
TXN_111334,10266,21533,89822.14,25725.06,71.36,False
TXN_105031,10957,23488,34649.42,9927.06,71.35,False
TXN_104006,14427,21987,52569.41,15061.14,71.35,False
TXN_101796,12845,20017,36632.09,10495.09,71.35,False
TXN_101708,13739,21171,86154.19,24691.79,71.34,False
TXN_100487,13357,22505,34931.05,10011.24,71.34,False
TXN_107187,15860,22460,65724.84,18836.74,71.34,False
TXN_110697,12256,22145,29233.17,8384.07,71.32,False
TXN_108592,15701,23459,58958.35,16909.25,71.32,True
TXN_107672,10655,23356,34463.94,9884.26,71.32,True
TXN_101200,11646,22496,41209.43,11822.99,71.31,False
TXN_107761,13935,22534,41894.47,12019.52,71.31,False
TXN_102107,12845,24746,60653.17,17401.39,71.31,True
TXN_107031,10146,21666,48818.31,14005.97,71.31,False
TXN_110976,11649,20507,56229.94,16137.99,71.3,True
TXN_105997,13399,24189,39116.5,11226.44,71.3,False
TXN_100260,14737,20970,20419.47,5860.39,71.3,False
TXN_100944,11977,24273,42454.27,12192.87,71.28,False
TXN_102120,12290,20175,26996.39,7753.36,71.28,False
TXN_101185,13057,21117,48754.69,14007.22,71.27,False
TXN_111820,10661,22543,47081.81,13531.31,71.26,False
TXN_108218,14162,22704,82794.65,23795.18,71.26,False
TXN_108478,14767,20985,63758.1,18330.45,71.25,False
TXN_111737,13791,20920,14799.44,4254.84,71.25,False
TXN_109176,15162,25608,76356.49,21952.49,71.25,False
TXN_107585,15093,21498,25388.4,7306.78,71.22,False
TXN_104343,15755,24116,37330.23,10747.37,71.21,False
TXN_100296,13184,24419,40316.0,11611.01,71.2,False
TXN_100087,10879,24190,41189.32,11866.64,71.19,True
TXN_100901,15176,22191,69923.18,20158.85,71.17,False
TXN_110249,13347,22398,47260.45,13625.19,71.17,False
TXN_110680,14299,25242,22226.53,6407.91,71.17,False
TXN_110080,11937,24347,74903.7,21594.74,71.17,False
TXN_105084,14997,25113,50369.76,14526.64,71.16,False
TXN_110202,13353,23048,18791.74,5419.54,71.16,False
TXN_110734,15688,22661,22698.19,6548.43,71.15,False
TXN_106025,12078,21774,52717.78,15219.62,71.13,False
TXN_107413,13241,24698,29528.44,8524.86,71.13,False
TXN_109319,14134,24938,33611.83,9703.74,71.13,False
TXN_104578,15529,24071,32840.63,9484.37,71.12,False
TXN_100716,15646,21037,76469.04,22084.26,71.12,False
TXN_110182,14478,23176,867.39,250.59,71.11,False
TXN_102036,14006,22544,68787.7,19879.65,71.1,True
TXN_101378,12542,23329,36224.48,10468.87,71.1,True
TXN_102364,14840,21099,26342.68,7615.67,71.09,False
TXN_107986,10404,22900,66691.39,19287.15,71.08,False
TXN_107225,14462,20521,84520.89,24443.44,71.08,False
TXN_111634,10732,24008,60912.04,17621.85,71.07,False
TXN_108465,11558,22816,72360.38,20933.86,71.07,False
TXN_109156,11071,22493,35805.4,10362.08,71.06,False
TXN_111636,14298,25867,62988.57,18247.79,71.03,True
TXN_105704,14241,24761,16997.28,4924.11,71.03,False
TXN_110849,13811,24074,57631.51,16701.61,71.02,False
TXN_102050,14934,20722,27259.55,7902.54,71.01,False
TXN_109241,13111,24121,73822.13,21408.42,71.0,False
TXN_104082,12646,25722,59031.05,17124.91,70.99,False
TXN_110187,14492,24385,80734.68,23421.13,70.99,True
TXN_108174,13740,21284,9826.94,2851.78,70.98,False
TXN_109872,13154,24775,14398.17,4182.67,70.95,False
TXN_100482,14250,24550,87340.06,25372.29,70.95,False
TXN_102851,13260,22079,64259.97,18667.52,70.95,False
TXN_111401,14319,24637,42046.97,12218.85,70.94,False
TXN_103699,15443,24481,35209.04,10231.75,70.94,False
TXN_107136,10438,22604,53184.77,15460.81,70.93,False
TXN_109115,14467,25454,40711.58,11838.93,70.92,False
TXN_111780,15725,23229,41802.5,12156.17,70.92,True
TXN_106668,12297,22818,52830.72,15363.17,70.92,False
TXN_106238,11244,20253,82345.76,23954.38,70.91,False
TXN_111985,13656,23942,48808.03,14203.14,70.9,False
TXN_110998,14575,22653,66933.32,19477.6,70.9,False
TXN_109803,14835,21365,15306.36,4457.21,70.88,False
TXN_105146,13876,21124,45864.32,13360.28,70.87,False
TXN_104784,12411,23394,27084.38,7889.68,70.87,False
TXN_105616,15558,23912,49323.65,14372.91,70.86,False
TXN_111832,11898,24438,38886.69,11331.58,70.86,False
TXN_106277,13570,23975,80663.54,23513.42,70.85,False
TXN_108939,12234,20018,58568.16,17072.62,70.85,False
TXN_103788,10974,24041,63744.85,18581.62,70.85,False
TXN_111755,11693,23367,38140.69,11118.01,70.85,False
TXN_111273,13912,21850,62133.98,18118.27,70.84,False
TXN_102630,10776,24464,13764.7,4013.79,70.84,False
TXN_110318,10985,23290,42990.99,12536.17,70.84,False
TXN_102576,15694,21117,48754.69,14221.74,70.83,True
TXN_106327,10502,23418,63153.57,18421.9,70.83,False
TXN_103918,13172,22702,64154.78,18720.36,70.82,False
TXN_106213,10299,23678,62606.48,18268.57,70.82,False
TXN_109911,11440,24605,60489.97,17657.02,70.81,False
TXN_103244,12947,20612,78338.68,22874.89,70.8,False
TXN_111076,10067,24115,32992.48,9637.1,70.79,False
TXN_110462,10910,25193,29256.06,8545.7,70.79,False
TXN_108777,12025,25945,41259.81,12051.99,70.79,False
TXN_108586,14127,25833,55614.24,16250.48,70.78,False
TXN_100027,12905,22008,54399.46,15895.52,70.78,False
TXN_109744,13274,23457,44280.98,12938.9,70.78,False
TXN_101167,10363,25548,58136.86,16993.4,70.77,False
TXN_101082,14228,22560,54331.29,15881.04,70.77,False
TXN_109022,12073,24943,58598.36,17128.3,70.77,False
TXN_100535,13499,20988,67146.37,19633.6,70.76,False
TXN_106774,11175,23316,76494.76,22374.72,70.75,False
TXN_102199,10455,21953,13229.93,3871.08,70.74,False
TXN_111367,14523,20789,18297.98,5355.82,70.73,False
TXN_105011,13760,20125,63087.86,18465.82,70.73,False
TXN_103214,14941,23591,76946.07,22522.11,70.73,False
TXN_106188,11645,23326,77836.19,22782.65,70.73,False
TXN_101291,14874,23359,32541.64,9528.19,70.72,False
TXN_109239,10793,25690,18562.62,5435.14,70.72,False
TXN_111569,11259,25189,67105.73,19648.56,70.72,False
TXN_104490,12370,24924,41850.78,12258.09,70.71,False
TXN_100496,13060,24693,50510.66,14794.57,70.71,False
TXN_104116,12002,22701,23702.44,6944.81,70.7,True
TXN_108898,15618,20796,77319.42,22662.32,70.69,False
TXN_103068,11578,21268,53842.18,15781.14,70.69,False
TXN_101089,11864,21193,43050.86,12622.51,70.68,False
TXN_108138,15211,20816,60835.3,17842.99,70.67,False
TXN_106695,14441,20539,60675.27,17796.06,70.67,False
TXN_110658,11713,25561,85008.61,24941.53,70.66,False
TXN_110740,10139,24177,72796.81,21365.86,70.65,False
TXN_105173,12260,23678,62606.48,18375.0,70.65,False
TXN_102441,11524,23702,37277.0,10944.53,70.64,False
TXN_100886,14778,25688,45985.51,13501.35,70.64,False
TXN_105261,15209,21401,29139.43,8555.34,70.64,False
TXN_109645,13743,24113,41628.27,12222.06,70.64,False
TXN_110583,10107,22245,62767.76,18428.61,70.64,False
TXN_107633,14285,22986,9103.83,2673.79,70.63,False
TXN_106838,13198,20920,14799.44,4349.56,70.61,False
TXN_104572,11819,24302,74215.45,21819.34,70.6,False
TXN_109654,11867,24917,29893.45,8788.67,70.6,False
TXN_109656,10706,24942,31013.8,9118.06,70.6,True
TXN_102318,14146,22729,63755.17,18750.4,70.59,False
TXN_104969,14887,21635,40302.16,11852.87,70.59,False
TXN_107181,13175,24073,59180.35,17404.94,70.59,False
TXN_102292,11799,20477,60900.42,17916.9,70.58,False
TXN_102712,14041,23544,52484.78,15441.02,70.58,True
TXN_111815,15558,23628,51972.66,15295.55,70.57,False
TXN_109067,10059,22537,31623.2,9306.71,70.57,False
TXN_107220,13189,21705,46954.83,13823.5,70.56,False
TXN_103944,15164,22061,63024.53,18554.42,70.56,False
TXN_110645,13575,23254,45573.39,13421.36,70.55,False
TXN_100622,12157,21479,40593.86,11954.89,70.55,False
TXN_108078,14276,25659,34986.88,10307.13,70.54,False
TXN_101332,13453,21010,18039.31,5316.18,70.53,False
TXN_100071,15226,22348,60844.76,17937.04,70.52,False
TXN_100693,10929,25405,63221.81,18644.11,70.51,False
TXN_109012,12666,24192,20826.0,6141.59,70.51,False
TXN_104236,14558,22504,25451.99,7505.79,70.51,False
TXN_111191,13083,24271,15011.5,4428.39,70.5,False
TXN_107226,14705,23577,58941.06,17393.51,70.49,False
TXN_111210,13932,20194,35148.61,10372.35,70.49,False
TXN_104491,10518,24283,15811.38,4667.52,70.48,False
TXN_101878,13567,24561,50915.63,15030.29,70.48,False
TXN_110396,14760,23991,66629.62,19675.73,70.47,False
TXN_106528,14564,22799,33978.21,10033.77,70.47,False
TXN_111075,15701,24660,48226.9,14246.23,70.46,True
TXN_106737,10788,22576,19725.2,5828.8,70.45,False
TXN_110017,12805,25331,39810.97,11764.14,70.45,False
TXN_102090,11656,25209,27479.53,8120.2,70.45,False
TXN_100750,10925,21475,45773.37,13526.03,70.45,False
TXN_107308,14244,23697,56965.22,16850.31,70.42,False
TXN_107754,13065,20772,58104.35,17187.27,70.42,False
TXN_106832,11031,25418,73071.74,21614.62,70.42,False
TXN_109618,12687,23160,43948.64,13004.4,70.41,False
TXN_110124,13273,22803,24305.54,7192.01,70.41,False
TXN_109503,13235,23656,66876.62,19802.17,70.39,False
TXN_111808,12592,23081,34595.97,10243.87,70.39,False
TXN_103428,13053,20998,34056.06,10084.0,70.39,False
TXN_107491,12087,24486,42097.24,12473.41,70.37,False
TXN_100286,11697,24032,9004.45,2668.02,70.37,False
TXN_103912,13238,20104,40734.66,12073.75,70.36,False
TXN_106828,11297,23713,30910.53,9168.06,70.34,False
TXN_107981,12766,22178,92873.39,27546.25,70.34,True
TXN_103151,11900,20336,67214.52,19949.27,70.32,False
TXN_110903,10912,23455,53577.05,15917.74,70.29,False
TXN_111223,14089,24645,43625.94,12961.27,70.29,False
TXN_111045,11331,22835,27754.92,8245.99,70.29,False
TXN_110041,12948,23231,87923.09,26130.74,70.28,False
TXN_100795,14179,22897,29311.01,8714.16,70.27,False
TXN_105690,12935,21058,81481.52,24224.46,70.27,False
TXN_102795,13138,23524,38143.47,11340.05,70.27,False
TXN_108167,12736,25787,37276.02,11085.89,70.26,False
TXN_106384,11548,25297,48388.28,14390.67,70.26,False
TXN_103665,14960,20125,63087.86,18768.64,70.25,False
TXN_101923,10635,21421,51266.55,15256.93,70.24,False
TXN_111553,10155,20169,48086.0,14310.39,70.24,False
TXN_106740,13842,20672,30371.87,9038.67,70.24,False
TXN_110410,14325,25290,28866.48,8593.55,70.23,False
TXN_101364,14832,23954,70948.11,21128.35,70.22,False
TXN_105226,13158,22608,32314.24,9623.18,70.22,True
TXN_107654,11869,20138,22065.46,6571.09,70.22,False
TXN_103376,11160,25868,33883.19,10097.19,70.2,False
TXN_102637,12149,25563,24211.58,7217.47,70.19,False
TXN_100139,11485,20689,39669.02,11825.33,70.19,False
TXN_109647,12957,24566,66626.99,19868.17,70.18,False
TXN_108825,13320,23597,28304.42,8440.38,70.18,False
TXN_102313,11073,25667,49041.98,14634.13,70.16,False
TXN_109527,13771,25032,41796.4,12476.23,70.15,False
TXN_107543,10943,25560,86409.44,25793.22,70.15,False
TXN_107277,11717,22707,66701.71,19917.13,70.14,False
TXN_105887,10465,22798,89864.51,26842.53,70.13,False
TXN_102802,12650,25469,66869.5,19973.92,70.13,False
TXN_102986,12540,22252,66725.22,19930.82,70.13,True
TXN_105096,13979,20066,31025.48,9267.31,70.13,False
TXN_103967,13260,24781,53314.56,15930.39,70.12,False
TXN_111964,10074,22385,23593.94,7049.87,70.12,False
TXN_103324,11574,23169,60603.79,18108.41,70.12,False
TXN_101099,12713,23658,66040.83,19739.6,70.11,False
TXN_101566,10245,22922,28263.94,8448.09,70.11,False
TXN_108280,10438,20205,30038.82,8978.6,70.11,False
TXN_101489,10710,25972,61859.24,18495.91,70.1,False
TXN_109278,10225,23336,38943.1,11651.78,70.08,False
TXN_105849,15568,21836,75955.62,22733.52,70.07,False
TXN_109898,14945,20784,52401.8,15689.1,70.06,False
TXN_107612,15263,21965,24997.46,7484.24,70.06,False
TXN_105776,11236,23673,61155.83,18316.17,70.05,False
TXN_107899,10758,21196,29420.23,8811.36,70.05,False
TXN_107269,12295,24578,44901.17,13452.39,70.04,False
TXN_107366,13428,24949,51887.12,15545.38,70.04,False
TXN_107100,10897,24283,15811.38,4738.67,70.03,False
TXN_108802,14857,22805,38558.4,11555.95,70.03,False
TXN_108833,14363,24005,50983.65,15290.0,70.01,False
TXN_105773,14553,25670,33960.58,10184.78,70.01,False
TXN_102151,15239,24241,70445.41,21133.62,70.0,False
TXN_108429,14000,20763,72599.38,21779.81,70.0,False
TXN_108994,14355,22978,50402.41,15120.72,70.0,False
TXN_108378,14724,24865,56568.2,16976.12,69.99,False
TXN_111557,14081,24122,87543.42,26280.53,69.98,False
TXN_108020,11102,21923,48416.38,14534.6,69.98,False
TXN_104566,14714,21553,37847.45,11361.8,69.98,False
TXN_101464,11459,22512,78520.04,23571.72,69.98,False
TXN_101591,14495,24453,61813.7,18562.65,69.97,False
TXN_106962,12551,24201,10897.04,3273.47,69.96,False
TXN_103291,12316,20373,30975.65,9305.09,69.96,False
TXN_111458,11474,21206,61138.58,18366.03,69.96,False
TXN_102494,10095,21557,60948.68,18308.98,69.96,False
TXN_100659,11156,22442,80426.92,24168.29,69.95,False
TXN_105396,11648,23064,74570.1,22408.32,69.95,False
TXN_101048,12825,20713,70948.79,21327.21,69.94,False
TXN_111220,15915,24935,34836.28,10471.79,69.94,False
TXN_110110,15445,20549,16599.59,4989.84,69.94,False
TXN_106281,10921,22393,60880.5,18306.77,69.93,False
TXN_100912,11277,24720,40818.88,12278.32,69.92,False
TXN_103656,11961,22705,35234.37,10602.02,69.91,False
TXN_107433,10642,22617,31035.13,9341.57,69.9,False
TXN_100389,11410,21880,58176.21,17511.04,69.9,False
TXN_109074,10123,25975,65238.64,19643.35,69.89,False
TXN_110347,13433,20105,70486.0,21237.43,69.87,False
TXN_101896,15792,24577,91201.96,27479.15,69.87,False
TXN_105824,12416,22779,5019.12,1512.76,69.86,False
TXN_106958,13200,24151,61539.58,18548.03,69.86,False
TXN_101695,11313,21834,29314.72,8838.39,69.85,False
TXN_110305,13271,20747,71324.06,21504.2,69.85,False
TXN_105303,11882,24695,60488.93,18243.46,69.84,False
TXN_107926,10209,21416,63506.37,19159.87,69.83,False
TXN_107735,10991,24843,72353.16,21828.95,69.83,False
TXN_111178,14100,20757,31804.71,9595.48,69.83,False
TXN_105985,12364,22952,34923.11,10536.3,69.83,False
TXN_111018,10452,20195,47640.82,14378.0,69.82,False
TXN_100343,10816,24375,66722.89,20136.97,69.82,False
TXN_102134,14404,20134,45778.77,13820.61,69.81,False
TXN_109146,11440,22415,49580.98,14973.46,69.8,False
TXN_110580,10482,21448,50771.24,15332.91,69.8,False
TXN_106046,15403,21894,52233.91,15774.64,69.8,False
TXN_111518,15783,23046,23416.41,7071.76,69.8,False
TXN_106367,12431,21952,11437.08,3454.0,69.8,False
TXN_104929,12973,25744,38654.02,11681.24,69.78,False
TXN_107983,13231,22818,52830.72,15970.73,69.77,False
TXN_108336,11565,23235,48656.75,14708.94,69.77,False
TXN_108575,13763,22708,40384.36,12212.23,69.76,True
TXN_103178,10896,20501,63241.77,19130.64,69.75,False
TXN_105279,15840,22131,43196.01,13066.79,69.75,False
TXN_104619,11185,20895,54456.03,16472.95,69.75,False
TXN_101248,14945,22883,11743.76,3554.84,69.73,False
TXN_102594,14799,25775,48293.48,14618.44,69.73,False
TXN_105237,12012,24594,68878.12,20849.41,69.73,False
TXN_103403,11518,20383,66858.24,20244.68,69.72,False
TXN_103683,14700,20982,29565.21,8955.3,69.71,False
TXN_111732,10439,22663,59353.44,17978.16,69.71,False
TXN_110261,13809,20826,55555.52,16827.77,69.71,False
TXN_110012,13421,24793,5703.52,1728.17,69.7,False
TXN_100258,12386,25325,46303.39,14034.56,69.69,True
TXN_108688,12470,23879,49952.71,15140.67,69.69,False
TXN_111070,15741,21067,52826.1,16011.59,69.69,False
TXN_101451,15137,25212,45625.29,13833.59,69.68,False
TXN_110433,14617,22129,68854.11,20890.34,69.66,False
TXN_102762,13755,24620,59919.61,18191.59,69.64,False
TXN_105115,11679,25966,41808.21,12697.15,69.63,False
TXN_108803,14929,22221,24025.32,7298.89,69.62,False
TXN_110617,13757,20444,38451.36,11685.37,69.61,False
TXN_102901,13472,20547,15308.8,4652.34,69.61,False
TXN_110718,15094,23508,78233.38,23775.12,69.61,True
TXN_100136,10207,21919,60661.49,18435.03,69.61,False
TXN_111863,11667,23310,65804.73,20011.22,69.59,False
TXN_106413,10891,20965,55146.76,16770.13,69.59,False
TXN_100274,13724,25820,38055.88,11576.6,69.58,False
TXN_103571,14341,25555,15370.92,4675.83,69.58,False
TXN_103065,13971,25093,33407.86,10162.67,69.58,False
TXN_104974,12553,20965,55146.76,16775.64,69.58,False
TXN_103610,11557,23759,26856.56,8183.19,69.53,False
TXN_107695,14003,25531,55955.94,17060.97,69.51,False
TXN_100966,11762,21157,78157.46,23838.03,69.5,False
TXN_103083,15417,23841,16211.55,4944.52,69.5,False
TXN_111329,13334,20898,34010.01,10376.45,69.49,False
TXN_105496,14306,24037,76920.67,23483.88,69.47,False
TXN_106382,15662,20846,7616.69,2325.38,69.47,False
TXN_101649,11291,23033,36519.79,11149.49,69.47,False
TXN_109534,12739,20783,66175.69,20210.06,69.46,False
TXN_108076,12818,20940,34593.08,10564.73,69.46,False
TXN_104191,13675,22335,53305.87,16290.27,69.44,False
TXN_106476,10557,23523,10586.47,3236.28,69.43,False
TXN_110747,11750,25995,53799.52,16446.51,69.43,False
TXN_109542,11659,22765,25170.94,7697.27,69.42,False
TXN_111537,13436,25806,29461.96,9009.47,69.42,False
TXN_102410,12666,24505,56996.8,17429.62,69.42,True
TXN_107163,13619,20790,38160.97,11673.44,69.41,True
TXN_105010,10690,23063,84680.34,25912.18,69.4,True
TXN_105075,15396,23438,62091.73,19000.07,69.4,False
TXN_108216,11126,20914,40717.81,12459.65,69.4,False
TXN_106842,13455,25674,4099.47,1254.44,69.4,False
TXN_111658,14824,21731,17291.95,5293.07,69.39,False
TXN_108131,12489,24190,41189.32,12616.29,69.37,False
TXN_103668,15348,24576,28842.62,8834.49,69.37,True
TXN_106472,14271,22590,52891.98,16200.81,69.37,False
TXN_102937,12857,25319,30296.23,9279.74,69.37,False
TXN_100649,13720,24672,45348.06,13894.65,69.36,False
TXN_101043,10321,23970,67469.31,20679.34,69.35,False
TXN_111097,12820,20559,69712.18,21366.78,69.35,False
TXN_110282,15388,22087,72391.12,22187.88,69.35,False
TXN_103219,12455,23330,24089.96,7385.98,69.34,False
TXN_105888,14472,23121,34519.47,10583.67,69.34,True
TXN_108122,13784,24189,39116.5,11993.12,69.34,False
TXN_110472,13921,23831,28876.48,8859.3,69.32,False
TXN_103390,15464,25826,49184.03,15094.58,69.31,False
TXN_110608,14109,22591,68947.66,21160.04,69.31,False
TXN_108375,11236,23314,51221.03,15724.86,69.3,False
TXN_105291,10187,20241,69136.35,21224.86,69.3,False
TXN_102484,15525,22164,47794.96,14673.05,69.3,False
TXN_105580,11687,23111,52431.14,16106.85,69.28,False
TXN_100239,11148,25044,52341.23,16079.23,69.28,False
TXN_110547,10839,23942,48808.03,14993.83,69.28,True
TXN_108506,11130,21182,34135.43,10489.82,69.27,False
TXN_103414,14680,21263,67186.83,20659.95,69.25,False
TXN_109279,15834,22647,30508.46,9381.35,69.25,False
TXN_110058,10783,25489,73850.05,22716.28,69.24,False
TXN_110582,12638,25701,36111.0,11107.74,69.24,False
TXN_105558,13215,20794,37624.04,11573.15,69.24,False
TXN_108316,10549,20618,54156.46,16669.36,69.22,False
TXN_104162,12504,22605,41763.38,12858.94,69.21,False
TXN_106220,14876,24445,42798.54,13177.67,69.21,False
TXN_109746,15782,23840,62681.68,19299.69,69.21,False
TXN_110787,12841,24941,73719.25,22705.53,69.2,False
TXN_109463,13739,24709,44636.42,13752.48,69.19,False
TXN_107334,14826,21114,43271.29,13336.21,69.18,False
TXN_103135,12244,25487,65806.58,20281.59,69.18,True
TXN_104121,10797,25148,83823.86,25834.51,69.18,False
TXN_100631,14331,21867,72127.01,22236.76,69.17,False
TXN_106543,13341,21951,48458.26,14939.68,69.17,False
TXN_102546,13566,23198,60233.16,18569.88,69.17,False
TXN_110480,11404,22857,45692.31,14096.08,69.15,False
TXN_105322,10720,24910,28687.14,8852.85,69.14,False
TXN_106876,10967,25212,45625.29,14079.96,69.14,False
TXN_107347,11103,24629,47684.67,14715.49,69.14,False
TXN_111999,15046,24986,89617.99,27665.07,69.13,False
TXN_100929,15123,21259,37508.28,11578.81,69.13,False
TXN_110660,11363,20894,33842.35,10447.13,69.13,False
TXN_109771,11876,24340,4267.73,1317.88,69.12,False
TXN_102062,14556,25849,14712.6,4544.72,69.11,False
TXN_107083,11318,25764,25971.46,8022.58,69.11,False
TXN_111786,14766,20161,60608.23,18721.88,69.11,False
TXN_100689,11215,20098,38987.89,12047.26,69.1,False
TXN_109828,14073,23490,36631.98,11319.28,69.1,False
TXN_108588,14226,21868,86847.48,26844.56,69.09,False
TXN_105243,11448,21743,50765.46,15691.6,69.09,False
TXN_108840,13999,23691,55759.51,17246.42,69.07,False
TXN_105592,13309,21743,50765.46,15711.91,69.05,False
TXN_105276,13803,23056,47541.67,14718.9,69.04,False
TXN_102311,12632,23869,42021.67,13009.91,69.04,True
TXN_107039,10052,24603,23645.04,7320.5,69.04,False
TXN_109412,12463,25412,14373.25,4449.96,69.04,False
TXN_107262,10157,20454,50701.49,15702.25,69.03,False
TXN_107215,12122,21013,64344.39,19927.46,69.03,False
TXN_103432,11876,21463,73342.25,22721.43,69.02,False
TXN_101026,11574,25508,45574.51,14118.98,69.02,False
TXN_105015,10366,24258,69370.25,21497.84,69.01,True
TXN_105164,11263,22588,64351.14,19942.42,69.01,False
TXN_103473,15798,23332,71197.59,22064.13,69.01,False
TXN_103317,13660,21667,46031.62,14269.8,69.0,False
TXN_102691,10370,23647,47302.98,14668.65,68.99,False
TXN_110448,11245,25800,38789.02,12028.48,68.99,False
TXN_104237,12180,20659,82960.64,25726.09,68.99,False
TXN_104193,12766,23390,17416.42,5400.83,68.99,False
TXN_107289,13427,21125,24388.57,7562.9,68.99,True
TXN_102696,15979,21388,32272.65,10010.98,68.98,False
TXN_109845,15542,22854,58858.55,18257.92,68.98,False
TXN_100833,12151,23124,20676.79,6418.08,68.96,False
TXN_107294,11070,23659,47881.76,14862.5,68.96,False
TXN_103878,14527,20238,11308.91,3511.42,68.95,False
TXN_100565,13147,25999,43971.31,13653.09,68.95,True
TXN_100123,12732,22027,27013.5,8387.69,68.95,False
TXN_100805,14584,21971,28774.34,8937.31,68.94,False
TXN_103897,15778,22653,66933.32,20789.49,68.94,False
TXN_107417,10963,21186,67636.11,21021.3,68.92,False
TXN_102246,10407,25484,56991.95,17718.8,68.91,False
TXN_111149,13045,20460,40812.86,12688.72,68.91,False
TXN_105273,13104,24132,54241.33,16863.63,68.91,False
TXN_100226,10203,20781,64385.74,20023.97,68.9,False
TXN_109085,13555,21673,70455.69,21911.72,68.9,False
TXN_103337,15612,20041,65661.86,20427.4,68.89,False
TXN_108248,13186,20835,28739.4,8946.58,68.87,False
TXN_105209,12104,23695,27837.04,8665.67,68.87,False
TXN_108624,12148,21024,72843.89,22683.59,68.86,False
TXN_100656,10511,24534,60367.33,18804.42,68.85,False
TXN_105403,13436,22977,74419.06,23181.54,68.85,False
TXN_106844,11308,22158,80354.81,25046.59,68.83,False
TXN_110457,15847,23313,79364.04,24745.71,68.82,False
TXN_105268,12154,24417,56808.58,17712.92,68.82,False
TXN_111880,10082,23712,59463.9,18546.79,68.81,False
TXN_101895,13118,20393,53631.58,16727.69,68.81,False
TXN_102255,13855,25516,10735.52,3348.41,68.81,True
TXN_111739,12199,23211,20149.42,6284.6,68.81,False
TXN_105121,12478,20081,53835.3,16796.61,68.8,False
TXN_103964,14267,23178,24153.49,7538.3,68.79,False
TXN_111423,15142,22634,49688.02,15507.63,68.79,False
TXN_104322,12709,22525,30451.44,9506.94,68.78,False
TXN_105280,10447,23104,81595.05,25482.13,68.77,False
TXN_107815,13368,24376,35378.0,11052.09,68.76,False
TXN_106711,12069,23384,74913.92,23403.11,68.76,False
TXN_107286,15995,20277,21925.62,6851.76,68.75,True
TXN_105160,15867,20798,39618.78,12380.87,68.75,False
TXN_103567,11842,21811,35599.54,11124.86,68.75,False
TXN_105307,13204,21012,28099.51,8783.91,68.74,False
TXN_109609,13201,23607,19079.74,5964.33,68.74,False
TXN_100665,15302,21675,50433.6,15770.59,68.73,False
TXN_103034,13158,22046,5229.9,1635.39,68.73,False
TXN_108542,11556,24342,48671.38,15224.41,68.72,False
TXN_111898,15576,20987,13330.16,4169.67,68.72,False
TXN_110156,11730,20114,34313.75,10733.34,68.72,False
TXN_105030,10299,22251,81036.33,25356.27,68.71,False
TXN_108620,11895,25392,40529.12,12689.67,68.69,False
TXN_106191,15799,24117,50866.98,15926.45,68.69,False
TXN_108675,15739,22365,49221.29,15416.11,68.68,False
TXN_104620,14427,21516,18873.58,5911.21,68.68,False
TXN_100074,14799,24410,51912.64,16264.23,68.67,False
TXN_100949,13597,22069,24344.6,7629.6,68.66,True
TXN_111054,15081,22727,64059.02,20076.1,68.66,False
TXN_106297,10947,23792,33388.84,10467.4,68.65,False
TXN_103987,13463,24760,3038.11,952.75,68.64,False
TXN_111707,15990,23490,36631.98,11487.79,68.64,False
TXN_107204,13566,20003,1442.45,452.5,68.63,False
TXN_103123,10670,23724,57001.45,17887.06,68.62,False
TXN_104907,11956,25445,28108.0,8825.91,68.6,False
TXN_109220,11264,21240,86735.5,27243.62,68.59,False
TXN_108293,13271,22097,11813.56,3710.64,68.59,False
TXN_103073,12427,21658,53154.88,16701.26,68.58,False
TXN_109372,14214,21790,44696.5,14043.64,68.58,False
TXN_106520,13516,21985,48049.93,15102.09,68.57,True
TXN_107621,13735,21823,61607.03,19363.09,68.57,False
TXN_104353,12537,23823,76754.54,24131.63,68.56,False
TXN_108209,14125,24058,58022.61,18242.31,68.56,False
TXN_108870,11705,24605,60489.97,19024.1,68.55,False
TXN_103909,12079,20059,66420.18,20889.15,68.55,False
TXN_109937,12048,25631,8334.15,2621.92,68.54,False
TXN_108809,13072,25804,34667.94,10910.0,68.53,True
TXN_101659,15583,24697,36572.25,11512.94,68.52,False
TXN_110506,13126,22295,29034.03,9142.82,68.51,False
TXN_108428,12503,23433,33197.46,10453.88,68.51,False
TXN_109672,14089,20257,40682.44,12814.97,68.5,False
TXN_100630,10733,22365,49221.29,15509.63,68.49,False
TXN_106660,10028,25807,40134.98,12646.53,68.49,False
TXN_108370,14758,22516,23492.15,7407.07,68.47,False
TXN_110805,11585,22939,59270.4,18693.88,68.46,False
TXN_103238,14250,25902,28301.88,8934.9,68.43,False
TXN_107982,11174,20838,9544.41,3014.12,68.42,False
TXN_105533,12399,20526,54943.62,17351.2,68.42,False
TXN_105746,13385,24503,43599.08,13768.59,68.42,False
TXN_108373,14632,22201,43092.87,13608.73,68.42,False
TXN_111598,11742,21143,53166.53,16789.99,68.42,False
TXN_105433,14235,25993,24052.71,7598.25,68.41,False
TXN_104518,15046,21991,62273.23,19672.11,68.41,False
TXN_104691,15104,23322,63571.44,20082.22,68.41,False
TXN_110761,14322,24363,43844.02,13854.71,68.4,False
TXN_104260,14136,23943,78526.82,24822.33,68.39,False
TXN_110388,13465,20908,7259.03,2294.58,68.39,False
TXN_105191,11095,24188,18051.04,5705.93,68.39,False
TXN_102906,10138,21034,32919.78,10409.23,68.38,False
TXN_100823,11849,20085,59720.68,18883.68,68.38,False
TXN_110902,14560,20665,67338.52,21305.91,68.36,False
TXN_111540,14095,21203,65882.63,20858.44,68.34,False
TXN_104276,14777,21129,68285.98,21619.34,68.34,False
TXN_104423,10659,20494,37768.18,11968.74,68.31,False
TXN_104155,12219,23826,45902.35,14551.04,68.3,False
TXN_111625,11256,23558,32960.4,10448.45,68.3,False
TXN_106721,12648,20248,49124.55,15577.39,68.29,False
TXN_108310,15786,22264,82815.63,26260.84,68.29,False
TXN_109184,12166,21852,30525.36,9685.7,68.27,False
TXN_108333,14312,24717,49421.37,15681.4,68.27,False
TXN_103714,12954,21898,33726.92,10704.92,68.26,False
TXN_102488,14362,24445,42798.54,13588.54,68.25,False
TXN_108303,13374,20883,59360.65,18847.01,68.25,False
TXN_108139,14846,22641,41154.93,13066.69,68.25,False
TXN_111352,11285,23020,86412.98,27462.05,68.22,False
TXN_110983,13140,25248,46252.31,14703.61,68.21,False
TXN_111225,11032,20221,34829.87,11072.42,68.21,False
TXN_101582,13501,24398,42216.28,13424.78,68.2,False
TXN_108854,13605,20406,26906.28,8558.89,68.19,False
TXN_111918,13396,23404,45012.71,14323.04,68.18,False
TXN_105636,14857,22860,59706.4,18998.58,68.18,False
TXN_104807,14341,22610,55397.86,17627.6,68.18,False
TXN_108035,15496,25478,67354.96,21439.08,68.17,False
TXN_101506,13158,24069,56539.69,18002.24,68.16,False
TXN_108685,13738,22611,53730.78,17107.88,68.16,False
TXN_101975,11990,23365,52389.36,16686.01,68.15,False
TXN_102585,12386,22832,36482.88,11619.8,68.15,False
TXN_105815,10125,22318,31471.42,10023.65,68.15,False
TXN_109925,14898,20024,72352.3,23051.44,68.14,False
TXN_104853,14995,24957,43612.1,13894.82,68.14,False
TXN_106355,15038,25085,27876.82,8881.55,68.14,False
TXN_103013,15801,20301,39187.44,12485.12,68.14,False
TXN_104016,10195,23045,73310.28,23356.66,68.14,False
TXN_109875,10865,21256,82435.64,26272.24,68.13,False
TXN_102061,15544,23034,53794.46,17144.29,68.13,False
TXN_105889,11828,20677,55365.96,17650.67,68.12,False
TXN_101863,10117,25394,57636.86,18374.63,68.12,False
TXN_108385,15078,21159,62522.38,19932.13,68.12,False
TXN_108794,14602,25808,30798.06,9824.58,68.1,False
TXN_108228,13484,23744,80530.49,25689.23,68.1,False
TXN_102624,14096,23504,70816.32,22590.41,68.1,False
TXN_111858,11674,23518,27737.39,8853.77,68.08,False
TXN_108029,12380,21020,32496.59,10372.91,68.08,True
TXN_102914,13921,21697,53935.86,17216.33,68.08,False
TXN_110176,11729,24204,67241.44,21470.19,68.07,False
TXN_103371,15094,23603,61070.48,19499.8,68.07,False
TXN_105050,12851,21609,66625.06,21273.38,68.07,False
TXN_109968,11528,23311,29544.13,9433.44,68.07,False
TXN_110863,15751,21153,73090.09,23352.28,68.05,False
TXN_107891,10258,25473,38482.35,12295.11,68.05,False
TXN_106751,15086,22091,38970.48,12451.07,68.05,False
TXN_106263,10381,20270,41460.77,13255.01,68.03,False
TXN_107967,12043,20728,57759.24,18471.4,68.02,False
TXN_110726,15889,23135,47700.7,15254.68,68.02,False
TXN_100861,14301,22558,43800.56,14007.42,68.02,False
TXN_106240,15352,21467,38005.06,12157.82,68.01,False
TXN_104674,13770,20720,67050.74,21456.24,68.0,False
TXN_102584,10242,25004,53899.33,17253.18,67.99,False
TXN_107105,15800,24405,16783.95,5377.58,67.96,False
TXN_101874,12014,21704,82004.06,26282.3,67.95,False
TXN_103459,11997,21287,63280.4,20281.37,67.95,False
TXN_100619,11168,24002,69513.7,22279.14,67.95,False
TXN_109615,14632,24492,67288.68,21566.02,67.95,False
TXN_110881,13961,22321,63016.73,20196.86,67.95,False
TXN_105759,12398,22252,66725.22,21392.11,67.94,False
TXN_107840,10983,22626,91618.92,29373.03,67.94,False
TXN_110010,14265,20524,53647.0,17209.96,67.92,False
TXN_103181,10931,20970,20419.47,6550.57,67.92,False
TXN_103537,11443,23553,75085.38,24094.9,67.91,False
TXN_102675,13840,23036,36680.29,11770.71,67.91,False
TXN_102113,15281,24053,26590.37,8532.85,67.91,False
TXN_109416,11980,21962,29670.91,9521.4,67.91,False
TXN_102871,14279,25786,21918.8,7033.74,67.91,False
TXN_104105,11891,23964,70429.98,22600.98,67.91,False
TXN_108146,11788,25410,60933.52,19559.66,67.9,False
TXN_103280,15896,25295,32564.69,10459.78,67.88,False
TXN_108402,11295,23888,20814.31,6691.8,67.85,False
TXN_106302,10506,25336,46452.01,14934.32,67.85,False
TXN_101746,11248,20724,30341.8,9754.89,67.85,False
TXN_103551,11464,23768,25829.25,8304.1,67.85,False
TXN_106115,14806,21660,17553.65,5647.01,67.83,False
TXN_110589,10866,23601,42091.86,13540.95,67.83,False
TXN_110054,14429,23995,40396.64,12999.64,67.82,False
TXN_101083,10601,24158,14079.04,4532.04,67.81,False
TXN_107965,15158,21767,69926.11,22509.21,67.81,False
TXN_110000,13974,24528,26826.27,8640.74,67.79,False
TXN_108721,11418,25463,28796.1,9278.1,67.78,False
TXN_101705,15290,21632,51768.9,16690.29,67.76,False
TXN_107861,13395,21585,44130.8,14227.77,67.76,False
TXN_109867,14567,20956,24228.6,7811.3,67.76,False
TXN_106546,10850,21548,73312.87,23643.4,67.75,False
TXN_107561,15113,24045,43207.36,13934.37,67.75,False
TXN_104960,14491,22064,36653.44,11824.4,67.74,False
TXN_104795,10946,23460,82906.67,26745.69,67.74,True
TXN_106500,14057,20638,29702.78,9585.09,67.73,False
TXN_110963,12983,23255,44035.76,14214.74,67.72,False
TXN_106667,13403,22473,72506.87,23405.22,67.72,False
TXN_101220,10386,24188,18051.04,5828.68,67.71,False
TXN_108062,14569,23229,41802.5,13498.03,67.71,False
TXN_109226,12414,25210,40315.61,13021.94,67.7,False
TXN_103108,13691,23469,40551.74,13098.21,67.7,False
TXN_106863,10191,21742,55290.28,17864.29,67.69,False
TXN_111708,11505,20332,25096.97,8108.83,67.69,False
TXN_104477,11550,22496,41209.43,13318.89,67.68,False
TXN_102040,11526,23554,38694.76,12506.15,67.68,False
TXN_110896,11346,22765,25170.94,8137.76,67.67,True
TXN_105766,12054,21730,41737.4,13493.7,67.67,False
TXN_102460,11443,24376,35378.0,11441.25,67.66,True
TXN_103313,15128,22952,34923.11,11297.63,67.65,False
TXN_102834,11081,21655,23339.75,7550.41,67.65,False
TXN_104917,13793,22024,69666.28,22544.01,67.64,False
TXN_102195,15451,25708,45468.45,14718.14,67.63,False
TXN_109641,11420,23878,33637.32,10888.4,67.63,False
TXN_102158,14684,24004,27737.12,8981.28,67.62,False
TXN_105290,13780,25376,75743.87,24525.87,67.62,False
TXN_105588,14299,21562,24218.47,7851.63,67.58,False
TXN_102972,12298,22845,62058.47,20119.36,67.58,False
TXN_101595,11829,24177,72796.81,23615.29,67.56,False
TXN_103282,14009,20801,73862.8,23968.48,67.55,False
TXN_110895,11445,25270,24592.7,7982.79,67.54,False
TXN_104173,12788,22447,61396.24,19929.22,67.54,False
TXN_103677,12809,24152,52565.11,17067.89,67.53,False
TXN_111040,13937,24782,51989.24,16880.91,67.53,False
TXN_108609,10313,22586,86887.69,28221.12,67.52,True
TXN_106428,14240,20577,32572.86,10579.66,67.52,False
TXN_100969,12363,25719,74895.37,24333.51,67.51,False
TXN_105229,15458,20006,40595.49,13189.47,67.51,False
TXN_104215,11217,25692,41626.7,13524.51,67.51,False
TXN_102349,13907,21650,59855.14,19452.92,67.5,False
TXN_100102,12696,21862,57133.01,18573.94,67.49,False
TXN_111245,11719,25660,48137.65,15649.55,67.49,False
TXN_105203,13971,22715,89377.28,29065.49,67.48,False
TXN_102651,13898,20154,63226.5,20561.26,67.48,False
TXN_103167,10981,21069,88668.48,28834.99,67.48,False
TXN_106289,10273,24111,69049.96,22475.76,67.45,False
TXN_101165,10346,21214,21585.46,7026.07,67.45,False
TXN_104747,12701,23323,21925.47,7138.93,67.44,False
TXN_105458,10817,22712,10020.1,3262.54,67.44,False
TXN_102094,11391,22510,39202.23,12768.17,67.43,False
TXN_107721,10919,23189,54287.69,17686.93,67.42,False
TXN_101567,14844,24735,39844.49,12981.33,67.42,False
TXN_105257,12154,20420,39303.44,12808.99,67.41,False
TXN_110985,11075,21339,68305.5,22267.59,67.4,False
TXN_108702,14542,25906,21892.57,7136.98,67.4,False
TXN_106862,12717,22461,66209.8,21591.02,67.39,False
TXN_108572,14526,20085,59720.68,19474.91,67.39,False
TXN_111493,10438,22654,11415.81,3723.84,67.38,False
TXN_110027,14812,23751,17189.12,5608.81,67.37,False
TXN_111511,10228,25624,74204.22,24220.26,67.36,False
TXN_101806,15659,23084,73010.78,23830.72,67.36,False
TXN_106181,12077,20036,77883.47,25421.16,67.36,False
TXN_104719,15934,20890,57026.63,18619.19,67.35,False
TXN_110458,10497,25230,62209.76,20311.49,67.35,True
TXN_101208,15032,25971,54415.0,17766.5,67.35,False
TXN_111592,14799,24932,67900.25,22183.01,67.33,False
TXN_109827,15407,23341,46247.91,15109.19,67.33,False
TXN_103880,11630,22393,60880.5,19889.66,67.33,False
TXN_102564,15694,22934,41837.92,13668.45,67.33,False
TXN_110276,12769,20556,50410.0,16468.95,67.33,False
TXN_100620,12617,24200,15843.54,5177.67,67.32,False
TXN_108522,15017,23729,50592.02,16533.47,67.32,True
TXN_103866,13801,25101,69633.08,22756.09,67.32,False
TXN_105405,12432,21361,25567.05,8355.31,67.32,False
TXN_105249,15463,25586,33622.68,10991.25,67.31,False
TXN_109433,12133,20503,32327.19,10570.99,67.3,False
TXN_104696,12069,23992,70783.26,23153.2,67.29,False
TXN_104848,14435,23568,45339.16,14830.44,67.29,False
TXN_100986,12871,22390,68475.2,22405.09,67.28,False
TXN_102267,13611,21527,37749.22,12355.32,67.27,False
TXN_105890,13029,24895,56988.95,18652.48,67.27,False
TXN_108169,10082,24405,16783.95,5495.07,67.26,False
TXN_107607,15160,24707,56640.06,18543.96,67.26,False
TXN_106225,12714,24620,59919.61,19629.66,67.24,False
TXN_102638,11032,24008,60912.04,19960.88,67.23,False
TXN_100932,12798,24401,61589.17,20188.93,67.22,False
TXN_108205,11018,25737,31048.01,10180.64,67.21,False
TXN_102279,14446,25816,45370.06,14876.84,67.21,False
TXN_104103,13753,22387,63946.72,20974.52,67.2,False
TXN_107059,11408,20519,53920.53,17685.93,67.2,False
TXN_104951,10616,21782,24267.62,7959.78,67.2,False
TXN_108990,11673,23032,60480.54,19837.62,67.2,False
TXN_107979,13484,23561,65995.55,21646.54,67.2,False
TXN_103662,14762,22194,70812.09,23233.45,67.19,False
TXN_109343,13846,22726,58304.08,19129.57,67.19,False
TXN_106600,14080,23526,51397.25,16868.58,67.18,False
TXN_109817,11823,21264,67038.97,22022.3,67.15,False
TXN_107341,12330,20327,76422.05,25104.64,67.15,False
TXN_110818,14944,23810,59631.15,19594.8,67.14,False
TXN_103182,14385,20988,67146.37,22064.3,67.14,False
TXN_108408,11604,21978,84859.56,27893.34,67.13,False
TXN_109171,12005,25204,59097.1,19437.04,67.11,False
TXN_110555,15959,24979,45616.08,15003.13,67.11,False
TXN_104761,14758,24232,66545.7,21886.88,67.11,False
TXN_106786,13085,21616,59814.77,19685.04,67.09,True
TXN_111878,10533,24305,32005.76,10533.1,67.09,False
TXN_101545,15546,20008,34662.2,11410.8,67.08,False
TXN_103297,15887,23320,56500.12,18599.84,67.08,False
TXN_103533,15907,21646,72015.55,23729.12,67.05,True
TXN_107615,12758,21054,39028.46,12863.78,67.04,False
TXN_109710,14917,23048,18791.74,6195.64,67.03,False
TXN_106712,15754,24176,84480.1,27853.09,67.03,False
TXN_101639,14070,25828,62681.66,20666.14,67.03,False
TXN_110889,13642,22499,59830.38,19726.08,67.03,False
TXN_106941,13999,24316,91478.14,30160.34,67.03,False
TXN_109453,13191,20823,26865.96,8860.39,67.02,False
TXN_102789,12521,25683,41278.58,13613.68,67.02,False
TXN_108910,12738,25914,79633.47,26263.12,67.02,False
TXN_101192,13369,22078,45730.16,15086.38,67.01,False
TXN_101735,12065,25461,41098.09,13558.26,67.01,False
TXN_103439,10420,24942,31013.8,10231.45,67.01,False
TXN_104598,10369,20592,51796.86,17087.78,67.01,False
TXN_111237,10833,22691,42877.49,14149.57,67.0,False
TXN_100551,12775,21574,58846.88,19419.47,67.0,False
TXN_109467,14977,25820,38055.88,12562.25,66.99,False
TXN_102111,13829,20189,48232.58,15926.4,66.98,False
TXN_104147,13116,21803,56165.91,18545.98,66.98,False
TXN_105335,15297,25485,51224.48,16919.45,66.97,False
TXN_108360,10637,24979,45616.08,15066.99,66.97,True
TXN_106016,10818,25805,68562.67,22659.96,66.95,False
TXN_111758,10659,22049,44056.32,14560.61,66.95,False
TXN_101769,14800,23887,88583.05,29276.7,66.95,False
TXN_110635,13161,24347,74903.7,24770.65,66.93,False
TXN_103640,13163,25679,33766.63,11170.0,66.92,False
TXN_109035,15022,20451,13908.72,4601.0,66.92,False
TXN_103781,15133,24463,17539.66,5805.63,66.9,False
TXN_102669,11574,20438,16270.47,5387.15,66.89,False
TXN_104686,12982,23331,34625.66,11464.56,66.89,False
TXN_105457,12187,25270,24592.7,8145.1,66.88,False
TXN_100675,14850,20976,76914.78,25474.18,66.88,False
TXN_111448,10024,24439,54112.18,17921.95,66.88,False
TXN_103356,13452,22819,28545.75,9454.35,66.88,False
TXN_103927,15924,21945,60829.14,20158.78,66.86,False
TXN_102285,12360,23256,50778.61,16828.03,66.86,False
TXN_109224,10919,24680,67765.16,22457.37,66.86,False
TXN_100684,11959,24189,39116.5,12963.21,66.86,False
TXN_103556,11901,21877,33060.44,10959.54,66.85,False
TXN_104712,10277,22454,20692.19,6861.53,66.84,False
TXN_101826,13057,25204,59097.1,19602.51,66.83,False
TXN_111171,10977,21376,24276.71,8052.58,66.83,False
TXN_104282,13897,22512,78520.04,26045.1,66.83,False
TXN_104293,15935,21823,61607.03,20441.21,66.82,False
TXN_108735,14838,22714,15542.52,5158.56,66.81,False
TXN_108286,14454,23942,48808.03,16199.39,66.81,False
TXN_103504,15150,23285,93188.51,30929.27,66.81,False
TXN_104737,12309,25036,55768.24,18509.48,66.81,False
TXN_104062,10159,21959,35434.28,11760.64,66.81,False
TXN_100098,12569,23720,72381.48,24023.41,66.81,False
TXN_108109,10173,20694,78851.68,26170.87,66.81,True
TXN_100528,11932,24900,42628.38,14152.62,66.8,False
TXN_105823,12018,24156,18899.39,6276.49,66.79,True
TXN_107170,13735,20308,30728.96,10208.16,66.78,False
TXN_101126,12598,24685,82625.94,27448.34,66.78,False
TXN_101412,12682,24203,61968.38,20585.9,66.78,False
TXN_102723,13360,20821,67456.46,22415.78,66.77,False
TXN_101110,13111,25620,78195.53,25984.37,66.77,False
TXN_103758,12015,20862,46714.93,15528.04,66.76,False
TXN_102503,15773,20297,41678.77,13858.19,66.75,False
TXN_105097,12962,24359,16292.51,5418.89,66.74,False
TXN_105473,11574,21453,20092.12,6686.66,66.72,False
TXN_101038,12220,22911,36587.75,12180.06,66.71,False
TXN_101984,14131,21810,23730.18,7899.78,66.71,False
TXN_103826,14450,23948,1618.34,538.91,66.7,False
TXN_105816,13247,20605,90533.62,30147.7,66.7,False
TXN_110620,12424,23799,50007.74,16657.58,66.69,False
TXN_111459,14889,24853,52082.13,17348.56,66.69,False
TXN_100822,14859,25776,51352.31,17110.59,66.68,False
TXN_104928,11926,25512,67307.71,22426.93,66.68,True
TXN_110769,10257,20421,42094.05,14025.74,66.68,False
TXN_111131,13529,24964,54797.21,18258.43,66.68,False
TXN_110163,12133,20133,49630.5,16541.85,66.67,False
TXN_101551,10546,20056,43924.23,14644.34,66.66,False
TXN_111382,10720,20774,64695.14,21575.83,66.65,False
TXN_105770,13855,22632,49310.62,16445.09,66.65,False
TXN_100980,12564,23203,37607.01,12541.94,66.65,False
TXN_101856,15356,25253,84358.68,28133.62,66.65,False
TXN_110934,12439,20358,88495.63,29522.14,66.64,False
TXN_110031,11125,21902,71027.75,23701.96,66.63,False
TXN_108143,14096,23035,3312.52,1105.39,66.63,False
TXN_104098,11547,23306,61403.97,20490.5,66.63,False
TXN_102128,15343,24472,85594.14,28571.32,66.62,False
TXN_104818,15127,21958,80869.4,26994.21,66.62,False
TXN_100726,11354,20162,27133.32,9059.82,66.61,False
TXN_111710,11375,20645,34654.59,11571.17,66.61,False
TXN_107622,11245,21272,47174.98,15756.44,66.6,False
TXN_102724,10686,20888,7162.43,2392.25,66.6,False
TXN_111251,11170,20998,34056.06,11378.13,66.59,False
TXN_103495,11131,22043,34464.48,11518.03,66.58,False
TXN_111759,14762,22976,72382.98,24190.39,66.58,True
TXN_107806,15150,25226,28080.28,9387.24,66.57,False
TXN_101875,15440,25944,59938.65,20043.48,66.56,False
TXN_103038,14667,25885,76738.87,25669.15,66.55,False
TXN_101029,14235,21005,22467.45,7517.61,66.54,False
TXN_110138,15299,24107,36222.12,12127.17,66.52,False
TXN_109659,11447,22376,32853.15,10999.23,66.52,False
TXN_110283,14692,22713,8825.52,2955.67,66.51,False
TXN_110101,11568,24729,70217.85,23515.96,66.51,False
TXN_107712,12794,25413,79800.88,26725.31,66.51,False
TXN_106390,10405,22344,14116.11,4727.49,66.51,False
TXN_111078,12751,24643,72769.18,24377.68,66.5,False
TXN_103706,11138,21143,53166.53,17810.79,66.5,False
TXN_110640,12649,21954,65130.3,21831.68,66.48,False
TXN_100168,11530,23738,89967.46,30157.09,66.48,False
TXN_107158,14695,25851,37913.04,12712.24,66.47,False
TXN_105310,12893,21647,69196.19,23201.48,66.47,False
TXN_111829,10855,23973,36792.52,12340.21,66.46,False
TXN_100970,10877,25730,31101.6,10437.7,66.44,False
TXN_107200,10667,23070,39385.92,13221.85,66.43,False
TXN_110103,12960,23730,44190.08,14839.03,66.42,False
TXN_105536,15591,21879,45549.59,15300.11,66.41,False
TXN_110127,13743,22457,62359.86,20946.68,66.41,False
TXN_101149,14226,25422,37566.53,12618.6,66.41,True
TXN_107122,15136,20407,54588.92,18352.79,66.38,False
TXN_111920,14271,25551,75478.28,25375.8,66.38,False
TXN_108946,11774,24927,44321.24,14900.8,66.38,False
TXN_107167,10546,21095,19482.21,6551.87,66.37,False
TXN_109004,12511,21064,71436.64,24024.14,66.37,False
TXN_102268,11693,20057,23638.06,7951.84,66.36,False
TXN_105300,15075,20601,7495.13,2521.36,66.36,False
TXN_106573,12935,23571,57537.2,19355.51,66.36,False
TXN_107424,12986,20426,41543.86,13975.35,66.36,False
TXN_107001,14324,23864,73491.25,24729.81,66.35,False
TXN_104214,11914,24004,27737.12,9333.54,66.35,False
TXN_109326,11570,20738,58466.08,19679.68,66.34,False
TXN_104732,12157,24657,28301.6,9526.32,66.34,False
TXN_101021,14209,22766,47208.49,15890.38,66.34,False
TXN_110293,13404,21137,30696.57,10332.47,66.34,False
TXN_107692,10573,20997,55178.46,18589.62,66.31,False
TXN_109998,13035,22319,59106.36,19912.93,66.31,False
TXN_106442,12775,21120,5901.23,1988.12,66.31,False
TXN_105600,10585,25514,29745.13,10024.11,66.3,False
TXN_105271,14775,25319,30296.23,10209.83,66.3,False
TXN_104554,10284,20942,78500.9,26454.8,66.3,False
TXN_110879,14432,23831,28876.48,9731.37,66.3,False
TXN_111590,14996,20096,70757.22,23852.26,66.29,False
TXN_109255,15025,25368,30839.91,10396.13,66.29,False
TXN_106672,11678,25935,40477.6,13645.0,66.29,False
TXN_108991,13676,25638,48102.84,16220.28,66.28,False
TXN_105990,10927,20928,80953.55,27313.73,66.26,True
TXN_111599,13689,23224,39367.17,13282.48,66.26,False
TXN_108404,15899,20571,64974.88,21922.52,66.26,False
TXN_110690,15500,23801,24203.96,8166.42,66.26,False
TXN_104078,15242,22163,63173.47,21314.73,66.26,True
TXN_103596,10365,22501,50425.96,17018.76,66.25,False
TXN_104009,13576,21455,46683.1,15764.88,66.23,False
TXN_103192,12502,21877,33060.44,11164.51,66.23,False
TXN_100024,13386,24984,27305.44,9223.78,66.22,False
TXN_100281,11683,20230,94012.52,31757.43,66.22,False
TXN_106318,10673,21694,28932.7,9776.36,66.21,False
TXN_100945,11297,21430,84474.32,28543.87,66.21,False
TXN_102536,15583,24412,38773.45,13101.55,66.21,False
TXN_111567,13425,22169,35964.17,12152.29,66.21,True
TXN_100958,11494,24192,20826.0,7039.19,66.2,False
TXN_102695,10652,22432,65897.02,22273.19,66.2,False
TXN_111346,15540,24642,48614.77,16436.65,66.19,False
TXN_111213,13508,21887,59119.77,19988.39,66.19,False
TXN_107919,15330,23428,64924.82,21957.57,66.18,False
TXN_103105,15111,25043,25690.92,8688.67,66.18,False
TXN_104488,15789,20293,26417.22,8936.95,66.17,False
TXN_100827,13279,22658,91981.84,31117.46,66.17,False
TXN_111903,15689,25557,27738.77,9384.03,66.17,True
TXN_110262,10142,23662,24901.52,8426.67,66.16,False
TXN_108438,13260,22250,43742.94,14806.99,66.15,False
TXN_107325,13837,22584,7556.25,2560.06,66.12,False
TXN_106845,14995,20582,58211.2,19727.78,66.11,False
TXN_105530,14201,20847,25840.91,8757.48,66.11,False
TXN_101388,13925,25379,28748.69,9745.81,66.1,False
TXN_103837,13415,23322,63571.44,21557.08,66.09,False
TXN_106129,10610,24354,57966.3,19656.37,66.09,False
TXN_104257,12469,21605,34202.68,11604.97,66.07,True
TXN_101310,13676,20670,36878.0,12512.71,66.07,False
TXN_100736,15468,20709,54192.4,18398.32,66.05,False
TXN_101452,15761,24874,70844.16,24058.68,66.04,False
TXN_102031,10940,21777,57399.54,19492.88,66.04,False
TXN_104131,10520,22138,35836.41,12170.04,66.04,False
TXN_110488,13004,21694,28932.7,9828.44,66.03,False
TXN_104994,11364,20078,54785.98,18610.8,66.03,False
TXN_101763,10886,25379,28748.69,9771.68,66.01,False
TXN_106085,15248,24674,54494.79,18522.78,66.01,False
TXN_110587,12633,25055,54733.83,18614.98,65.99,False
TXN_109824,15784,20861,52285.23,17782.21,65.99,False
TXN_104090,12568,21719,47478.92,16152.33,65.98,False
TXN_109599,12731,22198,58119.34,19772.2,65.98,False
TXN_109749,14826,24202,28759.56,9786.88,65.97,False
TXN_100569,12809,23676,24976.49,8499.5,65.97,False
TXN_104671,10063,22157,62591.26,21318.58,65.94,False
TXN_109748,12189,23643,58075.0,19780.34,65.94,False
TXN_103779,14546,20232,13902.07,4736.44,65.93,False
TXN_109700,12917,25017,28756.14,9800.09,65.92,False
TXN_105224,12149,22036,61175.98,20848.77,65.92,False
TXN_110014,14110,25869,70923.2,24170.63,65.92,False
TXN_105437,12554,20034,30566.79,10420.22,65.91,False
TXN_102228,14761,23134,16762.49,5714.33,65.91,False
TXN_104299,15631,24038,82572.42,28157.2,65.9,True
TXN_102745,14331,20291,47827.92,16323.67,65.87,False
TXN_103057,13049,22932,30127.52,10282.52,65.87,False
TXN_104453,11925,25607,48374.64,16515.1,65.86,False
TXN_106773,15607,20143,41175.81,14057.42,65.86,False
TXN_106574,13735,21067,52826.1,18040.11,65.85,False
TXN_109464,11160,21532,33447.73,11422.4,65.85,False
TXN_102728,11568,23085,51644.98,17641.93,65.84,False
TXN_109627,13401,24140,27108.4,9260.23,65.84,False
TXN_104262,13608,25094,74820.3,25566.1,65.83,False
TXN_110919,13027,22441,15311.64,5231.99,65.83,False
TXN_110634,12818,21699,55147.66,18849.47,65.82,False
TXN_100871,12948,25479,63111.5,21571.51,65.82,False
TXN_107838,15944,24098,54237.45,18538.36,65.82,False
TXN_108537,10320,24745,56078.77,19167.72,65.82,False
TXN_101961,11267,25908,52311.73,17885.38,65.81,False
TXN_103196,13831,24377,56498.07,19322.34,65.8,False
TXN_106680,15651,22024,69666.28,23825.87,65.8,False
TXN_107682,12052,22087,72391.12,24765.0,65.79,False
TXN_103260,10934,21598,11213.85,3837.38,65.78,False
TXN_106762,15194,23348,43421.92,14858.98,65.78,False
TXN_109773,14299,24172,33841.03,11583.78,65.77,True
TXN_108132,12786,20576,37220.63,12740.62,65.77,False
TXN_105547,15081,21059,27805.32,9517.76,65.77,False
TXN_108220,15231,20356,88360.74,30263.55,65.75,False
TXN_110862,11846,21658,53154.88,18210.86,65.74,False
TXN_106460,10035,22245,62767.76,21516.79,65.72,False
TXN_100422,13770,20760,59171.39,20283.95,65.72,False
TXN_111742,13177,23667,86354.84,29611.07,65.71,False
TXN_110553,11801,20704,4629.9,1587.59,65.71,True
TXN_103030,16000,22844,68507.45,23491.2,65.71,False
TXN_106686,12750,25844,63536.42,21792.99,65.7,False
TXN_109743,15756,25897,93180.09,31960.77,65.7,False
TXN_107956,15202,21102,82156.38,28179.64,65.7,False
TXN_103134,12401,21164,13666.12,4687.48,65.7,False
TXN_108304,12079,22774,43690.07,14994.43,65.68,True
TXN_100860,15570,23528,28743.95,9867.8,65.67,False
TXN_108096,13687,25322,89930.09,30873.0,65.67,False
TXN_106265,13638,20291,47827.92,16424.11,65.66,False
TXN_101982,15834,22775,59713.63,20511.63,65.65,False
TXN_107040,12411,23205,74633.24,25643.98,65.64,False
TXN_104878,12605,23843,64105.17,22026.54,65.64,False
TXN_104368,13490,22566,32789.26,11272.95,65.62,False
TXN_111865,12196,24937,60904.28,20938.89,65.62,False
TXN_104163,10944,22641,41154.93,14153.18,65.61,False
TXN_104456,12950,20482,92792.24,31920.53,65.6,False
TXN_109691,15247,25524,53767.26,18501.31,65.59,True
TXN_100504,15409,21635,40302.16,13867.97,65.59,False
TXN_105549,15553,23649,85809.79,29544.31,65.57,False
TXN_107507,10025,24995,58081.8,20003.37,65.56,False
TXN_108473,14918,25236,9274.48,3195.06,65.55,False
TXN_104077,13645,25875,57879.79,19939.59,65.55,False
TXN_100211,14738,23375,80492.26,27729.58,65.55,False
TXN_103008,12337,22313,29366.35,10122.58,65.53,False
TXN_101283,12162,21824,52925.68,18243.48,65.53,False
TXN_101504,13991,24020,12021.22,4144.92,65.52,False
TXN_107959,12870,21860,5418.4,1869.35,65.5,False
TXN_111631,10746,25938,83694.96,28874.76,65.5,False
TXN_109520,11525,24316,91478.14,31559.96,65.5,False
TXN_101098,10993,20254,29209.72,10077.35,65.5,False
TXN_100849,12181,21219,23177.78,7998.65,65.49,False
TXN_101322,14278,22401,3069.87,1059.41,65.49,False
TXN_103835,13798,22090,57963.72,20003.28,65.49,False
TXN_104563,13492,20009,22165.38,7651.49,65.48,False
TXN_111296,10999,21675,50433.6,17409.68,65.48,False
TXN_109322,14517,24069,56539.69,19523.15,65.47,False
TXN_102858,10664,20264,58402.22,20172.13,65.46,False
TXN_105577,14835,20509,56762.08,19605.62,65.46,False
TXN_102524,14350,24056,91696.23,31681.05,65.45,False
TXN_105527,10271,24965,44803.57,15479.63,65.45,False
TXN_104594,12260,20474,58390.24,20179.67,65.44,False
TXN_107265,14655,23502,47933.04,16570.45,65.43,False
TXN_107114,13463,25889,58114.1,20090.04,65.43,False
TXN_110665,15319,24054,26991.12,9333.53,65.42,False
TXN_107481,10378,25292,55638.09,19239.65,65.42,False
TXN_110019,11544,22780,59215.21,20476.62,65.42,False
TXN_107316,14295,21651,32586.6,11271.7,65.41,False
TXN_110595,13063,22399,66975.41,23166.79,65.41,False
TXN_100872,11720,24473,44835.84,15513.2,65.4,False
TXN_104085,13295,22548,29542.98,10221.87,65.4,False
TXN_104895,12891,25237,52890.51,18300.12,65.4,False
TXN_108037,13076,21009,48791.0,16886.57,65.39,False
TXN_108130,12580,24236,37474.28,12969.85,65.39,False
TXN_109170,12428,21606,74669.12,25842.98,65.39,True
TXN_104793,10449,25683,41278.58,14294.77,65.37,False
TXN_111228,15757,22726,58304.08,20190.7,65.37,False
TXN_101438,14854,24622,72472.96,25104.63,65.36,False
TXN_107002,13654,23401,19927.19,6904.77,65.35,False
TXN_103314,10343,24581,493.55,171.06,65.34,False
TXN_102231,14400,24222,64399.4,22327.27,65.33,False
TXN_105509,13359,23304,39765.52,13790.68,65.32,False
TXN_108894,12264,25266,67711.26,23482.26,65.32,False
TXN_106715,12599,25185,41856.24,14519.93,65.31,False
TXN_108617,11508,21511,85460.25,29654.71,65.3,True
TXN_107111,13961,24312,46912.18,16278.53,65.3,False
TXN_102737,12709,20718,48191.23,16722.36,65.3,False
TXN_101207,14663,24188,18051.04,6265.52,65.29,False
TXN_102751,14309,22814,55949.3,19420.0,65.29,False
TXN_105194,15922,25455,48071.77,16695.33,65.27,False
TXN_101916,13042,24507,64104.43,22263.47,65.27,False
TXN_105098,13227,20472,70528.51,24494.55,65.27,False
TXN_108579,12359,21308,72533.16,25205.27,65.25,False
TXN_103278,10068,24076,38667.08,13436.81,65.25,False
TXN_109232,15424,25503,46691.51,16229.97,65.24,False
TXN_107513,11918,25949,33977.5,11817.37,65.22,False
TXN_105617,10732,23025,31094.11,10814.53,65.22,False
TXN_107830,14993,24326,50547.98,17580.59,65.22,False
TXN_111896,15155,20957,82730.43,28773.64,65.22,False
TXN_100514,11632,25600,50816.25,17684.06,65.2,False
TXN_109409,10345,23031,4567.0,1589.32,65.2,False
TXN_109389,15213,22124,34076.35,11858.57,65.2,False
TXN_106183,12995,25917,47571.71,16559.71,65.19,False
TXN_108331,12559,21067,52826.1,18404.61,65.16,False
TXN_104819,15434,22094,50511.08,17598.06,65.16,False
TXN_102763,12469,21846,43019.18,14987.88,65.16,True
TXN_100381,13864,24559,35524.2,12387.29,65.13,False
TXN_108638,11288,21007,69860.04,24360.2,65.13,False
TXN_107868,12732,21123,28505.77,9942.81,65.12,False
TXN_103162,13349,24980,39598.4,13811.92,65.12,False
TXN_100946,15351,22493,35805.4,12492.5,65.11,False
TXN_100112,12279,20389,60405.68,21081.58,65.1,False
TXN_111740,12288,23729,50592.02,17661.67,65.09,False
TXN_106168,12576,20915,563.13,196.7,65.07,False
TXN_102784,15603,22926,19216.26,6712.24,65.07,False
TXN_109394,15115,21616,59814.77,20899.28,65.06,False
TXN_103125,11284,20160,66782.52,23340.49,65.05,False
TXN_109935,15001,24524,63987.82,22370.14,65.04,False
TXN_110647,14905,23802,54689.69,19124.98,65.03,True
TXN_103910,14745,23160,43948.64,15373.23,65.02,True
TXN_102110,12533,20831,33584.4,11747.82,65.02,False
TXN_102202,13727,25710,46822.05,16383.04,65.01,False
TXN_111779,11664,25158,42544.95,14886.48,65.01,False
TXN_111092,15025,24066,44872.82,15701.0,65.01,False
TXN_106310,14746,24178,1474.42,515.9,65.01,False
TXN_102938,15302,23675,55498.95,19424.63,65.0,False
TXN_111363,13933,25912,1170.82,409.79,65.0,False
TXN_101762,10918,23400,64878.4,22713.93,64.99,False
TXN_111393,13524,24473,44835.84,15697.03,64.99,False
TXN_106622,11182,21462,59386.08,20802.94,64.97,False
TXN_110384,13684,25210,40315.61,14126.59,64.96,False
TXN_101447,10154,20203,65566.04,22980.9,64.95,False
TXN_104545,12995,23523,10586.47,3711.62,64.94,False
TXN_110331,10061,24861,47569.01,16677.69,64.94,False
TXN_109347,10065,21371,53191.9,18649.08,64.94,False
TXN_109444,10099,20261,40713.28,14274.08,64.94,False
TXN_111281,13564,21407,23055.07,8092.33,64.9,False
TXN_103391,15669,22414,48955.66,17193.23,64.88,False
TXN_109348,11300,22097,11813.56,4150.1,64.87,False
TXN_109671,15703,21394,57805.0,20306.9,64.87,False
TXN_102924,12097,24113,41628.27,14624.01,64.87,False
TXN_105234,13714,20066,31025.48,10899.25,64.87,False
TXN_110079,12757,20509,56762.08,19946.19,64.86,False
TXN_102925,10704,20261,40713.28,14310.72,64.85,False
TXN_108772,15027,20798,39618.78,13933.92,64.83,False
TXN_111101,11812,23762,45691.51,16074.27,64.82,True
TXN_100605,11820,21418,34247.7,12055.19,64.8,False
TXN_103803,13859,24018,34148.96,12020.43,64.8,False
TXN_111383,13236,20329,16800.68,5913.84,64.8,False
TXN_100188,14780,23087,19238.93,6772.1,64.8,False
TXN_102058,14357,25032,41796.4,14716.51,64.79,False
TXN_108545,10461,24894,23872.43,8405.48,64.79,False
TXN_110498,15873,23971,61172.6,21544.99,64.78,False
TXN_101129,10951,22358,55667.26,19611.58,64.77,False
TXN_101478,11342,20361,39876.38,14052.44,64.76,False
TXN_104965,12562,22642,10843.85,3821.37,64.76,False
TXN_108120,15236,20976,76914.78,27112.46,64.75,False
TXN_109282,14279,22375,42567.43,15009.28,64.74,False
TXN_102142,10129,21462,59386.08,20939.53,64.74,False
TXN_102187,14590,22865,55753.84,19658.8,64.74,False
TXN_110612,10787,24660,48226.9,17014.45,64.72,False
TXN_102455,11726,22640,74053.88,26141.02,64.7,False
TXN_104216,15521,23533,36467.18,12872.91,64.7,False
TXN_106052,15544,23076,35488.83,12538.2,64.67,False
TXN_110152,10681,20901,45651.99,16128.85,64.67,False
TXN_105347,12810,24090,60993.06,21548.85,64.67,False
TXN_106144,12238,25644,77904.53,27531.46,64.66,False
TXN_104185,10980,21023,62007.47,21913.44,64.66,False
TXN_107880,15442,24414,65350.33,23094.81,64.66,False
TXN_102912,11886,25627,17648.01,6238.57,64.65,False
TXN_106395,10747,24247,21448.15,7581.92,64.65,False
TXN_101930,10716,22021,91790.29,32457.05,64.64,False
TXN_108964,10859,25219,34849.66,12322.84,64.64,False
TXN_105159,14926,23813,56016.01,19807.26,64.64,False
TXN_101636,12110,22003,21729.26,7685.64,64.63,True
TXN_111534,15574,20942,78500.9,27765.77,64.63,False
TXN_102045,14600,22123,72465.05,25638.13,64.62,True
TXN_111194,14262,21801,43405.2,15356.76,64.62,False
TXN_104541,12643,20803,86555.82,30632.1,64.61,False
TXN_105585,14441,24436,40518.39,14343.51,64.6,False
TXN_102402,15562,20648,69056.55,24446.02,64.6,False
TXN_100738,13720,24137,51055.65,18078.81,64.59,False
TXN_110579,10118,25573,62928.62,22301.9,64.56,False
TXN_109024,13950,21077,34393.57,12189.08,64.56,False
TXN_108839,12776,25308,14008.42,4964.58,64.56,False
TXN_101453,11241,22226,44175.32,15655.73,64.56,True
TXN_111852,15110,22096,78220.33,27729.11,64.55,False
TXN_103100,11899,24840,72329.2,25647.93,64.54,False
TXN_106498,13000,25966,41808.21,14829.37,64.53,False
TXN_106410,15541,25073,39256.81,13932.24,64.51,False
TXN_111893,14325,25946,83619.02,29676.39,64.51,False
TXN_103598,15499,24294,74471.18,26429.82,64.51,False
TXN_100057,15487,23690,27911.65,9908.64,64.5,False
TXN_100124,15992,22369,68717.14,24422.07,64.46,False
TXN_108058,10688,25254,67868.64,24120.51,64.46,False
TXN_105666,10269,22486,34023.07,12095.2,64.45,False
TXN_107023,10499,24931,54660.32,19437.21,64.44,False
TXN_110365,14172,20467,38075.4,13539.61,64.44,False
TXN_103018,15062,23427,80727.09,28714.63,64.43,False
TXN_100723,12704,23863,30285.98,10772.72,64.43,False
TXN_106691,14604,25777,66362.82,23611.89,64.42,False
TXN_102996,12353,25159,75674.67,26925.05,64.42,False
TXN_106914,11606,23196,40162.88,14289.95,64.42,False
TXN_101135,14613,21018,73129.51,26034.11,64.4,False
TXN_110370,14137,25331,39810.97,14176.69,64.39,False
TXN_102595,12356,25364,54983.9,19585.27,64.38,False
TXN_110016,15540,20716,41428.94,14756.99,64.38,False
TXN_110803,15693,22596,62326.03,22206.76,64.37,True
TXN_111135,13696,22432,65897.02,23485.7,64.36,True
TXN_106326,14523,24452,47580.31,16957.62,64.36,False
TXN_100603,14361,21666,48818.31,17398.85,64.36,False
TXN_110492,15471,22918,39284.79,14001.1,64.36,False
TXN_110987,11284,22621,51375.0,18310.05,64.36,False
TXN_105118,11750,22582,48225.06,17192.23,64.35,False
TXN_101915,14239,25744,38654.02,13780.16,64.35,False
TXN_110001,11186,20739,16071.41,5729.46,64.35,False
TXN_106379,13986,22083,79363.33,28300.96,64.34,False
TXN_103467,13156,23165,44590.58,15901.0,64.34,False
TXN_107224,10344,21893,13796.6,4922.63,64.32,False
TXN_109248,14420,22923,20130.1,7184.43,64.31,False
TXN_102710,10936,20685,52973.23,18906.15,64.31,False
TXN_110605,14956,21822,61976.28,22119.33,64.31,False
TXN_104884,13805,22428,17307.05,6178.62,64.3,False
TXN_106755,12533,20234,35151.92,12549.24,64.3,False
TXN_100707,12812,25739,25131.46,8971.93,64.3,False
TXN_108269,13728,24253,41826.53,14936.25,64.29,False
TXN_101199,13418,24436,40518.39,14473.17,64.28,True
TXN_102683,11828,22666,22994.66,8213.69,64.28,False
TXN_107353,15303,20585,71204.06,25441.21,64.27,False
TXN_108271,10259,21892,50771.09,18145.59,64.26,False
TXN_110910,11849,25167,64047.64,22890.63,64.26,False
TXN_108210,12420,24863,61888.26,22125.05,64.25,False
TXN_103670,13489,24808,88922.84,31798.81,64.24,False
TXN_103791,15687,21040,60267.88,21551.79,64.24,False
TXN_111339,11005,25217,1622.05,580.37,64.22,False
TXN_107940,11100,21367,34754.3,12435.09,64.22,False
TXN_107469,13092,25197,65455.51,23419.98,64.22,False
TXN_101223,10418,20820,85762.31,30694.33,64.21,False
TXN_111653,14262,23322,63571.44,22752.22,64.21,False
TXN_110571,14606,24654,81030.84,29009.04,64.2,False
TXN_102052,12939,21364,49046.88,17563.69,64.19,False
TXN_108092,14538,22494,58709.96,21024.04,64.19,False
TXN_104961,13279,22705,35234.37,12620.95,64.18,False
TXN_104328,13274,24454,34592.21,12394.39,64.17,False
TXN_102919,10547,24653,42042.98,15064.0,64.17,False
TXN_105829,13562,24341,22568.02,8086.12,64.17,False
TXN_109598,15040,25986,32148.77,11522.12,64.16,False
TXN_110296,15375,20106,83715.63,30003.68,64.16,False
TXN_100909,12056,21515,27100.96,9712.98,64.16,True
TXN_100817,11985,22102,75933.74,27214.65,64.16,False
TXN_100186,13749,21499,33179.77,11894.95,64.15,False
TXN_103970,13924,25155,40979.05,14690.99,64.15,False
TXN_110776,14479,22613,65895.33,23623.48,64.15,False
TXN_107652,12530,25564,36493.05,13086.41,64.14,False
TXN_100760,10010,24718,14468.93,5190.01,64.13,False
TXN_108757,12077,23672,60217.57,21606.06,64.12,False
TXN_107117,12156,23855,8352.53,2996.89,64.12,False
TXN_101084,15869,25687,44923.0,16118.37,64.12,False
TXN_111433,11212,25626,22120.02,7936.66,64.12,False
TXN_105078,10651,24414,65350.33,23454.23,64.11,False
TXN_100940,14581,23503,38993.48,13998.66,64.1,False
TXN_107412,10546,22621,51375.0,18448.76,64.09,False
TXN_107560,15941,21329,30006.28,10778.26,64.08,False
TXN_107145,14487,25502,16109.68,5786.6,64.08,False
TXN_110105,11781,22281,53169.92,19098.64,64.08,False
TXN_111891,15665,24675,36980.61,13283.44,64.08,False
TXN_104320,14309,20821,67456.46,24243.85,64.06,False
TXN_111882,15642,23466,44040.04,15832.39,64.05,False
TXN_110967,13020,24798,59927.33,21549.87,64.04,False
TXN_106489,13497,21476,56714.69,20394.6,64.04,False
TXN_109196,12687,25933,16692.52,6004.3,64.03,True
TXN_104108,15952,23860,44748.59,16105.02,64.01,False
TXN_109484,13516,25157,49723.71,17900.54,64.0,False
TXN_109087,11727,20602,57337.28,20641.42,64.0,False
TXN_107302,10144,22776,46604.64,16782.33,63.99,False
TXN_104470,12607,24558,32558.96,11730.99,63.97,False
TXN_103245,11450,23524,38143.47,13743.09,63.97,False
TXN_108004,15316,22519,68824.26,24797.38,63.97,False
TXN_110540,15648,21724,19030.07,6858.44,63.96,False
TXN_100671,14135,23047,5711.97,2058.59,63.96,True
TXN_111359,13527,22504,25451.99,9175.44,63.95,False
TXN_100752,11582,25404,48097.95,17339.31,63.95,False
TXN_103440,10594,21731,17291.95,6235.48,63.94,False
TXN_109114,10521,21029,70532.18,25433.9,63.94,False
TXN_102634,13927,22227,22397.43,8076.51,63.94,False
TXN_105422,13309,20235,50000.98,18035.35,63.93,False
TXN_103402,15824,23170,16960.06,6119.19,63.92,False
TXN_104145,15974,24090,60993.06,22006.3,63.92,False
TXN_106641,15255,25449,52758.34,19035.21,63.92,True
TXN_111124,12894,22511,26472.82,9554.04,63.91,False
TXN_103604,13181,21907,74486.39,26882.14,63.91,False
TXN_100515,12817,24246,37403.03,13502.49,63.9,False
TXN_103468,12502,21827,44644.23,16121.03,63.89,False
TXN_110614,11755,23750,64978.85,23470.36,63.88,False
TXN_109047,14695,24680,67765.16,24476.78,63.88,False
TXN_111789,11317,24416,57921.62,20927.08,63.87,False
TXN_100236,13583,21798,39931.02,14427.08,63.87,False
TXN_111788,11690,21734,74219.18,26815.39,63.87,False
TXN_109774,13769,23953,48344.43,17466.84,63.87,True
TXN_104553,14121,20203,65566.04,23695.57,63.86,False
TXN_111417,14019,23732,36112.5,13051.06,63.86,False
TXN_109991,12966,20997,55178.46,19947.01,63.85,False
TXN_110760,12336,24067,31549.75,11408.39,63.84,False
TXN_100159,12694,24142,70176.47,25375.81,63.84,False
TXN_100288,14724,23141,57428.01,20771.71,63.83,False
TXN_101991,15845,25595,71328.86,25799.65,63.83,False
TXN_104220,12781,22155,64995.22,23508.77,63.83,False
TXN_106513,13097,24362,73156.38,26475.29,63.81,False
TXN_101373,10237,22558,43800.56,15851.42,63.81,False
TXN_107972,12437,23151,60614.54,21942.46,63.8,False
TXN_107102,10492,25529,65946.02,23872.46,63.8,False
TXN_108724,10251,21597,49010.67,17746.76,63.79,False
TXN_106674,15288,25569,61144.87,22140.56,63.79,False
TXN_111482,11655,23163,26678.65,9660.34,63.79,False
TXN_100383,14015,21672,40187.06,14551.73,63.79,False
TXN_100212,15686,25791,86556.34,31350.71,63.78,True
TXN_111348,13594,22045,52228.33,18922.32,63.77,False
TXN_107385,11411,24447,47312.66,17146.11,63.76,False
TXN_102716,14942,20958,66084.96,23962.41,63.74,False
TXN_100080,14912,20569,28701.53,10407.17,63.74,True
TXN_104134,10008,20031,46127.81,16725.94,63.74,False
TXN_100196,13764,21720,32604.55,11825.67,63.73,False
TXN_106360,12156,21642,26352.25,9557.96,63.73,False
TXN_105744,11002,22783,59794.53,21699.43,63.71,False
TXN_102975,10690,25691,32994.14,11976.87,63.7,False
TXN_110728,14491,21623,2623.14,952.2,63.7,False
TXN_104072,12994,21904,48894.95,17753.76,63.69,False
TXN_100176,14030,24162,75460.78,27407.36,63.68,False
TXN_111297,15874,20776,50743.98,18435.29,63.67,False
TXN_101078,14821,24850,93401.23,33932.67,63.67,False
TXN_110035,11130,24930,35690.52,12966.37,63.67,False
TXN_108255,10387,25291,55838.55,20297.31,63.65,False
TXN_109511,15512,24113,41628.27,15136.04,63.64,True
TXN_109438,12870,24369,88075.43,32024.23,63.64,False
TXN_105797,14052,22171,27882.41,10138.04,63.64,False
TXN_107106,12896,22225,4026.88,1464.58,63.63,False
TXN_110644,10871,23703,63723.6,23176.27,63.63,False
TXN_102908,15891,23988,86078.88,31315.5,63.62,False
TXN_107411,13310,23333,55043.8,20030.44,63.61,False
TXN_103130,11595,21014,48591.85,17687.43,63.6,False
TXN_107802,10881,23961,49146.23,17889.23,63.6,False
TXN_101297,11824,24775,14398.17,5240.93,63.6,False
TXN_101462,14204,24955,36732.3,13374.23,63.59,False
TXN_111315,14219,25614,44545.61,16223.51,63.58,False
TXN_102719,14084,25701,36111.0,13151.63,63.58,False
TXN_110190,11355,21372,51377.26,18711.6,63.58,False
TXN_100516,11016,24803,45865.32,16708.74,63.57,False
TXN_100714,11257,20490,75160.47,27380.96,63.57,False
TXN_111507,15261,23846,13378.76,4875.22,63.56,False
TXN_106735,15189,25629,82198.39,29953.09,63.56,False
TXN_111987,11692,22996,27263.88,9937.68,63.55,False
TXN_104460,10888,23136,61537.83,22449.0,63.52,False
TXN_105879,14988,21043,58232.49,21249.04,63.51,False
TXN_102406,13375,21864,77980.48,28455.08,63.51,True
TXN_101434,11334,20089,48495.34,17700.8,63.5,False
TXN_105305,11631,25981,58442.8,21337.47,63.49,False
TXN_107748,15581,25112,16772.76,6125.41,63.48,False
TXN_100488,14046,24791,88959.58,32496.93,63.47,False
TXN_106870,13830,20677,55365.96,20225.19,63.47,False
TXN_102123,10126,23433,33197.46,12127.03,63.47,False
TXN_107565,10005,20167,76501.16,27945.87,63.47,False
TXN_103591,13141,23669,42142.59,15398.9,63.46,False
TXN_105683,14850,23527,15610.87,5705.77,63.45,False
TXN_109299,11778,21285,78457.39,28684.02,63.44,False
TXN_107430,12898,23436,21687.48,7931.11,63.43,True
TXN_101182,15960,24921,91681.43,33527.9,63.43,False
TXN_111523,14629,22218,51024.42,18669.84,63.41,False
TXN_102558,10820,20762,57692.3,21115.38,63.4,False
TXN_109507,11342,21345,39352.32,14406.88,63.39,False
TXN_100162,15740,21377,52547.91,19243.04,63.38,False
TXN_102902,10837,20339,73705.67,27005.76,63.36,False
TXN_111700,10713,24953,60518.74,22180.12,63.35,False
TXN_100880,11970,20358,88495.63,32433.65,63.35,False
TXN_102140,12034,20841,7864.56,2883.15,63.34,True
TXN_107444,12943,20678,15360.33,5631.1,63.34,False
TXN_110185,12318,21386,54192.75,19867.06,63.34,False
TXN_107999,15004,24239,51179.5,18762.4,63.34,False
TXN_108761,15250,25987,62094.09,22769.9,63.33,False
TXN_104804,10205,25053,61033.65,22387.14,63.32,False
TXN_101184,13178,22045,52228.33,19157.35,63.32,False
TXN_110334,10272,22556,41868.45,15361.53,63.31,False
TXN_104401,14174,23369,42821.82,15711.33,63.31,False
TXN_105909,13983,21492,68402.73,25096.96,63.31,False
TXN_110081,14043,25311,25769.78,9457.51,63.3,False
TXN_108099,11833,25728,73454.78,26957.9,63.3,False
TXN_102741,11760,25197,65455.51,24022.17,63.3,False
TXN_104738,10087,22080,62241.11,22842.49,63.3,False
TXN_100550,12083,20081,53835.3,19762.94,63.29,False
TXN_107610,13427,22092,22464.59,8246.75,63.29,False
TXN_101433,11251,22947,55652.59,20435.63,63.28,False
TXN_106681,14242,24508,11952.55,4388.98,63.28,False
TXN_111559,11426,23969,26860.06,9865.7,63.27,False
TXN_103922,11773,25204,59097.1,21706.36,63.27,False
TXN_103553,14929,20403,72364.27,26579.4,63.27,False
TXN_109443,11395,21911,24678.32,9064.35,63.27,False
TXN_106152,11535,21334,47351.74,17397.03,63.26,False
TXN_107779,15588,23479,36402.81,13374.39,63.26,False
TXN_104316,13623,23406,39207.67,14408.82,63.25,False
TXN_109042,14529,24679,27191.51,9995.6,63.24,False
TXN_101535,14279,22870,78428.37,28830.27,63.24,False
TXN_106406,11159,20004,76799.43,28239.15,63.23,True
TXN_104205,10154,22785,47374.45,17429.06,63.21,False
TXN_103023,14949,20083,28989.52,10665.24,63.21,False
TXN_109123,12897,24484,52545.37,19336.7,63.2,False
TXN_101719,11575,21016,26850.1,9883.52,63.19,False
TXN_102764,11725,25120,86939.7,32002.5,63.19,False
TXN_108648,12259,25907,75140.45,27666.71,63.18,False
TXN_111889,10026,20630,54670.02,20134.97,63.17,False
TXN_103415,14552,25732,64760.0,23857.58,63.16,False
TXN_107068,15085,20811,77489.74,28554.97,63.15,False
TXN_111270,13813,24469,21701.1,7996.86,63.15,False
TXN_100664,12924,20015,76580.99,28220.09,63.15,False
TXN_107436,10330,23205,74633.24,27502.35,63.15,False
TXN_109740,12323,20175,26996.39,9948.17,63.15,False
TXN_104332,10977,24617,37969.3,13995.48,63.14,False
TXN_104126,15931,23163,26678.65,9836.42,63.13,False
TXN_106380,12655,23014,37664.93,13887.06,63.13,False
TXN_101071,15952,25361,11953.8,4409.76,63.11,False
TXN_106010,15506,21168,75798.48,27962.06,63.11,False
TXN_100396,12807,24534,60367.33,22275.54,63.1,False
TXN_102750,14866,22296,18248.74,6735.61,63.09,False
TXN_110196,11850,25173,18447.46,6810.8,63.08,False
TXN_110514,14349,24503,43599.08,16096.78,63.08,False
TXN_110689,10907,25421,30721.88,11345.59,63.07,False
TXN_101995,12072,23234,2592.28,958.11,63.04,False
TXN_108632,13698,24483,60112.12,22217.44,63.04,False
TXN_106706,11872,22436,43739.25,16166.03,63.04,True
TXN_108376,14033,22928,30700.8,11347.02,63.04,False
TXN_102852,14156,20397,62127.12,22962.18,63.04,True
TXN_111614,13038,23242,42929.86,15871.17,63.03,False
TXN_109036,12101,21363,44097.39,16302.81,63.03,False
TXN_108295,10200,25338,24189.42,8945.25,63.02,False
TXN_109190,13175,23911,64223.6,23762.73,63.0,False
TXN_105165,15048,20417,35955.66,13303.59,63.0,False
TXN_111588,14256,21947,51214.36,18954.43,62.99,False
TXN_106584,15660,23769,77819.47,28800.99,62.99,False
TXN_105929,10045,22934,41837.92,15488.4,62.98,False
TXN_103962,14980,25368,30839.91,11420.02,62.97,False
TXN_111068,14563,20831,33584.4,12439.66,62.96,False
TXN_111491,10303,23811,78099.47,28928.04,62.96,False
TXN_106288,14444,21509,43572.36,16139.2,62.96,False
TXN_107011,15138,21781,84276.53,31224.45,62.95,False
TXN_100377,10570,25504,49766.54,18438.5,62.95,False
TXN_109826,12176,23043,79696.92,29527.71,62.95,False
TXN_105406,15812,23737,41439.17,15361.5,62.93,False
TXN_110397,13492,23752,45494.48,16864.8,62.93,True
TXN_107743,14023,20332,25096.97,9305.96,62.92,True
TXN_104603,15556,20168,39342.68,14588.27,62.92,False
TXN_103577,10124,21970,31328.77,11622.97,62.9,False
TXN_101585,12034,21076,42351.4,15716.6,62.89,False
TXN_102583,12010,24088,54339.12,20165.25,62.89,False
TXN_105384,12806,21233,23042.99,8558.17,62.86,False
TXN_104966,13250,21430,84474.32,31373.76,62.86,False
TXN_106949,15070,22464,62639.76,23270.67,62.85,False
TXN_102844,15175,22109,84491.18,31388.47,62.85,False
TXN_104393,11568,23749,27523.4,10227.7,62.84,False
TXN_101782,13105,23337,16817.48,6249.38,62.84,False
TXN_103652,10476,21680,82092.83,30505.7,62.84,False
TXN_111437,11161,21119,32387.48,12035.19,62.84,False
TXN_101133,12646,22507,84161.65,31282.89,62.83,False
TXN_111532,11332,22752,52485.87,19509.0,62.83,False
TXN_104421,11856,24358,52599.59,19551.27,62.83,False
TXN_103048,11178,25579,60864.6,22623.37,62.83,False
TXN_110403,12046,23461,19825.38,7371.08,62.82,False
TXN_105841,11802,20408,36116.99,13428.3,62.82,False
TXN_105359,11974,23610,56682.17,21080.1,62.81,False
TXN_110713,11742,25225,67506.57,25105.69,62.81,False
TXN_104618,11338,23493,36332.0,13511.87,62.81,False
TXN_104113,15721,21524,76535.51,28463.56,62.81,True
TXN_101536,14460,23677,76389.38,28432.13,62.78,False
TXN_107591,15308,24117,50866.98,18932.69,62.78,False
TXN_103937,13324,22496,41209.43,15338.15,62.78,False
TXN_102413,12103,21108,69182.48,25763.56,62.76,False
TXN_103564,14459,24936,69429.98,25855.72,62.76,False
TXN_108135,15677,21819,61507.14,22911.41,62.75,False
TXN_110349,10010,22361,35799.99,13335.5,62.75,False
TXN_109756,13391,22525,30451.44,11346.21,62.74,False
TXN_108186,13934,20899,12934.4,4819.36,62.74,False
TXN_110548,12802,20196,35011.57,13048.81,62.73,False
TXN_106139,15475,22569,38955.14,14518.58,62.73,False
TXN_109202,12101,24065,35297.06,13155.21,62.73,False
TXN_104954,10955,23664,70357.65,26229.33,62.72,False
TXN_108018,12604,23852,54230.35,20217.07,62.72,False
TXN_109474,11232,24288,29272.65,10912.84,62.72,False
TXN_102674,13720,24119,79014.3,29464.43,62.71,False
TXN_108887,12869,23808,67203.91,25080.5,62.68,False
TXN_106913,13151,22605,41763.38,15586.09,62.68,False
TXN_103163,13832,21099,26342.68,9831.09,62.68,False
TXN_100449,14753,21686,49268.76,18392.03,62.67,False
TXN_111570,15227,24782,51989.24,19417.98,62.65,False
TXN_104110,15452,24876,71600.45,26742.77,62.65,False
TXN_100339,10960,25732,64760.0,24200.81,62.63,False
TXN_107400,10472,22716,39108.03,14618.58,62.62,False
TXN_108893,11782,22218,51024.42,19072.93,62.62,False
TXN_101703,12605,21478,94299.75,35258.68,62.61,False
TXN_102504,12530,21087,38627.75,14446.78,62.6,False
TXN_107756,15756,24496,31480.38,11779.96,62.58,False
TXN_110774,10461,24239,51179.5,19151.37,62.58,False
TXN_102607,15865,23964,70429.98,26368.98,62.56,False
TXN_106261,11293,24212,30801.02,11531.9,62.56,False
TXN_103769,12093,20982,29565.21,11069.21,62.56,False
TXN_103035,14684,20761,56075.79,20994.78,62.56,True
TXN_105840,12096,20507,56229.94,21052.49,62.56,False
TXN_102356,13603,20162,27133.32,10161.43,62.55,False
TXN_101490,15320,23515,31307.31,11724.59,62.55,False
TXN_101596,12109,22054,3719.26,1393.23,62.54,False
TXN_100732,10668,22159,34164.79,12804.96,62.52,False
TXN_109400,10090,22680,67035.84,25125.03,62.52,False
TXN_100323,14736,24529,59660.14,22366.59,62.51,False
TXN_110244,10768,23916,89298.18,33477.89,62.51,False
TXN_109769,13413,23042,51852.28,19439.42,62.51,False
TXN_102743,10598,25357,47114.01,17672.47,62.49,False
TXN_104406,14797,21195,51541.56,19333.24,62.49,False
TXN_105674,15078,22268,73102.77,27450.09,62.45,False
TXN_111466,13660,23387,29307.71,11005.05,62.45,False
TXN_101643,13161,23202,21618.96,8122.24,62.43,False
TXN_108764,13171,24086,25414.22,9550.66,62.42,False
TXN_103626,11238,22363,87471.14,32871.65,62.42,False
TXN_102188,11668,25754,72802.73,27359.27,62.42,False
TXN_107093,13186,25666,35029.57,13164.11,62.42,False
TXN_107541,13236,25707,92672.91,34835.75,62.41,False
TXN_110953,10566,24709,44636.42,16778.83,62.41,False
TXN_105895,12852,23970,67469.31,25368.46,62.4,False
TXN_106742,12573,23319,22095.83,8310.24,62.39,False
TXN_111115,12889,24683,30190.06,11354.48,62.39,False
TXN_109072,11528,23898,25544.78,9609.95,62.38,False
TXN_104608,15486,24011,39243.72,14767.41,62.37,False
TXN_104756,14546,24414,65350.33,24591.33,62.37,False
TXN_106440,14525,25785,61119.49,22999.26,62.37,False
TXN_110502,11077,21583,54750.05,20607.92,62.36,False
TXN_104359,11915,21464,23784.66,8954.92,62.35,False
TXN_101094,15985,22563,45500.32,17135.42,62.34,False
TXN_107562,11928,22393,60880.5,22927.6,62.34,False
TXN_110775,11441,22189,51136.96,19258.18,62.34,False
TXN_100903,12879,20191,60486.52,22785.27,62.33,False
TXN_102237,10043,21903,49860.84,18782.58,62.33,False
TXN_105493,14892,20543,83191.79,31338.35,62.33,False
TXN_103334,15526,22423,28704.34,10815.8,62.32,False
TXN_100340,15601,25307,8898.7,3353.92,62.31,True
TXN_107331,13358,24605,60489.97,22798.67,62.31,False
TXN_105320,15357,20812,37388.34,14095.4,62.3,True
TXN_103062,12114,22138,35836.41,13510.33,62.3,False
TXN_101969,13703,24135,41547.7,15663.48,62.3,False
TXN_110560,12837,25086,57243.82,21580.92,62.3,False
TXN_102446,15783,23036,36680.29,13835.81,62.28,False
TXN_105700,14528,20711,85757.13,32364.74,62.26,False
TXN_106425,13157,22212,40390.74,15247.5,62.25,False
TXN_108432,12546,20443,28130.35,10619.21,62.25,False
TXN_104333,13723,24489,47547.64,17949.23,62.25,False
TXN_101313,12144,20856,29571.84,11163.37,62.25,False
TXN_107886,10315,25342,12421.48,4689.11,62.25,False
TXN_100167,11664,21341,42593.29,16083.23,62.24,False
TXN_105827,11610,24366,53944.88,20369.59,62.24,False
TXN_104916,13572,21908,49491.22,18692.83,62.23,False
TXN_103654,11208,24827,23620.32,8923.76,62.22,False
TXN_100824,14720,22300,45765.5,17294.78,62.21,True
TXN_103961,13254,20334,40083.46,15151.55,62.2,False
TXN_110510,11159,24626,47925.17,18115.71,62.2,False
TXN_109666,13369,22168,10184.46,3851.76,62.18,True
TXN_102845,12948,21796,40591.13,15351.57,62.18,False
TXN_106973,15608,21709,31924.2,12076.92,62.17,False
TXN_111501,15795,24676,53346.3,20180.91,62.17,False
TXN_100717,15263,21339,68305.5,25846.8,62.16,False
TXN_104372,12121,20060,51773.98,19591.27,62.16,False
TXN_100111,13562,20108,58017.32,21959.56,62.15,False
TXN_109545,15154,20213,81351.94,30791.71,62.15,False
TXN_101423,15491,25561,85008.61,32192.76,62.13,False
TXN_109483,13884,23288,55433.38,20992.62,62.13,False
TXN_105891,10520,23487,72970.58,27633.96,62.13,False
TXN_106150,15765,23098,74144.76,28086.04,62.12,False
TXN_102900,14698,20329,16800.68,6364.1,62.12,False
TXN_102331,10631,25240,30759.34,11651.64,62.12,False
TXN_110781,10433,20830,11516.24,4362.35,62.12,False
TXN_101306,15887,24314,42752.28,16198.84,62.11,False
TXN_104742,12505,24477,46507.05,17621.52,62.11,False
TXN_109094,15532,20088,75034.21,28430.46,62.11,False
TXN_104443,13063,22769,74370.47,28186.41,62.1,False
TXN_109073,15826,22220,16372.92,6205.34,62.1,False
TXN_102046,12279,23629,34642.61,13133.01,62.09,False
TXN_107186,10670,24473,44835.84,17001.75,62.08,False
TXN_103651,11511,23938,57029.55,21625.61,62.08,False
TXN_105119,13826,21780,24229.65,9190.31,62.07,True
TXN_107081,10122,20402,46046.76,17465.54,62.07,False
TXN_100568,13349,25495,71787.07,27236.01,62.06,False
TXN_102602,15684,22733,49061.53,18613.94,62.06,False
TXN_108659,10528,21687,65045.55,24678.28,62.06,False
TXN_100841,14345,22022,64278.42,24393.66,62.05,False
TXN_104128,12896,23330,24089.96,9144.55,62.04,False
TXN_103973,12832,20416,68173.17,25878.54,62.04,False
TXN_103408,13629,24272,50216.09,19062.03,62.04,False
TXN_100443,14365,22099,61405.76,23315.77,62.03,False
TXN_104778,13631,25606,77502.97,29435.63,62.02,False
TXN_107873,15318,21008,44872.29,17042.5,62.02,True
TXN_100709,15796,21988,31091.51,11811.66,62.01,False
TXN_100134,10871,21917,63908.29,24278.76,62.01,False
TXN_108012,10710,23148,49926.98,18967.26,62.01,False
TXN_106343,14473,23099,80259.32,30490.52,62.01,False
TXN_111454,14319,25670,33960.58,12901.62,62.01,False
TXN_102887,12449,22836,81131.5,30829.97,62.0,False
TXN_108872,12785,22665,46378.69,17628.54,61.99,True
TXN_102389,15250,20547,15308.8,5818.87,61.99,False
TXN_105814,11107,21008,44872.29,17064.93,61.97,False
TXN_105233,13967,23896,71330.62,27127.03,61.97,False
TXN_102510,13680,21117,48754.69,18541.41,61.97,False
TXN_102035,12341,25712,38651.92,14699.33,61.97,False
TXN_110908,12686,25865,35780.57,13607.35,61.97,True
TXN_104879,12383,22399,66975.41,25484.14,61.95,False
TXN_107020,15199,24305,32005.76,12178.19,61.95,False
TXN_107304,13229,21769,38209.35,14542.48,61.94,False
TXN_101876,14434,22227,22397.43,8526.7,61.93,False
TXN_106557,15234,25383,7638.09,2907.82,61.93,False
TXN_107311,13305,20955,39602.83,15080.76,61.92,False
TXN_105780,14543,20884,22704.81,8645.99,61.92,False
TXN_104525,12850,21646,72015.55,27437.92,61.9,False
TXN_101799,11824,22233,67277.28,25639.37,61.89,False
TXN_102016,14282,21815,37916.35,14453.71,61.88,False
TXN_103536,12012,22037,65019.05,24785.26,61.88,False
TXN_104223,14747,25457,43953.25,16759.37,61.87,False
TXN_100229,14497,25927,9159.35,3492.46,61.87,False
TXN_104426,14987,24386,40079.37,15282.26,61.87,True
TXN_104075,13810,20079,34144.62,13019.34,61.87,False
TXN_101523,14498,23776,5928.75,2260.63,61.87,False
TXN_107352,14995,24608,51687.59,19713.65,61.86,False
TXN_104637,11015,20497,37355.3,14247.31,61.86,False
TXN_103793,13702,24082,22572.41,8611.37,61.85,False
TXN_105723,15508,21894,52233.91,19932.46,61.84,False
TXN_109881,10024,23959,33617.94,12828.61,61.84,False
TXN_103956,10387,21318,40082.27,15295.39,61.84,False
TXN_103634,10657,25197,65455.51,24984.37,61.83,False
TXN_111505,15221,25533,21608.26,8250.03,61.82,False
TXN_108849,10617,22431,83099.14,31735.56,61.81,False
TXN_111915,14182,22903,42510.19,16238.89,61.8,False
TXN_102590,13043,25604,29930.64,11433.5,61.8,False
TXN_107133,15270,20930,11647.8,4449.46,61.8,False
TXN_105653,10657,20450,61588.9,23533.12,61.79,False
TXN_109230,12106,20380,60110.89,22974.38,61.78,False
TXN_100413,11167,21351,34121.65,13041.29,61.78,True
TXN_110569,13960,24282,67311.38,25733.14,61.77,False
TXN_109760,15680,21309,39378.01,15054.21,61.77,True
TXN_110387,13123,22499,59830.38,22873.15,61.77,False
TXN_110840,12109,25292,55638.09,21270.44,61.77,False
TXN_100064,11956,23294,42756.89,16350.23,61.76,False
TXN_102124,14066,20270,41460.77,15854.6,61.76,False
TXN_109352,10969,21721,51234.16,19591.94,61.76,False
TXN_102671,15088,23820,53383.35,20413.79,61.76,False
TXN_102458,14407,24129,45384.97,17359.75,61.75,False
TXN_102424,14726,24055,47724.47,18254.61,61.75,False
TXN_110425,11233,21616,59814.77,22879.15,61.75,False
TXN_105214,10904,24615,38183.0,14605.0,61.75,False
TXN_111833,15771,23602,68363.42,26149.01,61.75,False
TXN_109159,13286,20806,46801.68,17906.32,61.74,False
TXN_103900,14969,24374,62469.09,23900.67,61.74,False
TXN_101821,10934,23180,56663.04,21684.95,61.73,False
TXN_100905,13645,24711,51511.79,19713.56,61.73,False
TXN_108509,13243,20835,28739.4,11001.44,61.72,False
TXN_101130,12337,21563,4849.02,1856.2,61.72,False
TXN_100266,10263,23749,27523.4,10535.96,61.72,False
TXN_104976,14291,24447,47312.66,18111.29,61.72,False
TXN_101996,10404,22092,22464.59,8599.45,61.72,False
TXN_106332,14387,20931,36228.23,13871.79,61.71,False
TXN_105820,15847,21715,70968.65,27173.9,61.71,False
TXN_111495,15142,23350,12217.94,4679.47,61.7,False
TXN_104588,13857,21899,58713.19,22487.15,61.7,False
TXN_101838,13381,21596,15894.66,6087.65,61.7,False
TXN_100126,11571,21856,45981.89,17615.66,61.69,False
TXN_102783,10449,25003,44467.48,17035.49,61.69,True
TXN_109590,13392,23979,70100.75,26855.6,61.69,False
TXN_107018,10426,24348,24700.65,9467.76,61.67,True
TXN_106663,14154,25972,61859.24,23710.65,61.67,False
TXN_105883,13627,24256,24475.68,9381.53,61.67,False
TXN_109118,14757,20928,80953.55,31037.59,61.66,False
TXN_100921,14124,20453,86514.36,33195.56,61.63,False
TXN_105697,11940,22619,49917.26,19153.25,61.63,False
TXN_104449,10113,23312,61947.42,23775.42,61.62,False
TXN_100491,13119,24945,24226.12,9302.83,61.6,True
TXN_100163,13628,21227,52635.24,20217.2,61.59,False
TXN_110610,11100,21586,88768.9,34096.13,61.59,True
TXN_105428,15388,24371,45351.12,17423.9,61.58,False
TXN_109286,14719,21165,25265.36,9706.95,61.58,False
TXN_100556,13070,21566,76143.9,29262.1,61.57,False
TXN_102183,10489,22073,50975.56,19600.1,61.55,False
TXN_109304,11305,20901,45651.99,17562.32,61.53,False
TXN_105964,12183,22514,26068.8,10028.67,61.53,False
TXN_105158,10942,21272,47174.98,18148.21,61.53,False
TXN_108098,11037,23671,58094.46,22354.75,61.52,False
TXN_100758,11839,23512,61587.56,23698.89,61.52,False
TXN_110982,11861,23686,17468.62,6725.42,61.5,False
TXN_108806,14475,20722,27259.55,10494.93,61.5,False
TXN_111749,14254,25544,20387.66,7851.29,61.49,False
TXN_108811,10356,24026,59715.08,23002.25,61.48,False
TXN_104599,12805,21849,52556.27,20244.68,61.48,False
TXN_101401,14827,25603,33249.6,12807.75,61.48,False
TXN_103433,15778,23195,25864.07,9965.43,61.47,False
TXN_111976,11844,25218,64945.81,25030.12,61.46,False
TXN_107629,12509,21929,38761.92,14942.72,61.45,False
TXN_106284,12830,23805,23160.26,8928.28,61.45,True
TXN_106614,12113,22219,82280.1,31718.98,61.45,False
TXN_102625,12280,20568,62989.6,24295.09,61.43,False
TXN_104294,11988,21360,56126.36,21647.94,61.43,False
TXN_106301,10244,21999,65115.96,25121.74,61.42,False
TXN_107415,11937,25635,73121.21,28224.79,61.4,False
TXN_101480,10216,24600,42548.98,16423.91,61.4,False
TXN_101817,15507,20773,19399.02,7491.9,61.38,False
TXN_106204,15163,21232,48740.34,18823.52,61.38,False
TXN_100875,11888,22939,59270.4,22896.16,61.37,False
TXN_105358,10337,24838,29764.71,11501.08,61.36,False
TXN_104567,10176,21036,90309.11,34895.44,61.36,False
TXN_105288,15559,23635,28516.64,11018.83,61.36,False
TXN_108275,10888,22674,45116.73,17437.62,61.35,False
TXN_102588,10164,22864,58882.66,22764.04,61.34,False
TXN_102486,12979,25591,61196.32,23658.5,61.34,False
TXN_109064,10214,24447,47312.66,18291.07,61.34,False
TXN_102103,10969,25788,55374.56,21418.88,61.32,False
TXN_103768,15410,25826,49184.03,19024.38,61.32,False
TXN_102873,12529,21184,64503.38,24956.36,61.31,False
TXN_102508,15700,25806,29461.96,11398.83,61.31,False
TXN_101085,11066,25543,31991.83,12380.84,61.3,False
TXN_109895,11187,22703,41749.74,16157.15,61.3,False
TXN_106026,15716,25623,43778.21,16942.17,61.3,False
TXN_109071,12972,22702,64154.78,24834.32,61.29,False
TXN_101573,12425,21586,88768.9,34362.44,61.29,False
TXN_100542,14381,23575,65069.5,25188.4,61.29,False
TXN_110552,10365,20658,25475.66,9861.63,61.29,False
TXN_110143,13176,20008,34662.2,13417.74,61.29,True
TXN_100439,14870,25029,46187.37,17883.75,61.28,False
TXN_106153,13481,24329,43226.14,16737.16,61.28,False
TXN_100584,13852,23291,39820.86,15422.62,61.27,False
TXN_103884,15772,22086,14575.49,5646.54,61.26,False
TXN_102467,14108,25876,59859.34,23189.51,61.26,False
TXN_107991,10088,21651,32586.6,12624.05,61.26,False
TXN_111369,14582,22057,82531.36,31980.9,61.25,False
TXN_102729,15342,20876,58854.56,22817.91,61.23,False
TXN_103364,10142,20823,26865.96,10415.93,61.23,False
TXN_101226,10955,22910,70795.6,27447.45,61.23,False
TXN_103281,15718,25738,32809.82,12720.37,61.23,False
TXN_102420,12563,22756,12300.41,4768.87,61.23,False
TXN_100379,11896,24007,2104.14,815.78,61.23,True
TXN_107171,12563,21451,16559.51,6421.78,61.22,False
TXN_105277,15202,22941,18455.2,7156.93,61.22,False
TXN_105479,12106,20306,20132.48,7811.4,61.2,False
TXN_102677,15017,23591,76946.07,29855.08,61.2,False
TXN_106391,10844,21561,36573.84,14190.65,61.2,False
TXN_104882,10635,21899,58713.19,22780.72,61.2,False
TXN_105071,10019,23168,37088.34,14393.98,61.19,False
TXN_102104,11317,22288,57655.63,22381.92,61.18,False
TXN_110298,15630,24460,80361.8,31196.45,61.18,True
TXN_107535,10343,25607,48374.64,18779.04,61.18,False
TXN_103447,10332,22761,51725.26,20084.92,61.17,False
TXN_103760,11099,23812,48079.99,18674.27,61.16,False
TXN_100365,11140,23551,38290.25,14879.59,61.14,False
TXN_110302,13809,20699,61017.09,23717.34,61.13,False
TXN_102697,15608,23304,39765.52,15456.86,61.13,False
TXN_106216,15140,23562,45199.52,17573.57,61.12,False
TXN_110411,15695,24109,31636.37,12300.22,61.12,False
TXN_107275,14188,22173,46179.88,17959.36,61.11,False
TXN_107938,12843,25417,56685.66,22045.05,61.11,False
TXN_107006,15719,25000,43602.36,16961.32,61.1,True
TXN_106409,10422,22849,39245.47,15266.49,61.1,False
TXN_105259,10777,23865,42279.98,16455.37,61.08,False
TXN_100392,13176,25508,45574.51,17737.6,61.08,True
TXN_106632,11883,22148,81240.97,31618.99,61.08,False
TXN_101177,13532,21012,28099.51,10936.33,61.08,False
TXN_108387,15612,21519,47516.68,18498.24,61.07,False
TXN_103336,12902,21748,66533.57,25908.17,61.06,False
TXN_105445,14438,20322,83911.75,32683.63,61.05,False
TXN_100858,14165,25005,18653.56,7265.56,61.05,True
TXN_108044,13977,23811,78099.47,30427.55,61.04,False
TXN_103509,11475,24398,42216.28,16447.46,61.04,False
TXN_104014,10644,24261,59259.95,23087.68,61.04,False
TXN_105114,14929,23390,17416.42,6785.44,61.04,False
TXN_107097,12758,25513,20404.9,7949.75,61.04,False
TXN_101335,11309,21075,24658.52,9606.96,61.04,False
TXN_111464,15057,22975,17320.78,6749.91,61.03,False
TXN_109653,12244,22679,20855.44,8127.36,61.03,False
TXN_110744,14726,25238,55037.16,21453.48,61.02,False
TXN_103198,10640,25257,28768.88,11216.99,61.01,False
TXN_100991,11064,24681,51403.12,20042.08,61.01,False
TXN_104962,15456,20112,65932.84,25720.4,60.99,False
TXN_104763,14385,23693,61455.72,23973.88,60.99,False
TXN_108128,13881,22527,12155.98,4742.05,60.99,False
TXN_107420,10883,21618,40382.88,15753.36,60.99,False
TXN_101159,15962,22791,22459.33,8761.38,60.99,False
TXN_110723,11089,24996,32536.94,12695.91,60.98,False
TXN_100632,14847,21684,38037.06,14845.86,60.97,False
TXN_101936,11108,25713,86168.89,33631.72,60.97,False
TXN_102021,10530,23737,41439.17,16177.85,60.96,True
TXN_109553,11667,25757,58535.25,22852.16,60.96,False
TXN_100951,11604,25964,53919.51,21050.18,60.96,False
TXN_103406,12175,23328,59470.99,23223.42,60.95,False
TXN_106808,14480,20705,52124.97,20360.01,60.94,False
TXN_107443,13519,24175,35352.48,13808.68,60.94,True
TXN_108474,10602,20055,62762.42,24515.0,60.94,False
TXN_107283,13768,24502,50719.89,19816.26,60.93,False
TXN_106662,15657,25369,78668.83,30743.78,60.92,False
TXN_101625,12737,20760,59171.39,23124.18,60.92,False
TXN_107835,10092,24900,42628.38,16659.17,60.92,False
TXN_103168,11699,24188,18051.04,7054.35,60.92,False
TXN_105283,11235,25864,81302.18,31772.89,60.92,False
TXN_111292,13630,25156,44260.86,17301.57,60.91,False
TXN_106337,10756,24037,76920.67,30068.29,60.91,False
TXN_103051,14980,23897,87351.64,34154.49,60.9,False
TXN_108869,10454,21961,23811.78,9310.41,60.9,False
TXN_102660,10563,25826,49184.03,19235.87,60.89,False
TXN_108091,13516,22814,55949.3,21881.77,60.89,False
TXN_104395,10369,22824,22195.16,8682.75,60.88,False
TXN_104180,10601,25567,62433.32,24430.16,60.87,False
TXN_103561,13651,23549,44097.19,17255.23,60.87,False
TXN_107237,15393,25444,73794.44,28875.76,60.87,False
TXN_104723,11572,25539,63208.44,24739.78,60.86,False
TXN_101068,13392,21827,44644.23,17482.68,60.84,True
TXN_109408,15495,23670,49848.18,19520.55,60.84,False
TXN_106199,11500,22037,65019.05,25467.96,60.83,False
TXN_107649,13384,25384,47138.75,18468.96,60.82,False
TXN_108843,15797,24630,46533.52,18231.83,60.82,False
TXN_109275,14809,22666,22994.66,9009.31,60.82,False
TXN_107624,15357,20253,82345.76,32263.07,60.82,False
TXN_103515,12071,23393,33306.28,13052.73,60.81,False
TXN_105740,13576,20716,41428.94,16236.0,60.81,False
TXN_101775,15347,21313,34320.8,13453.75,60.8,False
TXN_103228,13619,22613,65895.33,25830.97,60.8,False
TXN_106763,14088,21170,38808.49,15212.93,60.8,False
TXN_105788,11476,25310,54550.92,21389.42,60.79,False
TXN_102892,15167,24431,15812.43,6200.05,60.79,False
TXN_103043,12609,24973,16737.07,6562.61,60.79,False
TXN_104111,15259,23696,67130.6,26335.33,60.77,False
TXN_109734,11364,25109,52125.1,20448.68,60.77,False
TXN_110165,12530,21727,72923.3,28622.4,60.75,False
TXN_111179,12902,23496,75630.1,29684.81,60.75,False
TXN_106620,15015,23284,19387.63,7609.64,60.75,False
TXN_110237,14948,21679,61248.59,24046.2,60.74,False
TXN_110194,12466,23354,7389.61,2901.16,60.74,False
TXN_100217,15250,21208,77187.2,30303.69,60.74,False
TXN_105861,11013,23823,76754.54,30133.83,60.74,False
TXN_108516,15025,23276,25246.64,9914.36,60.73,False
TXN_107148,10027,22458,53297.66,20935.32,60.72,False
TXN_110765,10560,25738,32809.82,12890.98,60.71,False
TXN_102829,14967,23544,52484.78,20621.27,60.71,False
TXN_100417,12775,23815,60947.14,23946.13,60.71,True
TXN_101761,11041,25923,41902.74,16471.97,60.69,False
TXN_107173,12642,24883,24075.0,9463.88,60.69,False
TXN_109623,12273,20561,58293.68,22915.25,60.69,False
TXN_105501,14568,23474,51137.26,20107.17,60.68,False
TXN_104665,10680,21460,56900.57,22373.3,60.68,False
TXN_105163,10955,23464,39772.19,15638.43,60.68,False
TXN_108118,11930,20851,60299.55,23709.78,60.68,False
TXN_103901,10892,23042,51852.28,20388.32,60.68,False
TXN_105644,12659,23647,47302.98,18608.99,60.66,True
TXN_101386,10075,21075,24658.52,9700.66,60.66,False
TXN_100407,14116,24265,37220.31,14642.47,60.66,False
TXN_103586,11937,20674,74299.32,29236.78,60.65,False
TXN_103252,15756,22126,90981.25,35810.22,60.64,False
TXN_108967,11789,24042,81549.52,32097.89,60.64,False
TXN_109293,15672,21893,13796.6,5430.34,60.64,False
TXN_111058,15673,25414,68323.01,26891.94,60.64,False
TXN_104380,13409,21513,22867.59,9002.97,60.63,False
TXN_109182,12328,23941,48623.59,19143.11,60.63,True
TXN_105926,10784,22310,67036.11,26398.82,60.62,False
TXN_108661,13719,21841,54060.96,21294.61,60.61,False
TXN_104201,11106,22328,83160.15,32765.1,60.6,False
TXN_105771,11448,23827,50700.3,19980.99,60.59,False
TXN_103827,15195,23027,60763.42,23952.94,60.58,False
TXN_100624,15306,20576,37220.63,14676.09,60.57,False
TXN_108236,14306,21133,59638.61,23521.47,60.56,False
TXN_105703,15437,22019,11878.73,4684.97,60.56,False
TXN_102850,10594,20349,32242.84,12716.58,60.56,False
TXN_108743,12371,21629,42861.52,16908.87,60.55,False
TXN_108014,14141,24862,30465.84,12021.82,60.54,False
TXN_103469,12715,20783,66175.69,26119.54,60.53,False
TXN_106806,13390,22033,48909.9,19304.74,60.53,True
TXN_108330,13321,24197,69676.12,27508.13,60.52,True
TXN_103724,11310,25909,87589.91,34580.5,60.52,False
TXN_108613,12236,20922,31507.54,12442.33,60.51,False
TXN_104391,13855,20801,73862.8,29168.42,60.51,False
TXN_104452,12379,20127,24787.98,9793.73,60.49,False
TXN_103258,14494,20017,36632.09,14473.34,60.49,False
TXN_104694,12033,23622,72215.2,28539.45,60.48,False
TXN_109874,11310,20381,55611.26,21977.57,60.48,False
TXN_109277,15469,22728,23222.37,9177.48,60.48,False
TXN_108350,12882,24070,30713.39,12137.93,60.48,False
TXN_107261,13505,22377,54155.48,21407.66,60.47,False
TXN_110816,13343,22179,49672.42,19635.51,60.47,False
TXN_105864,15049,24924,41850.78,16547.8,60.46,False
TXN_100960,14008,24058,58022.61,22942.14,60.46,False
TXN_101702,10363,22964,50859.88,20115.08,60.45,True
TXN_107120,12500,25391,54842.07,21690.04,60.45,True
TXN_107460,10752,21262,64135.64,25372.06,60.44,False
TXN_107313,12714,21660,17553.65,6944.22,60.44,False
TXN_104138,14591,21437,59268.98,23446.81,60.44,False
TXN_106219,15671,24018,34148.96,13519.57,60.41,False
TXN_101345,14492,25622,38789.4,15356.72,60.41,False
TXN_105102,12325,20718,48191.23,19078.91,60.41,False
TXN_102491,10793,23424,63256.74,25043.34,60.41,False
TXN_110907,15547,24288,29272.65,11591.97,60.4,False
TXN_102335,12467,22298,65076.76,25776.9,60.39,False
TXN_100666,12215,25100,37380.05,14806.24,60.39,False
TXN_111173,12469,22391,12191.18,4831.36,60.37,False
TXN_105968,12526,20556,50410.0,19982.52,60.36,False
TXN_102398,15918,23775,81052.97,32129.4,60.36,False
TXN_104494,11342,25555,15370.92,6096.11,60.34,False
TXN_103938,10235,20247,37109.02,14717.44,60.34,False
TXN_109950,10371,21164,13666.12,5421.35,60.33,False
TXN_109674,14051,21383,45390.38,18010.9,60.32,True
TXN_100688,10505,22073,50975.56,20232.2,60.31,False
TXN_101465,13550,20104,40734.66,16179.81,60.28,False
TXN_103170,12594,24774,67012.75,26617.46,60.28,False
TXN_111342,13272,22992,53289.41,21171.88,60.27,False
TXN_103840,15896,21217,37388.64,14854.51,60.27,False
TXN_102981,15592,22132,5433.01,2159.08,60.26,False
TXN_110694,15745,25486,58808.62,23370.55,60.26,False
TXN_100205,13697,24052,28128.1,11180.92,60.25,False
TXN_104938,10804,21553,37847.45,15048.15,60.24,False
TXN_111584,13193,24722,50891.32,20234.39,60.24,False
TXN_104920,10044,25533,21608.26,8591.44,60.24,False
TXN_101884,12044,20836,28768.98,11441.42,60.23,False
TXN_106601,14515,24795,69520.73,27648.39,60.23,False
TXN_109575,10838,24310,26267.09,10446.42,60.23,False
TXN_111562,13640,21730,41737.4,16603.14,60.22,False
TXN_104254,14571,25020,31922.75,12698.87,60.22,False
TXN_109857,11067,20260,18825.84,7488.92,60.22,False
TXN_104581,14740,25923,41902.74,16673.1,60.21,False
TXN_108599,13455,21499,33179.77,13205.55,60.2,False
TXN_105621,10615,25004,53899.33,21451.93,60.2,False
TXN_103382,10341,25919,68635.6,27330.7,60.18,False
TXN_110443,14954,20232,13902.07,5535.8,60.18,False
TXN_111289,11041,22392,86679.99,34515.97,60.18,False
TXN_102261,15922,24648,31003.07,12348.52,60.17,False
TXN_101931,15384,24758,77320.85,30804.63,60.16,False
TXN_107821,15112,23738,89967.46,35843.04,60.16,True
TXN_105508,10184,25872,51394.64,20475.62,60.16,False
TXN_104308,12750,22860,59706.4,23798.97,60.14,False
TXN_105782,13178,22420,77772.1,30999.96,60.14,False
TXN_101458,15159,20103,20319.72,8101.47,60.13,False
TXN_103496,15778,22182,16727.83,6671.06,60.12,False
TXN_106553,14271,21973,80714.88,32197.17,60.11,False
TXN_108006,10318,20650,45372.75,18103.73,60.1,False
TXN_106581,10699,22471,68992.63,27534.96,60.09,False
TXN_100312,10161,22076,12530.61,5000.97,60.09,False
TXN_109594,14880,25226,28080.28,11209.65,60.08,False
TXN_106511,14230,25341,51698.0,20643.01,60.07,False
TXN_100777,14785,23660,18739.09,7482.52,60.07,False
TXN_110888,12423,25671,43745.9,17467.74,60.07,False
TXN_101632,11915,24259,11896.19,4750.15,60.07,False
TXN_110974,14020,23134,16762.49,6694.94,60.06,False
TXN_105439,11749,24963,62164.28,24840.85,60.04,True
TXN_101544,10493,24706,24796.23,9911.05,60.03,False
TXN_104669,15669,25922,40133.46,16041.34,60.03,False
TXN_110691,10365,23572,58214.37,23268.28,60.03,False
TXN_105626,11588,25587,65453.92,26161.93,60.03,False
TXN_111465,10420,23099,80259.32,32079.65,60.03,False
TXN_110229,10870,23764,12538.02,5011.45,60.03,True
TXN_105278,10845,20012,73147.13,29244.22,60.02,False
TXN_111264,13232,23433,33197.46,13272.34,60.02,False
TXN_111439,12384,21927,38567.8,15419.41,60.02,False
TXN_101139,15238,23780,34700.69,13873.34,60.02,False
TXN_101958,12957,22662,55098.68,22033.96,60.01,False
TXN_109138,11873,24340,4267.73,1706.67,60.01,False
