transaction_id,user_id,product_id,final_amount,discount_percent,event_sequence_order,is_completed_purchase,average_order_value,amount_aov_ratio,amount_anomaly,discount_anomaly,rapid_purchase_indicator
TXN_109183,10618,20421,37665.76,10.52,58,False,173.46,217.1437795457166,1,0,0
TXN_109961,13650,21227,50366.66,4.31,13,False,354.2,142.19836250705816,1,0,0
TXN_102769,11654,25761,55981.15,0.11,42,False,488.92,114.49961138836619,1,0,0
TXN_102663,15381,22502,40186.09,35.53,24,False,463.62,86.67893964885035,1,0,0
TXN_107860,10552,20993,48713.7,24.89,24,False,675.87,72.0755470726619,1,0,0
TXN_103947,14654,20945,38251.02,20.65,58,False,560.68,68.22255118784334,1,0,0
TXN_102632,12248,24453,49395.33,20.09,48,False,733.88,67.30709380280155,1,0,0
TXN_107827,13338,25855,32496.64,41.31,41,False,574.21,56.59365040664565,1,0,0
TXN_108449,13397,22984,37793.75,31.66,11,False,686.45,55.05681404326608,1,0,0
TXN_100522,15879,23420,21292.55,17.8,15,False,399.02,53.36211217482833,1,0,0
TXN_106341,15664,21507,49734.94,19.29,27,False,945.96,52.57615543997632,1,0,0
TXN_108708,11676,24085,83511.29,9.68,3,True,1728.88,48.303693720790335,1,0,0
TXN_108227,12719,20855,46464.33,20.01,47,False,1025.04,45.329284710840554,1,0,0
TXN_108139,14846,22641,13066.69,68.25,21,False,300.87,43.42968724033636,1,1,0
TXN_108515,11457,23685,23629.98,16.92,3,False,551.88,42.81724287888672,1,0,0
TXN_105150,13222,22271,14254.82,74.42,5,False,334.43,42.624226295487844,1,1,0
TXN_106829,13775,25542,40581.51,0.44,42,False,1081.19,37.53411518789482,1,0,0
TXN_103092,13526,21904,47755.7,2.33,20,False,1287.61,37.08863708731681,1,0,0
TXN_105509,13359,23304,13790.68,65.32,42,False,373.63,36.909991167732784,1,1,0
TXN_111309,14864,23535,50077.1,11.47,19,False,1398.8,35.800042893909065,1,0,0
TXN_102973,10875,25617,24611.42,9.54,44,False,699.46,35.186315157407144,1,0,0
TXN_101453,11241,22226,15655.73,64.56,57,True,461.91,33.89346409473707,1,1,0
TXN_110545,12923,22461,43407.14,34.44,26,False,1413.37,30.711802288148185,1,0,0
TXN_110075,15615,21522,57660.01,13.12,34,False,1920.09,30.029847559228994,1,0,0
TXN_100230,10767,23099,48235.85,39.9,11,False,1632.08,29.554831870986717,1,0,0
TXN_100113,13100,20425,59448.93,19.55,49,False,2029.62,29.290670174712506,1,0,0
TXN_104571,10370,21077,31380.69,8.76,43,False,1110.36,28.261725926726466,1,0,0
TXN_102362,15102,23422,34851.74,5.56,14,True,1247.29,27.9419701913749,1,0,0
TXN_105055,10114,23008,46228.96,42.01,28,False,1926.4,23.997591362126247,1,0,0
TXN_111140,10416,21722,36676.75,35.45,4,False,1554.7,23.590885701421495,1,0,0
TXN_108164,12698,24053,19278.02,27.5,51,False,837.65,23.0144093595177,1,0,0
TXN_111410,11887,25793,24863.23,35.54,17,False,1149.89,21.622268216959885,1,0,0
TXN_103966,11402,25027,40529.71,56.11,49,False,1927.02,21.0323245218005,1,0,0
TXN_106999,11129,21383,44877.47,1.13,55,False,2177.87,20.606128924132296,1,0,0
TXN_100457,10117,24774,63038.89,5.93,41,True,3109.47,20.273194467224318,1,0,0
TXN_109717,13844,25948,58271.01,14.63,46,False,2898.9,20.101076270309427,1,0,0
TXN_104419,11000,22219,75870.48,7.79,16,True,4047.23,18.746273377099893,1,0,0
TXN_101213,13508,21353,45150.69,26.9,24,False,2425.93,18.611703552864263,1,0,0
TXN_107667,11224,25605,30610.57,47.46,6,False,1706.8,17.93447972814624,1,0,0
TXN_102106,10282,23132,42192.32,29.99,48,False,2544.47,16.58196795403365,1,0,0
TXN_103033,13751,23085,50947.77,1.35,12,False,3219.49,15.824795231542884,1,0,0
TXN_110646,15828,24992,55902.25,3.59,38,False,3533.79,15.819346933462374,1,0,0
TXN_103014,13670,20985,57637.32,9.6,57,False,3807.81,15.136606080660536,1,0,0
TXN_105751,10658,22010,31729.73,44.4,13,False,2126.92,14.918158651947417,1,0,0
TXN_110379,15020,21339,65306.89,4.39,24,False,4389.01,14.879640283344079,1,0,0
TXN_100402,10525,21403,32729.05,3.76,45,False,2202.91,14.857188900136638,1,0,0
TXN_100072,13844,21405,42945.43,35.54,54,False,2898.9,14.814388216219946,1,0,0
TXN_103387,15483,20701,29309.86,43.31,23,False,1979.73,14.804978456658231,1,0,0
TXN_107774,10414,21154,55301.65,10.08,19,False,3741.8,14.779424341226148,1,0,0
TXN_104314,13451,22910,56324.98,20.44,23,False,3859.85,14.592530797828932,1,0,0
TXN_110231,10094,24256,21005.03,14.18,45,False,1456.61,14.420490041946712,1,0,0
TXN_109009,10767,20552,22993.66,54.2,48,False,1632.08,14.088561835204157,1,0,0
TXN_110023,15828,21829,48968.71,0.63,48,False,3533.79,13.857277880123041,1,0,0
TXN_108454,10619,23731,55434.43,5.94,50,False,4003.86,13.845246836802486,1,0,0
TXN_101429,12059,23010,47610.53,12.05,43,False,3467.23,13.731575349774893,1,0,0
TXN_109508,14037,23966,87740.86,3.03,22,False,6558.84,13.377496630501735,1,0,0
TXN_102691,10370,23647,14668.65,68.99,13,False,1110.36,13.2107154436399,1,1,0
TXN_100158,13061,21874,67246.37,27.1,47,False,5122.56,13.12749289417791,1,0,0
TXN_104888,15814,21311,31351.3,34.65,22,False,2477.91,12.65231586296516,1,0,0
TXN_110168,14393,22649,32710.96,21.77,18,False,2645.56,12.364474818185942,1,0,0
TXN_100176,14030,24162,27407.36,63.68,22,False,2263.84,12.106579970315924,1,1,0
TXN_109425,15260,24675,28197.72,23.75,44,True,2358.61,11.955227867260803,1,0,0
TXN_106087,14428,20861,49942.85,4.48,41,False,4230.45,11.80556441986077,1,0,0
TXN_101768,12354,24022,45630.41,40.73,2,False,3883.38,11.750178967806395,1,0,0
TXN_108809,13072,25804,10910.0,68.53,8,True,939.18,11.616516535701356,1,1,0
TXN_109639,14440,24953,54400.3,10.11,1,False,4687.0,11.606635374439941,1,0,0
TXN_111702,10538,25048,47484.01,31.77,32,False,4095.76,11.593455182920874,1,0,0
TXN_110794,14412,24723,40094.81,33.75,25,True,3538.18,11.332043593033706,1,0,0
TXN_103579,15828,24148,39899.31,14.38,42,False,3533.79,11.290798264752574,1,0,0
TXN_105404,14661,25525,14149.64,58.9,1,False,1258.27,11.245313009131586,1,0,0
TXN_104063,14782,22128,57053.48,24.23,55,False,5087.2,11.215104576191225,1,0,0
TXN_111768,11884,23013,37292.73,34.53,8,False,3397.42,10.97677943851511,1,0,0
TXN_103070,12275,20422,72566.91,11.67,26,False,6671.56,10.877052743286427,1,0,0
TXN_108274,10525,21742,23957.28,56.67,11,True,2202.91,10.875287687649518,1,0,0
TXN_110996,10501,20019,30382.71,55.74,29,False,2806.65,10.825257869702314,1,0,0
TXN_100914,12767,25436,36690.02,36.14,20,False,3425.64,10.71041323665067,1,0,0
TXN_109452,13621,23619,20397.15,42.8,51,False,1904.81,10.70823336710748,1,0,0
TXN_101342,14803,24259,10469.84,11.99,54,False,987.08,10.606880901244073,1,0,0
TXN_109285,11889,22279,33007.85,50.84,6,False,3176.44,10.391460251098714,1,0,0
TXN_110869,11510,23654,36692.51,25.57,59,False,3571.15,10.2747042269297,1,0,0
TXN_111790,14830,22412,74910.17,3.76,49,False,7455.04,10.048258627720307,1,0,0
TXN_110674,10296,22877,20501.93,73.26,43,False,2388.38,8.584031854227552,0,1,0
TXN_106614,12113,22219,31718.98,61.45,53,False,3806.62,8.332583761972563,0,1,0
TXN_111213,13508,21887,19988.39,66.19,36,False,2425.93,8.239475170347042,0,1,0
TXN_103262,15949,23140,16941.26,74.94,56,False,2082.14,8.136465367362424,0,1,0
TXN_102762,13755,24620,18191.59,69.64,40,False,2406.84,7.558288045736318,0,1,0
TXN_107891,10258,25473,12295.11,68.05,26,False,1628.44,7.5502382648424256,0,1,0
TXN_108869,10454,21961,9310.41,60.9,17,False,1233.25,7.54949118183661,0,1,0
TXN_109971,12692,22420,22063.94,71.63,44,False,2990.34,7.378405131189096,0,1,0
TXN_109220,11264,21240,27243.62,68.59,26,False,3846.74,7.082261863292034,0,1,0
TXN_107226,14705,23577,17393.51,70.49,8,False,2905.17,5.987088535266439,0,1,0
TXN_101863,10117,25394,18374.63,68.12,23,False,3109.47,5.9092481998539945,0,1,0
TXN_108474,10602,20055,24515.0,60.94,19,False,4227.83,5.798482909672337,0,1,0
TXN_109627,13401,24140,9260.23,65.84,32,False,1624.54,5.700216676720795,0,1,0
TXN_103406,12175,23328,23223.42,60.95,29,False,4402.83,5.274657436239873,0,1,0
TXN_105895,12852,23970,25368.46,62.4,43,False,4985.47,5.088479120323661,0,1,0
TXN_101625,12737,20760,23124.18,60.92,37,False,4777.09,4.840641478389563,0,1,0
TXN_106360,12156,21642,9557.96,63.73,23,False,2010.02,4.75515666510781,0,1,0
TXN_111540,14095,21203,20858.44,68.34,10,False,4423.33,4.715551405841301,0,1,0
TXN_110640,12649,21954,21831.68,66.48,58,False,4709.77,4.635402578045213,0,1,0
TXN_106765,10199,24102,19390.32,73.58,9,False,4239.35,4.573889865191598,0,1,0
TXN_103408,13629,24272,19062.03,62.04,32,False,4224.49,4.512267753030543,0,1,0
TXN_101174,11640,21536,38860.13,34.99,2,True,8792.52,4.419680592139683,0,0,1
TXN_103598,15499,24294,26429.82,64.51,35,False,6288.16,4.2031086995241855,0,1,0
TXN_108929,13299,21474,19244.93,73.71,20,False,4952.48,3.8859177624139827,0,1,0
TXN_102972,12298,22845,20119.36,67.58,12,False,5377.59,3.7413339432719863,0,1,0
TXN_108328,12273,21004,36136.35,4.75,1,True,9874.16,3.659688520339958,0,0,1
TXN_108014,14141,24862,12021.82,60.54,53,False,3384.06,3.5524842940136994,0,1,0
TXN_111977,10074,24006,12828.09,74.87,27,False,3797.04,3.3784447885721507,0,1,0
TXN_100163,13628,21227,20217.2,61.59,35,False,6346.01,3.18581281781781,0,1,0
TXN_100698,13628,23205,19956.93,73.26,37,False,6346.01,3.1447996457616676,0,1,0
TXN_103674,11947,21818,52599.38,14.96,1,True,16740.76,3.141994748147635,0,0,1
TXN_108914,11551,25190,10760.15,72.79,49,False,3435.28,3.132248317458839,0,1,0
TXN_104966,13250,21430,31373.76,62.86,27,False,10210.08,3.0728221522260353,0,1,0
TXN_105533,12399,20526,17351.2,68.42,9,False,5671.35,3.0594479268604475,0,1,0
TXN_108109,10173,20694,26170.87,66.81,51,True,8566.56,3.055003408602753,0,1,0
TXN_107840,10983,22626,29373.03,67.94,27,False,9779.46,3.003543140418796,0,1,0
TXN_100413,11167,21351,13041.29,61.78,44,True,4456.9,2.926089883102605,0,1,0
TXN_111506,10685,25843,12117.07,73.89,34,False,4209.76,2.878327980692486,0,1,0
TXN_105702,11896,22424,39220.62,16.4,2,True,13650.45,2.873210773271211,0,0,1
TXN_109769,13413,23042,19439.42,62.51,45,False,6841.01,2.8416008747246386,0,1,0
TXN_111490,11805,22734,26960.98,34.67,1,True,9696.61,2.78045419997298,0,0,1
TXN_109170,12428,21606,25842.98,65.39,7,True,9316.41,2.7739204264303523,0,1,0
TXN_100945,11297,21430,28543.87,66.21,39,False,10408.89,2.7422587807153307,0,1,0
TXN_107331,13358,24605,22798.67,62.31,17,False,8358.19,2.7277042039006054,0,1,0
TXN_100932,12798,24401,20188.93,67.22,58,False,7506.72,2.6894475882942217,0,1,0
TXN_105820,15847,21715,27173.9,61.71,50,False,10114.79,2.6865510801509473,0,1,0
TXN_106680,15651,22024,23825.87,65.8,43,False,9275.61,2.568658018178858,0,1,0
TXN_107068,15085,20811,28554.97,63.15,37,False,11145.16,2.5620960129778307,0,1,0
TXN_107526,14531,23248,49166.1,25.66,1,True,19276.28,2.5506010495801057,0,0,1
TXN_106662,15657,25369,30743.78,60.92,55,False,12149.26,2.530506384751005,0,1,0
TXN_106769,10791,25035,14967.14,73.31,46,False,5971.47,2.5064414624874614,0,1,0
TXN_100960,14008,24058,22942.14,60.46,57,False,9180.27,2.499070288782356,0,1,0
TXN_100151,11723,21130,11087.25,71.53,29,False,4448.89,2.492138488476901,0,1,0
TXN_106632,11883,22148,31618.99,61.08,7,False,12791.13,2.471946575478476,0,1,0
TXN_101703,12605,21478,35258.68,62.61,14,False,14292.89,2.4668684919564905,0,1,0
TXN_110457,15847,23313,24745.71,68.82,26,False,10114.79,2.4464877669234855,0,1,0
TXN_110953,10566,24709,16778.83,62.41,18,False,6883.4,2.437578812796002,0,1,0
TXN_106552,12861,22704,77537.19,6.35,2,True,31870.98,2.432846118945825,0,0,1
TXN_104618,11338,23493,13511.87,62.81,21,False,5562.01,2.4293142227360254,0,1,0
TXN_104578,15529,24071,9484.37,71.12,29,False,3919.79,2.4196117649159774,0,1,0
TXN_101536,14460,23677,28432.13,62.78,16,False,11830.17,2.4033576863223436,0,1,0
TXN_100439,14870,25029,17883.75,61.28,21,False,7613.84,2.348847624851586,0,1,0
TXN_101199,13418,24436,14473.17,64.28,12,True,6223.04,2.325739509950121,0,1,0
TXN_104567,10176,21036,34895.44,61.36,20,False,15026.58,2.322247643841779,0,1,0
TXN_109623,12273,20561,22915.25,60.69,44,False,9874.16,2.320729054420832,0,1,0
TXN_103252,15756,22126,35810.22,60.64,40,False,15673.77,2.2847228203552814,0,1,0
TXN_101962,12170,21840,43571.17,8.01,1,True,19096.77,2.281598930080846,0,0,1
TXN_101913,11710,21398,14000.95,74.53,1,False,6137.99,2.2810317384029624,0,1,0
TXN_108772,15027,20798,13933.92,64.83,3,False,6179.49,2.2548656927998914,0,1,0
TXN_106309,14426,22822,15529.5,73.56,29,False,7024.9,2.21063645034093,0,1,0
TXN_103469,12715,20783,26119.54,60.53,31,False,11851.69,2.2038662840489414,0,1,0
TXN_103100,11899,24840,25647.93,64.54,23,False,11670.63,2.197647427773822,0,1,0
TXN_101883,10729,22547,71323.67,4.56,1,True,32503.87,2.1943131694779727,0,0,1
TXN_105926,10784,22310,26398.82,60.62,6,False,12174.44,2.16838064009515,0,1,0
TXN_102986,12540,22252,19930.82,70.13,30,True,9231.55,2.1589895521337152,0,1,0
TXN_103670,13489,24808,31798.81,64.24,4,False,14778.68,2.1516678079503717,0,1,0
TXN_104916,13572,21908,18692.83,62.23,25,False,8697.9,2.1491199025052024,0,1,0
TXN_107006,15719,25000,16961.32,61.1,23,True,7920.88,2.14134288109402,0,1,0
TXN_109022,12073,24943,17128.3,70.77,56,False,8013.46,2.137441255088314,0,1,0
TXN_108096,13687,25322,30873.0,65.67,44,False,14461.4,2.134855546489275,0,1,0
TXN_111944,13964,22512,21977.76,72.01,54,False,10400.55,2.113134401546072,0,1,0
TXN_110458,10497,25230,20311.49,67.35,15,True,9618.7,2.1116668572676143,0,1,0
TXN_101936,11108,25713,33631.72,60.97,15,False,15954.99,2.1079123208475843,0,1,0
TXN_105439,11749,24963,24840.85,60.04,3,True,12082.96,2.055858001681707,0,1,0
TXN_102028,14574,20896,18783.45,72.31,8,False,9159.44,2.050720349715703,0,1,0
TXN_109743,15756,25897,31960.77,65.7,5,False,15673.77,2.0391246011648763,0,1,0
TXN_109369,10824,25183,13777.22,74.74,59,False,6768.25,2.0355660621283196,0,1,0
TXN_110605,14956,21822,22119.33,64.31,51,False,10989.24,2.0128170828919925,0,1,0
TXN_100880,11970,20358,32433.65,63.35,45,False,16115.88,2.0125273953392555,0,1,0
TXN_111896,15155,20957,28773.64,65.22,56,False,14428.34,1.994244660161876,0,1,0
TXN_101530,12668,25121,62730.09,12.19,2,True,31738.28,1.9764804519967687,0,0,1
TXN_106337,10756,24037,30068.29,60.91,41,False,15283.2,1.967408003559464,0,1,0
TXN_100136,10207,21919,18435.03,69.61,14,False,9409.88,1.9591142501285883,0,1,0
TXN_107880,15442,24414,23094.81,64.66,40,False,11816.54,1.9544477486641605,0,1,0
TXN_109503,13235,23656,19802.17,70.39,18,False,10141.59,1.9525705535325328,0,1,0
TXN_107649,13384,25384,18468.96,60.82,15,False,9483.44,1.9474958453894367,0,1,0
TXN_105273,13104,24132,16863.63,68.91,28,False,8692.05,1.9401211451843925,0,1,0
TXN_106706,11872,22436,16166.03,63.04,25,True,8342.17,1.9378686840474362,0,1,0
TXN_107695,14003,25531,17060.97,69.51,13,False,8812.05,1.936095460193712,0,1,0
TXN_100226,10203,20781,20023.97,68.9,15,False,10379.66,1.9291547121967385,0,1,0
TXN_101208,15032,25971,17766.5,67.35,11,False,9250.31,1.9206383353638958,0,1,0
TXN_101401,14827,25603,12807.75,61.48,20,False,6684.45,1.916051432802998,0,1,0
TXN_101412,12682,24203,20585.9,66.78,23,False,10814.47,1.90355144542451,0,1,0
TXN_103651,11511,23938,21625.61,62.08,33,False,11414.36,1.8945968061284206,0,1,0
TXN_111557,14081,24122,26280.53,69.98,47,False,13971.68,1.8809856796033118,0,1,0
TXN_103244,12947,20612,22874.89,70.8,44,False,12267.33,1.86469997953915,0,1,0
TXN_106055,14297,25442,10482.55,74.76,25,False,5643.96,1.8573040914535186,0,1,0
TXN_111964,10074,22385,7049.87,70.12,55,False,3797.04,1.8566751996291848,0,1,0
TXN_110580,10482,21448,15332.91,69.8,28,False,8291.28,1.849281413726228,0,1,0
TXN_100675,14850,20976,25474.18,66.88,53,False,14002.01,1.8193230829002407,0,1,0
TXN_102045,14600,22123,25638.13,64.62,35,True,14125.44,1.8150323104979385,0,1,0
TXN_104671,10063,22157,21318.58,65.94,3,False,11916.17,1.7890463126994665,0,1,0
TXN_106481,13568,21707,13678.27,74.73,9,False,7646.08,1.7889258286599146,0,1,0
TXN_103553,14929,20403,26579.4,63.27,31,False,14973.8,1.7750604388999451,0,1,0
TXN_103190,11071,23568,26750.1,41.0,1,True,15159.58,1.7645673560877015,0,0,1
TXN_104401,14174,23369,15711.33,63.31,31,False,8907.43,1.7638454638431063,0,1,0
TXN_110608,14109,22591,21160.04,69.31,54,False,12024.08,1.759805323983207,0,1,0
TXN_110840,12109,25292,21270.44,61.77,58,False,12164.14,1.748618480221372,0,1,0
TXN_108537,10320,24745,19167.72,65.82,38,False,10968.14,1.7475816318901838,0,1,0
TXN_111200,13028,24854,16111.89,71.48,7,False,9244.07,1.742943313929903,0,1,0
TXN_110890,14600,22090,24460.69,57.8,1,True,14125.44,1.7316763230030356,0,0,1
TXN_103334,15526,22423,10815.8,62.32,58,False,6325.47,1.7098808467987359,0,1,0
TXN_105305,11631,25981,21337.47,63.49,51,False,12517.26,1.7046438278025702,0,1,0
TXN_105549,15553,23649,29544.31,65.57,35,False,17364.19,1.7014505139600522,0,1,0
TXN_102852,14156,20397,22962.18,63.04,10,True,13496.72,1.701315578896206,0,1,0
TXN_102128,15343,24472,28571.32,66.62,2,False,16914.58,1.6891533812840756,0,1,0
TXN_104460,10888,23136,22449.0,63.52,16,False,13318.8,1.6855122083070546,0,1,0
TXN_110237,14948,21679,24046.2,60.74,37,False,14296.88,1.6819194117877467,0,1,0
TXN_109085,13555,21673,21911.72,68.9,37,False,13028.32,1.6818530708487358,0,1,0
TXN_106152,11535,21334,17397.03,63.26,43,False,10405.11,1.6719698302084265,0,1,0
TXN_100139,11485,20689,11825.33,70.19,21,False,7125.76,1.659518423298006,0,1,0
TXN_111833,15771,23602,26149.01,61.75,46,False,15796.28,1.6553903830522123,0,1,0
TXN_100714,11257,20490,27380.96,63.57,14,False,16629.76,1.6465036176108374,0,1,0
TXN_104804,10205,25053,22387.14,63.32,46,False,13718.12,1.6319393619533873,0,1,0
TXN_107956,15202,21102,28179.64,65.7,22,False,17286.35,1.6301671550095884,0,1,0
TXN_101930,10716,22021,32457.05,64.64,38,False,20183.43,1.608103776216431,0,1,0
TXN_102844,15175,22109,31388.47,62.85,49,False,19638.11,1.5983447490619005,0,1,0
TXN_109828,14073,23490,11319.28,69.1,33,False,7118.92,1.5900277008310248,0,1,0
TXN_108695,14754,21489,8070.23,74.17,4,False,5098.7,1.5828014984211662,0,1,0
TXN_103586,11937,20674,29236.78,60.65,51,False,18510.96,1.5794307804673555,0,1,0
TXN_101396,11623,21068,14212.83,72.8,23,False,9129.92,1.5567310556938068,0,1,0
TXN_105985,12364,22952,10536.3,69.83,26,False,6808.82,1.5474487502974084,0,1,0
TXN_110014,14110,25869,24170.63,65.92,22,False,15633.97,1.546032773505386,0,1,0
TXN_104878,12605,23843,22026.54,65.64,47,False,14292.89,1.5410837136506332,0,1,0
TXN_104406,14797,21195,19333.24,62.49,19,False,12547.88,1.540757482538883,0,1,0
TXN_109857,11067,20260,7488.92,60.22,6,False,4909.7,1.5253314866488787,0,1,0
TXN_106660,10028,25807,12646.53,68.49,53,False,8292.64,1.5250306295703178,0,1,0
TXN_107415,11937,25635,28224.79,61.4,8,False,18510.96,1.5247610064523935,0,1,0
TXN_104763,14385,23693,23973.88,60.99,20,False,15813.77,1.5160129431501785,0,1,0
TXN_101931,15384,24758,30804.63,60.16,22,False,20358.39,1.513117196399126,0,1,0
TXN_103167,10981,21069,28834.99,67.48,54,False,19087.22,1.5106961621440942,0,1,0
TXN_111369,14582,22057,31980.9,61.25,49,False,21185.12,1.5095925819631892,0,1,0
TXN_111289,11041,22392,34515.97,60.18,39,False,22963.87,1.5030554518902954,0,1,0
TXN_103356,13452,22819,9454.35,66.88,39,False,6296.28,1.5015771217290208,0,1,0
TXN_107117,12156,23855,2996.89,64.12,6,False,2010.02,1.4909752141769734,0,1,0
TXN_105840,12096,20507,21052.49,62.56,6,False,14186.61,1.4839690384101627,0,1,0
TXN_110579,10118,25573,22301.9,64.56,36,False,15039.57,1.4828814919575493,0,1,0
TXN_100966,11762,21157,23838.03,69.5,5,False,16144.11,1.4765775257973341,0,1,0
TXN_103038,14667,25885,25669.15,66.55,27,False,17387.5,1.4762990654205608,0,1,0
TXN_107972,12437,23151,21942.46,63.8,20,False,15014.16,1.4614510568689822,0,1,0
TXN_109555,11442,25952,16850.56,73.42,50,False,11548.97,1.4590530584112695,0,1,0
TXN_102764,11725,25120,32002.5,63.19,55,False,22117.33,1.4469422846247717,0,1,0
TXN_109491,12736,22020,49216.5,25.05,2,True,34026.18,1.4464303662650346,0,0,1
TXN_106010,15506,21168,27962.06,63.11,47,False,19350.88,1.445001984405877,0,1,0
TXN_101975,11990,23365,16686.01,68.15,45,False,11552.13,1.4444098187953218,0,1,0
TXN_105359,11974,23610,21080.1,62.81,12,False,14642.38,1.4396634973276201,0,1,0
TXN_111727,15741,24269,23627.44,74.12,28,False,16458.63,1.4355654146183492,0,1,0
TXN_110176,11729,24204,21470.19,68.07,35,False,14964.33,1.4347578541772334,0,1,0
TXN_111273,13912,21850,18118.27,70.84,54,False,12667.17,1.4303328999295029,0,1,0
TXN_111631,10746,25938,28874.76,65.5,44,False,20268.54,1.424609764689514,0,1,0
TXN_103030,16000,22844,23491.2,65.71,36,False,16700.57,1.4066106725698584,0,1,0
TXN_107981,12766,22178,27546.25,70.34,38,True,19635.97,1.4028464089118082,0,1,0
TXN_107965,15158,21767,22509.21,67.81,22,False,16056.04,1.4019154162545684,0,1,0
TXN_103182,14385,20988,22064.3,67.14,14,False,15813.77,1.3952586891044956,0,1,0
TXN_100631,14331,21867,22236.76,69.17,39,False,16071.08,1.3836506320670423,0,1,0
TXN_105909,13983,21492,25096.96,63.31,34,False,18138.58,1.3836231943184085,0,1,0
TXN_100159,12694,24142,25375.81,63.84,26,False,18426.02,1.3771726069981471,0,1,0
TXN_104111,15259,23696,26335.33,60.77,21,False,19128.01,1.376794031370749,0,1,0
TXN_104449,10113,23312,23775.42,61.62,17,False,17316.17,1.373018398410272,0,1,0
TXN_104201,11106,22328,32765.1,60.6,3,False,24078.29,1.3607735433039472,0,1,0
TXN_111465,10420,23099,32079.65,60.03,56,False,23581.05,1.3603995581197614,0,1,0
TXN_101573,12425,21586,34362.44,61.29,59,False,25262.72,1.3602034935272211,0,1,0
TXN_104795,10946,23460,26745.69,67.74,24,True,19689.61,1.3583656557951123,0,1,0
TXN_105259,10777,23865,16455.37,61.08,18,False,12241.55,1.3442227495701116,0,1,0
TXN_111179,12902,23496,29684.81,60.75,33,False,22134.05,1.3411377493048042,0,1,0
TXN_100488,14046,24791,32496.93,63.47,32,False,24450.67,1.3290813707763427,0,1,0
TXN_105508,10184,25872,20475.62,60.16,45,False,15416.37,1.3281738826974183,0,1,0
TXN_105968,12526,20556,19982.52,60.36,6,False,15053.24,1.3274564146987626,0,1,0
TXN_102996,12353,25159,26925.05,64.42,10,False,20317.15,1.3252375456203256,0,1,0
TXN_110963,12983,23255,14214.74,67.72,30,False,10842.59,1.3110096388409043,0,1,0
TXN_109400,10090,22680,25125.03,62.52,2,False,19171.18,1.3105625214514705,0,1,0
TXN_110571,14606,24654,29009.04,64.2,55,False,22138.16,1.310363643590976,0,1,0
TXN_108275,10888,22674,17437.62,61.35,4,False,13318.8,1.309248580953239,0,1,0
TXN_107040,12411,23205,25643.98,65.64,18,False,19962.7,1.2845947692446413,0,1,0
TXN_109299,11778,21285,28684.02,63.44,57,False,22347.8,1.2835276850517725,0,1,0
TXN_103537,11443,23553,24094.9,67.91,50,False,18932.54,1.2726712844657928,0,1,0
TXN_104588,13857,21899,22487.15,61.7,18,False,17677.66,1.272065986109021,0,1,0
TXN_105310,12893,21647,23201.48,66.47,18,False,18241.64,1.2718966057876375,0,1,0
TXN_100550,12083,20081,19762.94,63.29,33,False,15547.56,1.2711280741158097,0,1,0
TXN_102645,10408,25266,17882.54,73.59,47,True,14073.53,1.2706506469947483,0,1,0
TXN_107821,15112,23738,35843.04,60.16,53,True,28229.2,1.269715046830941,0,1,0
TXN_111999,15046,24986,27665.07,69.13,26,False,21811.94,1.2683452274304807,0,1,0
TXN_107591,15308,24117,18932.69,62.78,52,False,15060.22,1.2571323659282534,0,1,0
TXN_101129,10951,22358,19611.58,64.77,42,False,15611.88,1.2561959225922823,0,1,0
TXN_111223,14089,24645,12961.27,70.29,39,False,10323.64,1.2554941861591453,0,1,0
TXN_105889,11828,20677,17650.67,68.12,50,False,14064.41,1.254988300255752,0,1,0
TXN_101702,10363,22964,20115.08,60.45,20,True,16041.36,1.2539510365704654,0,1,0
TXN_104391,13855,20801,29168.42,60.51,4,False,23276.11,1.2531483997970452,0,1,0
TXN_105123,13506,21019,13732.52,72.36,34,False,10960.99,1.2528539849046483,0,1,0
TXN_105283,11235,25864,31772.89,60.92,6,False,25363.04,1.252724042543796,0,1,0
TXN_103765,14045,24308,23532.95,71.38,59,False,18867.9,1.2472479714223628,0,1,0
TXN_109672,14089,20257,12814.97,68.5,21,False,10323.64,1.241322827994777,0,1,0
TXN_108058,10688,25254,24120.51,64.46,48,False,19469.21,1.2389054306774645,0,1,0
TXN_102710,10936,20685,18906.15,64.31,9,False,15266.37,1.2384181701347472,0,1,0
TXN_110185,12318,21386,19867.06,63.34,3,False,16083.23,1.2352655530014804,0,1,0
TXN_106144,12238,25644,27531.46,64.66,58,False,22301.22,1.2345270796844299,0,1,0
TXN_105214,10904,24615,14605.0,61.75,58,False,11851.58,1.2323251414579321,0,1,0
TXN_108849,10617,22431,31735.56,61.81,31,False,25775.31,1.2312387319492957,0,1,0
TXN_101078,14821,24850,33932.67,63.67,24,False,27682.13,1.2257969310887564,0,1,0
TXN_108743,12371,21629,16908.87,60.55,50,False,13874.65,1.2186880389775598,0,1,0
TXN_109094,15532,20088,28430.46,62.11,11,False,23344.14,1.2178842313317175,0,1,0
TXN_110433,14617,22129,20890.34,69.66,5,False,17186.41,1.2155150493907687,0,1,0
TXN_105861,11013,23823,30133.83,60.74,48,False,24795.83,1.215278133460344,0,1,0
TXN_111447,15902,21972,16549.55,72.0,4,False,13673.24,1.2103605290333528,0,1,0
TXN_106085,15248,24674,18522.78,66.01,51,False,15346.78,1.2069489495516323,0,1,0
TXN_107469,13092,25197,23419.98,64.22,45,False,19431.16,1.205279561281982,0,1,0
TXN_100937,13087,25709,39970.26,45.53,2,True,33253.02,1.2020039082164566,0,0,1
TXN_107673,12447,22610,15577.88,71.88,9,False,12971.01,1.2009766394444226,0,1,0
TXN_100339,10960,25732,24200.81,62.63,7,False,20169.64,1.1998632598301209,0,1,0
TXN_100912,11277,24720,12278.32,69.92,22,False,10256.07,1.1971759163110236,0,1,0
TXN_100656,10511,24534,18804.42,68.85,19,False,15736.63,1.1949458047879375,0,1,0
TXN_105030,10299,22251,25356.27,68.71,56,False,21242.9,1.1936350498284132,0,1,0
TXN_100940,14581,23503,13998.66,64.1,36,False,11750.91,1.1912830580780551,0,1,0
TXN_103048,11178,25579,22623.37,62.83,55,False,19013.63,1.1898501233062808,0,1,0
TXN_107136,10438,22604,15460.81,70.93,3,False,13011.11,1.1882775566419774,0,1,0
TXN_106379,13986,22083,28300.96,64.34,39,False,23851.57,1.1865449528060417,0,1,0
TXN_109898,14945,20784,15689.1,70.06,1,False,13237.55,1.1851966564809953,0,1,0
TXN_104456,12950,20482,31920.53,65.6,31,False,27043.38,1.1803454301940068,0,1,0
TXN_103367,15972,23954,44541.22,37.22,1,True,37776.16,1.179082786604038,0,0,1
TXN_103403,11518,20383,20244.68,69.72,55,False,17194.82,1.1773708593634595,0,1,0
TXN_103459,11997,21287,20281.37,67.95,15,False,17251.03,1.1756613952906,0,1,0
TXN_110244,10768,23916,33477.89,62.51,40,False,28505.44,1.1744386334678574,0,1,0
TXN_101182,15960,24921,33527.9,63.43,44,False,28589.53,1.1727335146817734,0,1,0
TXN_103336,12902,21748,25908.17,61.06,18,False,22134.05,1.1705119487847908,0,1,0
TXN_101411,14798,25160,12894.48,73.47,2,False,11027.88,1.1692619070936572,0,1,0
TXN_110005,11841,24604,8692.62,72.39,31,False,7450.56,1.1667069320963792,0,1,0
TXN_110080,11937,24347,21594.74,71.17,52,False,18510.96,1.1665921162381638,0,1,0
TXN_100875,11888,22939,22896.16,61.37,54,False,19654.83,1.1649126448816907,0,1,0
TXN_105778,12672,21116,18314.72,72.32,49,False,15747.94,1.1629914769804812,0,1,0
TXN_105276,13803,23056,14718.9,69.04,51,False,12674.24,1.1613240715025122,0,1,0
TXN_102887,12449,22836,30829.97,62.0,15,False,26562.16,1.1606725507262965,0,1,0
TXN_108138,15211,20816,17842.99,70.67,53,False,15435.5,1.1559709759968904,0,1,0
TXN_101435,14194,22551,9277.84,72.75,41,False,8028.28,1.1556447956473865,0,1,0
TXN_105075,15396,23438,19000.07,69.4,47,False,16449.37,1.1550636893692585,0,1,0
TXN_100365,11140,23551,14879.59,61.14,44,False,12897.32,1.1536962717835955,0,1,0
TXN_111329,13334,20898,10376.45,69.49,9,False,9000.19,1.152914549581731,0,1,0
TXN_110033,14946,21236,15799.07,72.5,41,False,13795.95,1.1451962351269758,0,1,0
TXN_106774,11175,23316,22374.72,70.75,48,False,19555.36,1.1441732599144172,0,1,0
TXN_102313,11073,25667,14634.13,70.16,40,False,12792.04,1.1440028330117793,0,1,0
TXN_102729,15342,20876,22817.91,61.23,22,False,19956.5,1.143382356625661,0,1,0
TXN_108927,14156,20596,15403.5,74.23,53,False,13496.72,1.1412772881114819,0,1,0
TXN_100603,14361,21666,17398.85,64.36,6,False,15249.32,1.1409590722733867,0,1,0
TXN_100944,11977,24273,12192.87,71.28,3,False,10731.38,1.136188449202246,0,1,0
TXN_102902,10837,20339,27005.76,63.36,14,False,23811.68,1.1341392123529292,0,1,0
TXN_104262,13608,25094,25566.1,65.83,27,False,22551.7,1.1336661981136678,0,1,0
TXN_103051,14980,23897,34154.49,60.9,4,False,30144.22,1.1330361177034933,0,1,0
TXN_102742,14352,22020,18136.89,72.38,41,False,16007.52,1.1330231041410537,0,1,0
TXN_111523,14629,22218,18669.84,63.41,43,False,16485.85,1.1324766390571308,0,1,0
TXN_108894,12264,25266,23482.26,65.32,45,False,20792.27,1.1293745223585496,0,1,0
TXN_103135,12244,25487,20281.59,69.18,17,True,18003.68,1.1265246882859503,0,1,0
TXN_108408,11604,21978,27893.34,67.13,18,False,24772.02,1.1260018359423252,0,1,0
TXN_102908,15891,23988,31315.5,63.62,34,False,27839.7,1.1248504833026218,0,1,0
TXN_106301,10244,21999,25121.74,61.42,1,False,22346.45,1.1241937757451408,0,1,0
TXN_111742,13177,23667,29611.07,65.71,53,False,26403.33,1.1214899787261683,0,1,0
TXN_105010,10690,23063,25912.18,69.4,55,True,23137.68,1.119912627367999,0,1,0
TXN_107011,15138,21781,31224.45,62.95,57,False,27943.41,1.1174173087679706,0,1,0
TXN_108210,12420,24863,22125.05,64.25,34,False,19828.87,1.1157998413424466,0,1,0
TXN_106129,10610,24354,19656.37,66.09,16,False,17622.07,1.1154404675500664,0,1,0
TXN_106553,14271,21973,32197.17,60.11,13,False,28909.29,1.1137309148720014,0,1,0
TXN_109553,11667,25757,22852.16,60.96,21,False,20532.32,1.1129847966523023,0,1,0
TXN_110156,11730,20114,10733.34,68.72,6,False,9652.11,1.112020066078816,0,1,0
TXN_103927,15924,21945,20158.78,66.86,14,False,18142.99,1.1111057218242417,0,1,0
TXN_110908,12686,25865,13607.35,61.97,34,True,12291.51,1.1070527542995123,0,1,0
TXN_100211,14738,23375,27729.58,65.55,4,False,25072.52,1.1059749877555187,0,1,0
TXN_103181,10931,20970,6550.57,67.92,2,False,5931.39,1.104390370553951,0,1,0
TXN_103473,15798,23332,22064.13,69.01,57,False,19987.1,1.1039185274502055,0,1,0
TXN_102103,10969,25788,21418.88,61.32,16,False,19407.84,1.1036199803790634,0,1,0
TXN_107001,14324,23864,24729.81,66.35,22,False,22440.15,1.1020340773123174,0,1,0
TXN_108572,14526,20085,19474.91,67.39,50,False,17686.9,1.1010923338742233,0,1,0
TXN_104016,10195,23045,23356.66,68.14,23,False,21220.92,1.1006431389402533,0,1,0
TXN_106511,14230,25341,20643.01,60.07,15,False,18791.75,1.0985145076961964,0,1,0
TXN_109895,11187,22703,16157.15,61.3,46,False,14755.46,1.0949946663811227,0,1,0
TXN_100568,13349,25495,27236.01,62.06,11,False,24909.89,1.0933813838599848,0,1,0
TXN_106181,12077,20036,25421.16,67.36,30,False,23264.03,1.092723831597535,0,1,0
TXN_104723,11572,25539,24739.78,60.86,20,False,22668.2,1.0913870532287522,0,1,0
TXN_103973,12832,20416,25878.54,62.04,37,False,23803.4,1.087178302259341,0,1,0
TXN_109615,14632,24492,21566.02,67.95,59,False,19909.67,1.083193242278752,0,1,0
TXN_107565,10005,20167,27945.87,63.47,41,False,25800.07,1.0831703169797602,0,1,0
TXN_108465,11558,22816,20933.86,71.07,54,False,19370.28,1.0807205677976777,0,1,0
TXN_103837,13415,23322,21557.08,66.09,21,False,19974.12,1.0792505502119742,0,1,0
TXN_105084,14997,25113,14526.64,71.16,14,False,13484.75,1.077264317098945,0,1,0
TXN_102104,11317,22288,22381.92,61.18,32,False,20806.45,1.0757202694356798,0,1,0
TXN_101545,15546,20008,11410.8,67.08,39,False,10608.1,1.0756685928677143,0,1,0
TXN_102151,15239,24241,21133.62,70.0,9,False,19665.39,1.0746606093243003,0,1,0
TXN_101868,15184,23370,20010.76,72.41,36,True,18707.16,1.0696845485899518,0,1,0
TXN_104694,12033,23622,28539.45,60.48,37,False,26685.62,1.0694692497307539,0,1,0
TXN_105744,11002,22783,21699.43,63.71,10,False,20293.05,1.0693035300262899,0,1,0
TXN_108811,10356,24026,23002.25,61.48,24,False,21521.26,1.068815208774951,0,1,0
TXN_108098,11037,23671,22354.75,61.52,25,False,20931.58,1.0679915228568508,0,1,0
TXN_107237,15393,25444,28875.76,60.87,14,False,27092.21,1.065832576965851,0,1,0
TXN_104533,14841,24743,22405.49,72.26,14,False,21080.52,1.0628528138774564,0,1,0
TXN_102402,15562,20648,24446.02,64.6,55,False,23010.88,1.0623678885814014,0,1,0
TXN_111889,10026,20630,20134.97,63.17,58,False,18954.92,1.0622556043496887,0,1,0
TXN_110296,15375,20106,30003.68,64.16,51,False,28272.06,1.061248455188621,0,1,0
TXN_108316,10549,20618,16669.36,69.22,8,False,15712.2,1.0609182673336643,0,1,0
TXN_101167,10363,25548,16993.4,70.77,50,False,16041.36,1.0593490826214236,0,1,0
TXN_105501,14568,23474,20107.17,60.68,48,False,19023.3,1.056975919004589,0,1,0
TXN_105891,10520,23487,27633.96,62.13,44,False,26236.03,1.0532828328066404,0,1,0
TXN_108220,15231,20356,30263.55,65.75,58,False,28781.06,1.0515092216895416,0,1,0
TXN_100986,12871,22390,22405.09,67.28,34,False,21319.68,1.050911176903218,0,1,0
TXN_104553,14121,20203,23695.57,63.86,20,False,22602.57,1.0483573328165778,0,1,0
TXN_104665,10680,21460,22373.3,60.68,30,False,21359.83,1.0474474750033123,0,1,0
TXN_105700,14528,20711,32364.74,62.26,35,False,31005.32,1.0438447337424674,0,1,0
TXN_109176,15162,25608,21952.49,71.25,39,False,21032.47,1.0437428414256624,0,1,0
TXN_105203,13971,22715,29065.49,67.48,14,False,27864.66,1.0430950889047272,0,1,0
TXN_110498,15873,23971,21544.99,64.78,21,False,20725.72,1.0395291454289646,0,1,0
TXN_104113,15721,21524,28463.56,62.81,24,True,27418.34,1.038121199168148,0,1,0
TXN_104443,13063,22769,28186.41,62.1,31,False,27207.74,1.0359702790455951,0,1,0
TXN_104778,13631,25606,29435.63,62.02,57,False,28428.66,1.0354209449196692,0,1,0
TXN_101982,15834,22775,20511.63,65.65,23,False,19847.0,1.033487680757797,0,1,0
TXN_102716,14942,20958,23962.41,63.74,22,False,23253.0,1.0305083215069024,0,1,0
TXN_107999,15004,24239,18762.4,63.34,10,False,18212.63,1.030186194964703,0,1,0
TXN_106601,14515,24795,27648.39,60.23,16,False,26872.46,1.0288745429335462,0,1,0
TXN_100212,15686,25791,31350.71,63.78,10,True,30478.93,1.0286027101345092,0,1,0
TXN_108228,13484,23744,25689.23,68.1,48,False,25009.83,1.0271653185967278,0,1,0
TXN_106183,12995,25917,16559.71,65.19,48,False,16124.74,1.026975318671805,0,1,0
TXN_110718,15094,23508,23775.12,69.61,46,True,23222.6,1.0237923402203026,0,1,0
TXN_111588,14256,21947,18954.43,62.99,33,False,18525.16,1.0231722694972676,0,1,0
TXN_101372,14034,22177,16368.68,74.17,15,False,16004.14,1.0227778562297005,0,1,0
TXN_111732,10439,22663,17978.16,69.71,55,False,17584.81,1.0223687375638406,0,1,0
TXN_106199,11500,22037,25467.96,60.83,56,False,24943.4,1.0210300119470481,0,1,0
TXN_111653,14262,23322,22752.22,64.21,15,False,22300.97,1.020234545851593,0,1,0
TXN_108898,15618,20796,22662.32,70.69,47,False,22226.07,1.0196278514375237,0,1,0
TXN_102486,12979,25591,23658.5,61.34,57,False,23209.36,1.0193516753585623,0,1,0
TXN_100443,14365,22099,23315.77,62.03,46,False,22887.06,1.0187315452487127,0,1,0
TXN_103626,11238,22363,32871.65,62.42,27,False,32269.07,1.018673609124775,0,1,0
TXN_111893,14325,25946,29676.39,64.51,8,False,29144.22,1.0182598813761357,0,1,0
TXN_110787,12841,24941,22705.53,69.2,45,False,22310.06,1.0177260841073488,0,1,0
TXN_102745,14331,20291,16323.67,65.87,19,False,16071.08,1.0157170519965055,0,1,0
TXN_111352,11285,23020,27462.05,68.22,39,False,27179.66,1.01038975469156,0,1,0
TXN_109352,10969,21721,19591.94,61.76,31,False,19407.84,1.0094858572618075,0,1,0
TXN_105071,10019,23168,14393.98,61.19,12,False,14274.46,1.008372996246443,0,1,0
TXN_100841,14345,22022,24393.66,62.05,19,False,24249.06,1.005963117745595,0,1,0
TXN_111789,11317,24416,20927.08,63.87,5,False,20806.45,1.0057977213796683,0,1,0
TXN_103415,14552,25732,23857.58,63.16,7,False,23763.28,1.003968307405375,0,1,0
TXN_106863,10191,21742,17864.29,67.69,15,False,17816.66,1.002673340570006,0,1,0
TXN_110525,13128,24502,14429.81,71.55,43,False,14431.38,0.9998912092952995,0,1,0
TXN_109817,11823,21264,22022.3,67.15,4,False,22072.32,0.997733813210392,0,1,0
TXN_109935,15001,24524,22370.14,65.04,13,False,22435.34,0.9970938706522834,0,1,0
TXN_109702,11076,23919,16604.02,73.58,15,False,16663.48,0.9964317177444327,0,1,0
TXN_105011,13760,20125,18465.82,70.73,33,False,18542.46,0.9958667835875067,0,1,0
TXN_100217,15250,21208,30303.69,60.74,41,False,30429.53,0.9958645434221297,0,1,0
TXN_105697,11940,22619,19153.25,61.63,6,False,19248.3,0.9950619015705283,0,1,0
TXN_101226,10955,22910,27447.45,61.23,44,False,27616.54,0.993877219955867,0,1,0
TXN_107417,10963,21186,21021.3,68.92,53,False,21171.75,0.9928938325835134,0,1,0
TXN_108664,14620,20695,14186.28,72.04,25,False,14296.0,0.9923251259093453,0,1,0
TXN_108404,15899,20571,21922.52,66.26,55,False,22118.57,0.991136407100459,0,1,0
TXN_103724,11310,25909,34580.5,60.52,6,False,35024.15,0.9873330259263965,0,1,0
TXN_109496,10402,22692,24638.07,73.18,31,False,25007.06,0.9852445669342977,0,1,0
TXN_111068,14563,20831,12439.66,62.96,5,False,12634.54,0.9845756157327453,0,1,0
TXN_103163,13832,21099,9831.09,62.68,39,False,9990.1,0.9840832424099859,0,1,0
TXN_106498,13000,25966,14829.37,64.53,14,False,15070.57,0.9839952967936847,0,1,0
TXN_109230,12106,20380,22974.38,61.78,58,False,23377.03,0.9827758273826914,0,1,0
TXN_102763,12469,21846,14987.88,65.16,57,True,15276.88,0.9810825247039971,0,1,0
TXN_105290,13780,25376,24525.87,67.62,6,False,24999.32,0.9810614848723885,0,1,0
TXN_104541,12643,20803,30632.1,64.61,57,False,31227.74,0.9809259331607091,0,1,0
TXN_111985,13656,23942,14203.14,70.9,27,False,14479.38,0.9809218350509483,0,1,0
TXN_110612,10787,24660,17014.45,64.72,42,False,17349.78,0.9806723774019036,0,1,0
TXN_104293,15935,21823,20441.21,66.82,20,False,20847.8,0.9804972227285373,0,1,0
TXN_108035,15496,25478,21439.08,68.17,52,False,21870.0,0.9802962962962963,0,1,0
TXN_109845,15542,22854,18257.92,68.98,6,False,18689.93,0.9768854136960384,0,1,0
TXN_101896,15792,24577,27479.15,69.87,33,False,28133.15,0.9767534030138822,0,1,0
TXN_107173,12642,24883,9463.88,60.69,16,False,9691.66,0.9764973183128587,0,1,0
TXN_105536,15591,21879,15300.11,66.41,20,False,15675.6,0.9760462119472301,0,1,0
TXN_111863,11667,23310,20011.22,69.59,12,False,20532.32,0.9746205007519851,0,1,0
TXN_100822,14859,25776,17110.59,66.68,45,False,17584.26,0.9730628414275039,0,1,0
TXN_111070,15741,21067,16011.59,69.69,57,False,16458.63,0.9728385655428186,0,1,0
TXN_104999,10769,21166,23164.23,74.85,4,False,23841.55,0.9715907732509003,0,1,0
TXN_102813,15111,23817,19856.3,71.41,23,False,20457.96,0.9705904205502406,0,1,0
TXN_100622,12157,21479,11954.89,70.55,56,False,12321.06,0.9702809660857101,0,1,0
TXN_109590,13392,23979,26855.6,61.69,35,False,27749.94,0.9677714618482058,0,1,0
TXN_110334,10272,22556,15361.53,63.31,13,False,15874.78,0.9676688432847573,0,1,0
TXN_100374,12066,20118,6111.18,74.24,26,False,6317.02,0.9674150153078509,0,1,0
TXN_100496,13060,24693,14794.57,70.71,19,False,15297.05,0.9671518364652008,0,1,0
TXN_111501,15795,24676,20180.91,62.17,56,False,20873.68,0.9668113145358174,0,1,0
TXN_103536,12012,22037,24785.26,61.88,30,False,25656.32,0.96604891114548,0,1,0
TXN_102743,10598,25357,17672.47,62.49,35,False,18397.28,0.9606023281702513,0,1,0
TXN_107400,10472,22716,14618.58,62.62,46,False,15225.45,0.9601410795740027,0,1,0
TXN_106336,12340,21445,29258.15,13.21,1,True,30484.66,0.9597663218156279,0,0,1
TXN_101126,12598,24685,27448.34,66.78,28,False,28645.82,0.9581970423608052,0,1,0
TXN_103123,10670,23724,17887.06,68.62,17,False,18674.48,0.9578344350150579,0,1,0
TXN_103938,10235,20247,14717.44,60.34,38,False,15370.44,0.9575158551088974,0,1,0
TXN_106735,15189,25629,29953.09,63.56,54,False,31313.13,0.9565664626947227,0,1,0
TXN_108020,11102,21923,14534.6,69.98,38,False,15223.67,0.9547369326844315,0,1,0
TXN_100758,11839,23512,23698.89,61.52,28,False,24832.22,0.9543605042158937,0,1,0
TXN_104962,15456,20112,25720.4,60.99,19,False,26978.9,0.9533524346804354,0,1,0
TXN_110282,15388,22087,22187.88,69.35,20,False,23301.6,0.9522041404882068,0,1,0
TXN_101535,14279,22870,28830.27,63.24,24,False,30293.96,0.9516837679854334,0,1,0
TXN_105690,12935,21058,24224.46,70.27,7,False,25490.7,0.9503254127976085,0,1,0
TXN_104954,10955,23664,26229.33,62.72,50,False,27616.54,0.9497688703943361,0,1,0
TXN_110079,12757,20509,19946.19,64.86,17,False,21024.64,0.9487054237313932,0,1,0
TXN_111135,13696,22432,23485.7,64.36,1,True,24795.65,0.947170168961088,0,1,1
TXN_100482,14250,24550,25372.29,70.95,11,False,26801.66,0.9466686018701826,0,1,0
TXN_101139,15238,23780,13873.34,60.02,59,False,14687.08,0.9445948411801393,0,1,0
TXN_106657,13830,22658,25754.92,72.0,12,True,27314.04,0.9429187333693587,0,1,0
TXN_110569,13960,24282,25733.14,61.77,45,False,27301.56,0.9425520006915356,0,1,0
TXN_103564,14459,24936,25855.72,62.76,53,False,27488.03,0.9406174251119487,0,1,0
TXN_108099,11833,25728,26957.9,63.3,54,False,28666.34,0.940402576680525,0,1,0
TXN_104598,10369,20592,17087.78,67.01,26,False,18202.65,0.9387523245241765,0,1,0
TXN_104369,14859,21819,16477.76,73.21,47,False,17584.26,0.9370744063156482,0,1,0
TXN_107599,12893,22298,17050.11,73.8,12,False,18241.64,0.9346807633524179,0,1,0
TXN_102406,13375,21864,28455.08,63.51,1,True,30482.03,0.9335034444884412,0,1,1
TXN_108910,12738,25914,26263.12,67.02,32,False,28137.56,0.933382994118893,0,1,0
TXN_106302,10506,25336,14934.32,67.85,11,False,16005.22,0.9330905791985364,0,1,0
TXN_101708,13739,21171,24691.79,71.34,31,False,26519.25,0.9310893030534423,0,1,0
TXN_108638,11288,21007,24360.2,65.13,11,False,26205.24,0.9295927074127159,0,1,0
TXN_103885,11317,21820,19332.37,74.67,37,False,20806.45,0.9291527386940107,0,1,0
TXN_108757,12077,23672,21606.06,64.12,5,False,23264.03,0.9287324681063427,0,1,0
TXN_104155,12219,23826,14551.04,68.3,44,False,15675.89,0.9282433086733831,0,1,0
TXN_100134,10871,21917,24278.76,62.01,46,False,26159.94,0.928089284608451,0,1,0
TXN_102660,10563,25826,19235.87,60.89,25,False,20744.75,0.9272644886055508,0,1,0
TXN_103170,12594,24774,26617.46,60.28,12,False,28757.36,0.9255877451894055,0,1,0
TXN_105050,12851,21609,21273.38,68.07,35,False,22990.27,0.9253210162386087,0,1,0
TXN_103866,13801,25101,22756.09,67.32,36,False,24594.42,0.9252541836725566,0,1,0
TXN_100602,14172,20827,21345.15,74.47,16,False,23093.42,0.924295751776913,0,1,0
TXN_111437,11161,21119,12035.19,62.84,54,False,13055.47,0.9218503814876063,0,1,0
TXN_108218,14162,22704,23795.18,71.26,31,False,25832.62,0.9211291769863065,0,1,0
TXN_107754,13065,20772,17187.27,70.42,42,False,18686.25,0.9197816576359623,0,1,0
TXN_103604,13181,21907,26882.14,63.91,12,False,29241.9,0.9193020973329367,0,1,0
TXN_103652,10476,21680,30505.7,62.84,49,False,33209.56,0.9185818782302445,0,1,0
TXN_104103,13753,22387,20974.52,67.2,2,False,22842.38,0.91822831071018,0,1,0
TXN_100965,15402,23431,11687.05,74.12,9,False,12747.68,0.9167981938674331,0,1,0
TXN_111315,14219,25614,16223.51,63.58,53,False,17729.21,0.9150723579900063,0,1,0
TXN_108255,10387,25291,20297.31,63.65,2,False,22186.69,0.9148417361940875,0,1,0
TXN_102674,13720,24119,29464.43,62.71,15,False,32217.23,0.9145550377856818,0,1,0
TXN_102949,12462,20066,28804.06,7.16,1,True,31542.14,0.913192953934007,0,0,1
TXN_100244,10660,25961,23394.01,72.89,45,False,25618.74,0.9131600539292721,0,1,0
TXN_108770,15294,21050,22163.07,72.75,35,False,24289.48,0.9124555157212093,0,1,0
TXN_110744,14726,25238,21453.48,61.02,4,False,23515.44,0.9123146324287362,0,1,0
TXN_109047,14695,24680,24476.78,63.88,50,False,26832.34,0.9122119054842031,0,1,0
TXN_100126,11571,21856,17615.66,61.69,15,False,19325.56,0.9115213220211988,0,1,0
TXN_107186,10670,24473,17001.75,62.08,21,False,18674.48,0.9104269570022834,0,1,0
TXN_108091,13516,22814,21881.77,60.89,6,False,24051.14,0.9098017807056131,0,1,0
TXN_101133,12646,22507,31282.89,62.83,2,False,34390.13,0.9096473319525108,0,1,0
TXN_100903,12879,20191,22785.27,62.33,25,False,25084.35,0.9083460404594896,0,1,0
TXN_109226,12414,25210,13021.94,67.7,5,False,14393.41,0.9047154218493046,0,1,0
TXN_110130,12493,22506,14269.39,74.77,33,False,15778.2,0.9043737561952567,0,1,0
TXN_104138,14591,21437,23446.81,60.44,12,False,25926.64,0.9043520487035729,0,1,0
TXN_106941,13999,24316,30160.34,67.03,8,False,33385.17,0.9034053143955835,0,1,0
TXN_101961,11267,25908,17885.38,65.81,29,False,19798.04,0.9033914468300902,0,1,0
TXN_104518,15046,21991,19672.11,68.41,3,False,21811.94,0.9018963925262953,0,1,0
TXN_107624,15357,20253,32263.07,60.82,12,False,35775.08,0.9018308274922097,0,1,0
TXN_108714,10944,22144,39880.0,42.67,1,True,44226.62,0.9017193717268016,0,0,1
TXN_105233,13967,23896,27127.03,61.97,54,False,30123.74,0.9005199885538782,0,1,0
TXN_105280,10447,23104,25482.13,68.77,29,False,28334.05,0.8993465459403086,0,1,0
TXN_103228,13619,22613,25830.97,60.8,57,False,28723.55,0.8992958739431581,0,1,0
TXN_109123,12897,24484,19336.7,63.2,42,False,21533.56,0.8979797116686697,0,1,0
TXN_105782,13178,22420,30999.96,60.14,5,False,34592.0,0.8961598057354302,0,1,0
TXN_104525,12850,21646,27437.92,61.9,20,False,30625.92,0.8959051679100579,0,1,0
TXN_101991,15845,25595,25799.65,63.83,54,False,28834.87,0.8947378642594886,0,1,0
TXN_111534,15574,20942,27765.77,64.63,5,False,31039.13,0.8945408585872091,0,1,0
TXN_108360,10637,24979,15066.99,66.97,47,True,16873.19,0.8929544442989145,0,1,0
TXN_101762,10918,23400,22713.93,64.99,40,False,25458.47,0.8921954068724476,0,1,0
TXN_103125,11284,20160,23340.49,65.05,15,False,26168.2,0.8919409818023403,0,1,0
TXN_102695,10652,22432,22273.19,66.2,54,False,25001.08,0.8908891135902929,0,1,0
TXN_102139,14471,25969,17228.11,72.7,19,False,19368.96,0.8894700593113931,0,1,0
TXN_108092,14538,22494,21024.04,64.19,12,False,23662.35,0.8885017760281629,0,1,0
TXN_105703,15437,22019,4684.97,60.56,36,False,5281.02,0.8871335461710048,0,1,0
TXN_110776,14479,22613,23623.48,64.15,6,False,26652.45,0.8863530369628309,0,1,0
TXN_110644,10871,23703,23176.27,63.63,16,False,26159.94,0.8859450747975721,0,1,0
TXN_101480,10216,24600,16423.91,61.4,15,False,18541.16,0.8858081155655849,0,1,0
TXN_103441,11775,20036,21612.66,72.25,59,False,24423.44,0.8849146557569286,0,1,0
TXN_110888,12423,25671,17467.74,60.07,58,False,19792.82,0.8825291191452254,0,1,0
TXN_105118,11750,22582,17192.23,64.35,14,False,19480.89,0.8825176878469105,0,1,0
TXN_107919,15330,23428,21957.57,66.18,22,False,24911.6,0.8814194993497005,0,1,0
TXN_106828,11297,23713,9168.06,70.34,13,False,10408.89,0.8807913235705248,0,1,0
TXN_101223,10418,20820,30694.33,64.21,36,False,34859.81,0.8805076677124746,0,1,0
TXN_101434,11334,20089,17700.8,63.5,13,False,20105.52,0.8803950357911658,0,1,0
TXN_110740,10139,24177,21365.86,70.65,59,False,24289.43,0.8796361215557549,0,1,0
TXN_104719,15934,20890,18619.19,67.35,53,False,21172.32,0.8794118925087094,0,1,0
TXN_105674,15078,22268,27450.09,62.45,41,False,31230.35,0.8789555672606936,0,1,0
TXN_105788,11476,25310,21389.42,60.79,28,False,24358.14,0.8781220569386661,0,1,0
TXN_111920,14271,25551,25375.8,66.38,10,False,28909.29,0.8777732002411681,0,1,0
TXN_107558,14888,22766,11910.7,74.77,17,False,13631.58,0.8737578475862666,0,1,0
TXN_110165,12530,21727,28622.4,60.75,4,False,32772.79,0.873358661255267,0,1,0
TXN_101094,15985,22563,17135.42,62.34,4,False,19675.56,0.8708987190199415,0,1,0
TXN_100542,14381,23575,25188.4,61.29,50,False,28957.46,0.8698414847158557,0,1,0
TXN_107277,11717,22707,19917.13,70.14,39,False,22991.08,0.8662981469335064,0,1,0
TXN_107979,13484,23561,21646.54,67.2,46,False,25009.83,0.8655212770338703,0,1,0
TXN_108059,10310,25013,20070.54,72.48,12,False,23214.3,0.8645765756451842,0,1,0
TXN_103382,10341,25919,27330.7,60.18,33,False,31615.91,0.8644603302577721,0,1,0
TXN_100281,11683,20230,31757.43,66.22,12,False,36759.36,0.8639277180016192,0,1,0
TXN_110620,12424,23799,16657.58,66.69,7,False,19288.48,0.8636025233714631,0,1,0
TXN_103764,10188,23309,9394.9,73.11,34,False,10883.04,0.8632606330584102,0,1,0
TXN_102187,14590,22865,19658.8,64.74,27,False,22801.56,0.8621690796594619,0,1,0
TXN_106213,10299,23678,18268.57,70.82,18,False,21242.9,0.8599847478451624,0,1,0
TXN_104818,15127,21958,26994.21,66.62,14,False,31404.54,0.859563935660258,0,1,0
TXN_111788,11690,21734,26815.39,63.87,50,False,31222.51,0.8588479914010757,0,1,0
TXN_101438,14854,24622,25104.63,65.36,29,False,29267.23,0.857772669296001,0,1,0
TXN_110187,14492,24385,23421.13,70.99,14,True,27316.5,0.857398641846503,0,1,0
TXN_110658,11713,25561,24941.53,70.66,7,False,29090.4,0.8573800979017133,0,1,0
TXN_106265,13638,20291,16424.11,65.66,5,False,19217.97,0.8546225225661191,0,1,0
TXN_100323,14736,24529,22366.59,62.51,16,False,26178.91,0.8543743799875548,0,1,0
TXN_104608,15486,24011,14767.41,62.37,31,False,17300.69,0.8535734701910733,0,1,0
TXN_100302,12962,23534,20373.43,73.48,57,True,23911.64,0.8520298064039104,0,1,0
TXN_110691,10365,23572,23268.28,60.03,53,False,27315.61,0.851830876191306,0,1,0
TXN_110595,13063,22399,23166.79,65.41,46,False,27207.74,0.851477925031627,0,1,0
TXN_104302,13241,24967,19228.63,74.7,58,False,22596.53,0.8509549917620095,0,1,0
TXN_108546,10887,23347,19680.37,73.81,25,False,23136.24,0.8506295750735643,0,1,0
TXN_108732,11210,24294,21075.34,71.7,16,False,24797.93,0.8498830345920002,0,1,0
TXN_100951,11604,25964,21050.18,60.96,27,False,24772.02,0.8497562976293415,0,1,0
TXN_102398,15918,23775,32129.4,60.36,46,False,37812.76,0.8496972979491579,0,1,0
TXN_106483,13900,23644,23143.65,73.1,7,False,27256.31,0.8491116369016936,0,1,0
TXN_109616,14407,22426,21803.08,74.77,48,False,25699.76,0.8483767941801791,0,1,0
TXN_106546,10850,21548,23643.4,67.75,1,False,27933.25,0.8464249595016692,0,1,0
TXN_110432,10147,24739,9727.47,74.63,44,False,11511.85,0.8449962430017764,0,1,0
TXN_106581,10699,22471,27534.96,60.09,6,False,32590.73,0.8448709188164856,0,1,0
TXN_101301,10833,20795,25323.98,20.76,1,True,29990.76,0.8443927396304729,0,0,1
TXN_101895,13118,20393,16727.69,68.81,51,False,19811.52,0.8443415750028266,0,1,0
TXN_110747,11750,25995,16446.51,69.43,42,False,19480.89,0.8442381225909084,0,1,0
TXN_110934,12439,20358,29522.14,66.64,32,False,34988.05,0.8437778041359836,0,1,0
TXN_100207,13153,25629,21215.4,74.19,40,False,25178.94,0.8425851127966467,0,1,0
TXN_108617,11508,21511,29654.71,65.3,14,True,35278.66,0.8405849315138387,0,1,0
TXN_111987,11692,22996,9937.68,63.55,31,False,11828.93,0.8401165616839393,0,1,0
TXN_103900,14969,24374,23900.67,61.74,54,False,28451.66,0.8400448339393906,0,1,0
TXN_103371,15094,23603,19499.8,68.07,11,False,23222.6,0.8396906461808755,0,1,0
TXN_101595,11829,24177,23615.29,67.56,39,False,28171.78,0.8382604862028598,0,1,0
TXN_102677,15017,23591,29855.08,61.2,41,False,35688.24,0.8365523208765688,0,1,0
TXN_106949,15070,22464,23270.67,62.85,57,False,27853.14,0.8354774362962308,0,1,0
TXN_101364,14832,23954,21128.35,70.22,15,False,25299.36,0.8351337741349979,0,1,0
TXN_111505,15221,25533,8250.03,61.82,30,False,9888.78,0.8342818831038814,0,1,0
TXN_106188,11645,23326,22782.65,70.73,34,False,27321.47,0.8338735068061858,0,1,0
TXN_100619,11168,24002,22279.14,67.95,34,False,26735.36,0.833321114808254,0,1,0
TXN_105396,11648,23064,22408.32,69.95,59,False,26914.25,0.8325819965260038,0,1,0
TXN_103634,10657,25197,24984.37,61.83,6,False,30030.78,0.8319587436623358,0,1,0
TXN_106026,15716,25623,16942.17,61.3,47,False,20452.49,0.8283671083569776,0,1,0
TXN_100660,11828,23298,11643.03,72.7,54,False,14064.41,0.8278363614257548,0,1,0
TXN_101856,15356,25253,28133.62,66.65,12,False,33998.13,0.8275049245355554,0,1,0
TXN_108188,10923,25021,22585.86,74.41,4,False,27299.11,0.8273478512669461,0,1,0
TXN_109545,15154,20213,30791.71,62.15,37,False,37251.04,0.8266000090198824,0,1,0
TXN_100124,15992,22369,24422.07,64.46,10,False,29546.06,0.8265762000077168,0,1,0
TXN_104223,14747,25457,16759.37,61.87,31,False,20302.15,0.8254972995470923,0,1,0
TXN_104854,14235,25956,16247.66,74.16,12,False,19694.03,0.8250043287229684,0,1,0
TXN_102246,10407,25484,17718.8,68.91,36,False,21477.74,0.8249843791758351,0,1,0
TXN_107622,11245,21272,15756.44,66.6,28,False,19102.53,0.8248352443367449,0,1,0
TXN_100921,14124,20453,33195.56,61.63,58,False,40264.54,0.824436588621154,0,1,0
TXN_106721,12648,20248,15577.39,68.29,47,False,18914.91,0.8235508389942114,0,1,0
TXN_111054,15081,22727,20076.1,68.66,38,False,24418.01,0.8221841173789346,0,1,0
TXN_110610,11100,21586,34096.13,61.59,21,True,41486.71,0.8218566861532284,0,1,0
TXN_101875,15440,25944,20043.48,66.56,9,False,24414.6,0.8209628664815315,0,1,0
TXN_105897,14726,20608,19296.37,74.16,41,False,23515.44,0.8205829871777862,0,1,0
TXN_107986,10404,22900,19287.15,71.08,16,False,23512.25,0.8203021829046561,0,1,0
TXN_100659,11156,22442,24168.29,69.95,27,False,29514.82,0.8188526984071053,0,1,0
TXN_108024,12262,21725,20164.37,71.76,38,False,24640.38,0.818346551473638,0,1,0
TXN_105493,14892,20543,31338.35,62.33,27,False,38308.34,0.8180555461291197,0,1,0
TXN_107682,12052,22087,24765.0,65.79,15,False,30314.76,0.8169287832065963,0,1,0
TXN_110331,10061,24861,16677.69,64.94,31,False,20419.56,0.8167507037370051,0,1,0
TXN_109224,10919,24680,22457.37,66.86,23,False,27499.01,0.8166610361609381,0,1,0
TXN_104594,12260,20474,20179.67,65.44,31,False,24746.07,0.8154696887222901,0,1,0
TXN_100380,12734,23110,15697.07,74.91,57,True,19257.5,0.8151146306633779,0,1,0
TXN_101423,15491,25561,32192.76,62.13,9,False,39499.05,0.8150261841740497,0,1,0
TXN_101984,14131,21810,7899.78,66.71,38,False,9696.58,0.8146975531579176,0,1,0
TXN_107436,10330,23205,27502.35,63.15,30,False,33785.96,0.8140171242729228,0,1,0
TXN_105237,12012,24594,20849.41,69.73,20,False,25656.32,0.8126422651416882,0,1,0
TXN_108588,14226,21868,26844.56,69.09,53,False,33059.76,0.8120010550590809,0,1,0
TXN_105626,11588,25587,26161.93,60.03,45,False,32222.47,0.8119157221653088,0,1,0
TXN_107712,12794,25413,26725.31,66.51,9,False,32920.86,0.8118047341412101,0,1,0
TXN_102964,10582,20756,15312.77,72.42,26,False,18869.7,0.8115004478078612,0,1,0
TXN_110881,13961,22321,20196.86,67.95,41,False,24930.02,0.810142149906017,0,1,0
TXN_109074,10123,25975,19643.35,69.89,40,False,24292.22,0.8086272065706633,0,1,0
TXN_101574,14362,24876,18150.71,74.65,6,False,22479.24,0.8074432231694666,0,1,0
TXN_106845,14995,20582,19727.78,66.11,29,False,24444.73,0.8070361178053511,0,1,0
TXN_107352,14995,24608,19713.65,61.86,59,False,24444.73,0.8064580791033487,0,1,0
TXN_101769,14800,23887,29276.7,66.95,56,False,36325.12,0.8059629259311463,0,1,0
TXN_108118,11930,20851,23709.78,60.68,34,False,29433.54,0.8055361332683735,0,1,0
TXN_107215,12122,21013,19927.46,69.03,19,False,24823.28,0.8027730420798541,0,1,0
TXN_104992,12935,24037,20430.13,73.44,3,False,25490.7,0.8014738708627068,0,1,0
TXN_102491,10793,23424,25043.34,60.41,36,False,31272.9,0.8008000537206336,0,1,0
TXN_107621,13735,21823,19363.09,68.57,23,False,24208.96,0.7998315499715808,0,1,0
TXN_100664,12924,20015,28220.09,63.15,32,False,35338.88,0.7985564341597696,0,1,0
TXN_102625,12280,20568,24295.09,61.43,16,False,30500.47,0.7965480531939344,0,1,0
TXN_111296,10999,21675,17409.68,65.48,2,False,21903.98,0.7948181106812552,0,1,0
TXN_105864,15049,24924,16547.8,60.46,47,False,20850.23,0.793650717522061,0,1,0
TXN_100709,15796,21988,11811.66,62.01,43,False,14894.92,0.7929992238964694,0,1,0
TXN_105600,10585,25514,10024.11,66.3,52,False,12655.46,0.7920778857504982,0,1,0
TXN_109438,12870,24369,32024.23,63.64,17,False,40452.12,0.7916576436537813,0,1,0
TXN_103504,15150,23285,30929.27,66.81,20,False,39095.38,0.791123401281686,0,1,0
TXN_108592,15701,23459,16909.25,71.32,22,True,21375.16,0.7910701019314007,0,1,0
TXN_102906,10138,21034,10409.23,68.38,59,False,13163.9,0.7907405859965512,0,1,0
TXN_103533,15907,21646,23729.12,67.05,44,True,30114.62,0.7879601336493703,0,1,0
TXN_100168,11530,23738,30157.09,66.48,21,False,38287.32,0.7876521522007809,0,1,0
TXN_100425,11149,20532,12630.36,73.68,58,True,16057.34,0.7865785989460272,0,1,0
TXN_104917,13793,22024,22544.01,67.64,45,False,28682.61,0.78598181964612,0,1,0
TXN_105401,15321,23857,19683.86,73.35,13,False,25075.62,0.7849799925186296,0,1,0
TXN_105653,10657,20450,23533.12,61.79,50,False,30030.78,0.7836333255413279,0,1,0
TXN_109004,12511,21064,24024.14,66.37,57,False,30696.76,0.7826278734302904,0,1,0
TXN_102524,14350,24056,31681.05,65.45,59,False,40511.31,0.7820297590969041,0,1,0
TXN_107261,13505,22377,21407.66,60.47,3,False,27394.52,0.7814577514042954,0,1,0
TXN_105841,11802,20408,13428.3,62.82,55,False,17196.58,0.7808703823667265,0,1,0
TXN_105347,12810,24090,21548.85,64.67,45,False,27602.78,0.7806768013946421,0,1,0
TXN_107341,12330,20327,25104.64,67.15,55,False,32176.8,0.7802093433778374,0,1,0
TXN_101043,10321,23970,20679.34,69.35,14,False,26564.83,0.7784480457808313,0,1,0
TXN_110713,11742,25225,25105.69,62.81,9,False,32252.01,0.7784224921175456,0,1,0
TXN_104347,15953,24115,9247.79,71.97,49,False,11895.27,0.7774342238553643,0,1,0
TXN_102424,14726,24055,18254.61,61.75,19,False,23515.44,0.7762818811810454,0,1,0
TXN_104105,11891,23964,22600.98,67.91,40,False,29125.72,0.7759801302766077,0,1,0
TXN_106763,14088,21170,15212.93,60.8,16,False,19609.87,0.775779237700199,0,1,0
TXN_100528,11932,24900,14152.62,66.8,25,False,18285.48,0.7739813228856994,0,1,0
TXN_102090,11656,25209,8120.2,70.45,39,False,10494.72,0.7737414623734602,0,1,0
TXN_104732,12157,24657,9526.32,66.34,55,False,12321.06,0.7731737366752536,0,1,0
TXN_110805,11585,22939,18693.88,68.46,39,False,24204.06,0.7723448049624733,0,1,0
TXN_111797,10561,24685,22408.15,72.88,59,False,29028.83,0.7719274252527574,0,1,0
TXN_103432,11876,21463,22721.43,69.02,23,False,29479.56,0.7707520057965587,0,1,0
TXN_107607,15160,24707,18543.96,67.26,47,False,24069.38,0.7704377927474658,0,1,0
TXN_101934,15980,20951,11969.31,74.87,21,False,15549.13,0.7697736143436964,0,1,0
TXN_105164,11263,22588,19942.42,69.01,58,False,25908.03,0.7697389573811672,0,1,0
TXN_103196,13831,24377,19322.34,65.8,16,False,25129.6,0.7689075830892652,0,1,0
TXN_111491,10303,23811,28928.04,62.96,39,False,37631.39,0.7687210065851939,0,1,0
TXN_101638,14256,23022,14235.8,71.77,27,False,18525.16,0.7684576003662047,0,1,0
TXN_103870,13989,21003,21353.64,72.52,4,False,27848.12,0.7667892841599361,0,1,0
TXN_101007,15043,23305,15537.11,71.37,34,False,20263.98,0.7667353599835768,0,1,0
TXN_104294,11988,21360,21647.94,61.43,56,False,28321.57,0.7643622864127942,0,1,0
TXN_110041,12948,23231,26130.74,70.28,55,False,34268.78,0.7625232062536221,0,1,0
TXN_100626,13295,24370,13454.17,74.99,39,False,17648.47,0.7623420047176894,0,1,0
TXN_102262,15454,22702,16083.6,74.93,39,False,21104.26,0.7621020590155732,0,1,0
TXN_109118,14757,20928,31037.59,61.66,30,False,40743.46,0.7617809091324105,0,1,0
TXN_110101,11568,24729,23515.96,66.51,24,False,30874.46,0.7616638477239764,0,1,0
TXN_111458,11474,21206,18366.03,69.96,38,False,24137.8,0.7608825162193738,0,1,0
TXN_106263,10381,20270,13255.01,68.03,42,False,17428.64,0.7605303684051079,0,1,0
TXN_104257,12469,21605,11604.97,66.07,23,True,15276.88,0.7596426757295992,0,1,0
TXN_105078,10651,24414,23454.23,64.11,25,False,30878.77,0.7595584280073332,0,1,0
TXN_111700,10713,24953,22180.12,63.35,33,False,29206.24,0.7594308613501772,0,1,0
TXN_106573,12935,23571,19355.51,66.36,26,False,25490.7,0.7593165350500378,0,1,0
TXN_108330,13321,24197,27508.13,60.52,25,True,36305.35,0.7576880542399398,0,1,0
TXN_102873,12529,21184,24956.36,61.31,43,False,32942.23,0.7575795566966778,0,1,0
TXN_106844,11308,22158,25046.59,68.83,25,False,33104.5,0.7565917020344666,0,1,0
TXN_108893,11782,22218,19072.93,62.62,47,False,25291.97,0.7541100989760782,0,1,0
TXN_104644,10490,25719,20738.53,72.31,44,False,27538.26,0.7530806231040015,0,1,0
TXN_104761,14758,24232,21886.88,67.11,25,False,29065.63,0.7530158472395059,0,1,0
TXN_104738,10087,22080,22842.49,63.3,25,False,30349.64,0.7526445124225526,0,1,0
TXN_107756,15756,24496,11779.96,62.58,6,False,15673.77,0.7515715746753971,0,1,0
TXN_104879,12383,22399,25484.14,61.95,8,False,33909.7,0.7515295033574464,0,1,0
TXN_108870,11705,24605,19024.1,68.55,51,False,25314.14,0.7515206915976604,0,1,0
TXN_102558,10820,20762,21115.38,63.4,46,False,28150.32,0.7500937822376442,0,1,0
TXN_102413,12103,21108,25763.56,62.76,14,False,34357.8,0.7498605847871517,0,1,0
TXN_102031,10940,21777,19492.88,66.04,19,False,26028.35,0.7489095543897327,0,1,0
TXN_108761,15250,25987,22769.9,63.33,2,False,30429.53,0.748283000098917,0,1,0
TXN_101821,10934,23180,21684.95,61.73,18,False,28980.99,0.748247385613811,0,1,0
TXN_109697,14235,25426,14727.42,72.4,37,False,19694.03,0.7478113925895309,0,1,0
TXN_105428,15388,24371,17423.9,61.58,58,False,23301.6,0.7477555189343221,0,1,0
TXN_106574,13735,21067,18040.11,65.85,50,False,24208.96,0.7451831883732304,0,1,0
TXN_109484,13516,25157,17900.54,64.0,26,False,24051.14,0.7442699181826724,0,1,0
TXN_108724,10251,21597,17746.76,63.79,18,False,23854.9,0.7439461075083107,0,1,0
TXN_107337,11752,23748,16249.01,72.38,46,False,21846.25,0.7437894375464896,0,1,0
TXN_105224,12149,22036,20848.77,65.92,9,False,28071.04,0.7427145556416862,0,1,0
TXN_105173,12260,23678,18375.0,70.65,7,False,24746.07,0.7425421491170113,0,1,0
TXN_107735,10991,24843,21828.95,69.83,2,False,29399.97,0.7424820501517518,0,1,0
TXN_109562,15987,20473,13516.32,74.07,1,False,18214.31,0.7420714811595938,0,1,0
TXN_111371,11473,25761,14890.57,73.43,27,False,20081.77,0.7414968899653765,0,1,0
TXN_110910,11849,25167,22890.63,64.26,2,False,30885.66,0.7411410343829467,0,1,0
TXN_106870,13830,20677,20225.19,63.47,14,False,27314.04,0.7404686381069955,0,1,0
TXN_107911,10307,21874,25505.65,72.35,40,True,34451.46,0.7403358232132978,0,1,0
TXN_101801,15807,21447,19457.48,72.44,44,False,26301.13,0.7397963509552632,0,1,0
TXN_109520,11525,24316,31559.96,65.5,1,False,42668.52,0.7396544337605335,0,1,0
TXN_105746,13385,24503,13768.59,68.42,28,False,18660.35,0.7378527198042909,0,1,0
TXN_100537,15388,20154,17172.32,72.84,59,False,23301.6,0.7369588354447764,0,1,0
TXN_105887,10465,22798,26842.53,70.13,38,False,36435.27,0.7367182952123039,0,1,0
TXN_104180,10601,25567,24430.16,60.87,15,False,33170.86,0.7364946220869764,0,1,0
TXN_102035,12341,25712,14699.33,61.97,57,False,20010.42,0.7345837818496563,0,1,0
TXN_100417,12775,23815,23946.13,60.71,35,True,32598.65,0.7345742845179172,0,1,0
TXN_103912,13238,20104,12073.75,70.36,3,False,16447.56,0.7340754494891644,0,1,0
TXN_101799,11824,22233,25639.37,61.89,47,False,34933.32,0.7339517114319509,0,1,0
TXN_107543,10943,25560,25793.22,70.15,52,False,35195.29,0.7328599934820824,0,1,0
TXN_104077,13645,25875,19939.59,65.55,23,False,27218.42,0.732577056272921,0,1,0
TXN_101958,12957,22662,22033.96,60.01,14,False,30091.86,0.7322232656937789,0,1,0
TXN_101085,11066,25543,12380.84,61.3,36,False,16910.08,0.7321573877829082,0,1,0
TXN_100827,13279,22658,31117.46,66.17,42,False,42506.63,0.732061327844621,0,1,0
TXN_104220,12781,22155,23508.77,63.83,16,False,32156.32,0.7310777477024735,0,1,0
TXN_108127,11094,23037,19289.6,74.17,23,False,26398.64,0.730704309009858,0,1,0
TXN_102829,14967,23544,20621.27,60.71,19,False,28232.76,0.7304021994307323,0,1,0
TXN_105445,14438,20322,32683.63,61.05,34,False,44804.75,0.7294679693559276,0,1,0
TXN_109691,15247,25524,18501.31,65.59,5,True,25365.26,0.7293956379709887,0,1,0
TXN_106326,14523,24452,16957.62,64.36,55,False,23257.14,0.7291360846604527,0,1,0
TXN_104928,11926,25512,22426.93,66.68,11,True,30809.56,0.7279211387634228,0,1,0
TXN_102783,10449,25003,17035.49,61.69,21,True,23405.48,0.7278419412889631,0,1,0
TXN_108310,15786,22264,26260.84,68.29,59,False,36094.54,0.7275571319097016,0,1,0
TXN_102016,14282,21815,14453.71,61.88,42,False,19887.88,0.7267597149620774,0,1,0
TXN_106630,14409,25376,20670.5,72.71,22,True,28451.66,0.7265129697177599,0,1,0
TXN_102188,11668,25754,27359.27,62.42,48,False,37671.18,0.7262652775941715,0,1,0
TXN_108062,14569,23229,13498.03,67.71,22,False,18628.5,0.7245902783369568,0,1,0
TXN_100905,13645,24711,19713.56,61.73,39,False,27218.42,0.7242727535250025,0,1,0
TXN_102624,14096,23504,22590.41,68.1,50,False,31200.55,0.7240388390589269,0,1,0
TXN_102741,11760,25197,24022.17,63.3,10,False,33178.22,0.7240343213107876,0,1,0
TXN_103313,15128,22952,11297.63,67.65,1,False,15610.34,0.7237273499488159,0,1,0
TXN_110614,11755,23750,23470.36,63.88,4,False,32447.5,0.7233333846983588,0,1,0
TXN_106712,15754,24176,27853.09,67.03,21,False,38536.3,0.7227754091596754,0,1,0
TXN_100142,10564,25073,22804.28,41.91,1,True,31552.63,0.7227378510127365,0,0,1
TXN_105827,11610,24366,20369.59,62.24,12,False,28224.73,0.7216929975946625,0,1,0
TXN_104969,14887,21635,11852.87,70.59,47,False,16437.74,0.7210766200219738,0,1,0
TXN_103909,12079,20059,20889.15,68.55,27,False,29001.74,0.7202723009033251,0,1,0
TXN_100666,12215,25100,14806.24,60.39,49,False,20566.89,0.7199066071729853,0,1,0
TXN_106773,15607,20143,14057.42,65.86,51,False,19530.32,0.7197741767672009,0,1,0
TXN_108967,11789,24042,32097.89,60.64,5,False,44649.52,0.718885443785286,0,1,0
TXN_111786,14766,20161,18721.88,69.11,37,False,26044.5,0.7188419819923593,0,1,0
TXN_106297,10947,23792,10467.4,68.65,59,False,14581.96,0.7178321707095616,0,1,0
TXN_106238,11244,20253,23954.38,70.91,27,False,33393.97,0.7173265113432156,0,1,0
TXN_101761,11041,25923,16471.97,60.69,31,False,22963.87,0.7172993924804486,0,1,0
TXN_110863,15751,21153,23352.28,68.05,49,False,32566.66,0.7170609451506541,0,1,0
TXN_111292,13630,25156,17301.57,60.91,47,False,24168.83,0.7158629524060536,0,1,0
TXN_105453,11257,24010,11903.71,73.74,41,False,16629.76,0.7158076845366379,0,1,0
TXN_109998,13035,22319,19912.93,66.31,22,False,27823.59,0.7156851434340429,0,1,0
TXN_106847,11190,23198,16365.35,72.83,32,False,22866.83,0.7156807480529658,0,1,0
TXN_103677,12809,24152,17067.89,67.53,41,False,23869.15,0.7150606536051766,0,1,0
TXN_109826,12176,23043,29527.71,62.95,41,False,41326.7,0.7144947455277096,0,1,0
TXN_106914,11606,23196,14289.95,64.42,22,False,20020.57,0.7137633943489121,0,1,0
TXN_101705,15290,21632,16690.29,67.76,14,False,23450.08,0.7117370175282984,0,1,0
TXN_102651,13898,20154,20561.26,67.48,25,False,28895.03,0.7115846566001143,0,1,0
TXN_106832,11031,25418,21614.62,70.42,6,False,30432.93,0.7102378903378676,0,1,0
TXN_106584,15660,23769,28800.99,62.99,37,False,40570.46,0.7099005039627354,0,1,0
TXN_107412,10546,22621,18448.76,64.09,28,False,26005.62,0.709414349667495,0,1,0
TXN_101447,10154,20203,22980.9,64.95,48,False,32454.76,0.7080902770502694,0,1,0
TXN_108609,10313,22586,28221.12,67.52,26,True,39880.59,0.707640483754127,0,1,0
TXN_102914,13921,21697,17216.33,68.08,10,False,24349.09,0.7070625637344147,0,1,0
TXN_107597,15637,23008,22082.12,72.3,47,False,31230.79,0.7070624854510564,0,1,0
TXN_102638,11032,24008,19960.88,67.23,23,False,28240.75,0.7068112567831945,0,1,0
TXN_105770,13855,22632,16445.09,66.65,2,False,23276.11,0.7065222668220764,0,1,0
TXN_110635,13161,24347,24770.65,66.93,37,False,35087.45,0.70596894331164,0,1,0
TXN_109304,11305,20901,17562.32,61.53,46,False,24898.09,0.7053681627787513,0,1,0
TXN_100071,15226,22348,17937.04,70.52,29,False,25450.58,0.7047792231061139,0,1,0
TXN_104098,11547,23306,20490.5,66.63,48,False,29099.2,0.704160251828229,0,1,0
TXN_109807,10302,21206,15767.64,74.21,32,False,22402.0,0.7038496562806892,0,1,0
TXN_106718,12041,20096,18899.25,73.29,53,False,26851.71,0.7038378561365366,0,1,0
TXN_101874,12014,21704,26282.3,67.95,58,False,37361.6,0.7034575607040384,0,1,0
TXN_104320,14309,20821,24243.85,64.06,24,False,34464.05,0.7034533085925769,0,1,0
TXN_108105,15066,23324,17744.75,74.56,55,False,25237.34,0.7031149083065014,0,1,0
TXN_107692,10573,20997,18589.62,66.31,22,False,26493.98,0.7016544890575142,0,1,0
TXN_111852,15110,22096,27729.11,64.55,34,False,39533.18,0.7014135973883204,0,1,0
TXN_103907,10397,23082,19693.46,74.45,23,False,28127.9,0.7001397189267595,0,1,0
TXN_110987,11284,22621,18310.05,64.36,37,False,26168.2,0.6997061318699795,0,1,0
TXN_107023,10499,24931,19437.21,64.44,18,False,27804.16,0.6990756059524905,0,1,0
TXN_108012,10710,23148,18967.26,62.01,49,False,27146.76,0.6986933247282548,0,1,0
TXN_106109,13176,21447,18998.58,73.09,37,False,27197.4,0.6985439784685301,0,1,0
TXN_105266,15032,24003,6459.47,72.02,15,False,9250.31,0.6982976786723905,0,1,0
TXN_104282,13897,22512,26045.1,66.83,59,False,37396.89,0.6964509615639162,0,1,0
TXN_104976,14291,24447,18111.29,61.72,26,False,26030.91,0.6957609242243163,0,1,0
TXN_105102,12325,20718,19078.91,60.41,20,False,27447.28,0.6951111366955123,0,1,0
TXN_103897,15778,22653,20789.49,68.94,25,False,30025.08,0.692404150130491,0,1,0
TXN_102036,14006,22544,19879.65,71.1,3,True,28713.8,0.6923378305901692,0,1,0
TXN_108280,10438,20205,8978.6,70.11,49,False,13011.11,0.6900717924911863,0,1,0
TXN_103956,10387,21318,15295.39,61.84,58,False,22186.69,0.6893948579080521,0,1,0
TXN_104006,14427,21987,15061.14,71.35,51,False,21854.06,0.6891689690611263,0,1,0
TXN_111194,14262,21801,15356.76,64.62,52,False,22300.97,0.6886139930236218,0,1,0
TXN_102671,15088,23820,20413.79,61.76,44,False,29657.55,0.6883168029725989,0,1,0
TXN_106153,13481,24329,16737.16,61.28,5,False,24333.46,0.6878249126922353,0,1,0
TXN_108172,10822,23727,18429.03,71.79,57,False,26834.16,0.6867749912797717,0,1,0
TXN_104388,14161,20145,26069.23,71.94,31,False,38012.11,0.685813810388321,0,1,0
TXN_105158,10942,21272,18148.21,61.53,54,False,26462.78,0.6858013405998916,0,1,0
TXN_110645,13575,23254,13421.36,70.55,12,False,19602.91,0.6846616140154701,0,1,0
TXN_103178,10896,20501,19130.64,69.75,45,False,27949.26,0.6844775138948223,0,1,0
TXN_109156,11071,22493,10362.08,71.06,40,False,15159.58,0.6835334488158643,0,1,0
TXN_108373,14632,22201,13608.73,68.42,6,False,19909.67,0.6835236344951976,0,1,0
TXN_104173,12788,22447,19929.22,67.54,55,False,29165.62,0.6833120639986395,0,1,0
TXN_111348,13594,22045,18922.32,63.77,11,False,27731.88,0.6823309490737736,0,1,0
TXN_105121,12478,20081,16796.61,68.8,24,False,24646.04,0.6815135413234743,0,1,0
TXN_101489,10710,25972,18495.91,70.1,34,False,27146.76,0.6813302950333667,0,1,0
TXN_111815,15558,23628,15295.55,70.57,49,False,22482.09,0.680343775867813,0,1,0
TXN_102335,12467,22298,25776.9,60.39,19,False,37948.63,0.6792577228743172,0,1,0
TXN_110190,11355,21372,18711.6,63.58,53,False,27603.25,0.6778766993017127,0,1,0
TXN_109946,13079,24662,18793.43,72.99,48,False,27746.93,0.6773156525785015,0,1,0
TXN_100556,13070,21566,29262.1,61.57,16,False,43222.98,0.6770032977827998,0,1,0
TXN_107269,12295,24578,13452.39,70.04,43,False,19873.41,0.6769039636378458,0,1,0
TXN_103592,13237,22553,15939.06,73.72,23,False,23547.8,0.6768810674457911,0,1,0
TXN_111532,11332,22752,19509.0,62.83,11,False,28843.88,0.6763653156232795,0,1,0
TXN_110425,11233,21616,22879.15,61.75,48,False,33841.3,0.6760718412117738,0,1,0
TXN_106745,15215,23902,17281.28,74.67,46,False,25566.82,0.6759260635464246,0,1,0
TXN_102458,14407,24129,17359.75,61.75,33,False,25699.76,0.6754829617085918,0,1,0
TXN_103104,13201,20044,16163.89,74.19,1,False,23948.8,0.6749352785943346,0,1,0
TXN_105480,15389,21385,14113.36,71.99,7,False,20912.51,0.6748764256418766,0,1,0
TXN_111976,11844,25218,25030.12,61.46,4,False,37091.07,0.6748287391008132,0,1,0
TXN_102142,10129,21462,20939.53,64.74,54,False,31065.19,0.6740512451396563,0,1,0
TXN_109925,14898,20024,23051.44,68.14,9,False,34227.35,0.6734801262732873,0,1,0
TXN_108648,12259,25907,27666.71,63.18,7,False,41120.45,0.6728211875113235,0,1,0
TXN_103018,15062,23427,28714.63,64.43,13,False,42703.78,0.672414245296318,0,1,0
TXN_108990,11673,23032,19837.62,67.2,27,False,29580.86,0.670623504522857,0,1,0
TXN_109824,15784,20861,17782.21,65.99,9,False,26530.89,0.6702455138142746,0,1,0
TXN_105767,10288,25216,10695.56,71.92,1,False,15964.39,0.6699635877098968,0,1,0
TXN_102183,10489,22073,19600.1,61.55,10,False,29294.75,0.6690652762013671,0,1,0
TXN_102607,15865,23964,26368.98,62.56,53,False,39418.31,0.6689525755924087,0,1,0
TXN_106150,15765,23098,28086.04,62.12,49,False,42053.91,0.667857994654956,0,1,0
TXN_103391,15669,22414,17193.23,64.88,10,False,25751.16,0.6676681749482354,0,1,0
TXN_106343,14473,23099,30490.52,62.01,36,False,45702.16,0.6671570884177028,0,1,0
TXN_104078,15242,22163,21314.73,66.26,33,True,31956.71,0.6669876216919701,0,1,0
TXN_111075,15701,24660,14246.23,70.46,30,True,21375.16,0.6664853035018218,0,1,0
TXN_109511,15512,24113,15136.04,63.64,29,True,22730.2,0.6658999920810199,0,1,0
TXN_106016,10818,25805,22659.96,66.95,45,False,34042.28,0.6656416667743759,0,1,0
TXN_110031,11125,21902,23701.96,66.63,29,False,35626.78,0.6652849345352008,0,1,0
TXN_101135,14613,21018,26034.11,64.4,14,False,39142.64,0.6651086896540448,0,1,0
TXN_110998,14575,22653,19477.6,70.9,4,False,29334.46,0.663983587903101,0,1,0
TXN_109408,15495,23670,19520.55,60.84,3,False,29422.85,0.6634486462052452,0,1,0
TXN_108303,13374,20883,18847.01,68.25,1,False,28446.92,0.6625325342778762,0,1,0
TXN_111058,15673,25414,26891.94,60.64,33,False,40604.99,0.6622816555305149,0,1,0
TXN_102789,12521,25683,13613.68,67.02,2,False,20558.15,0.6622035543081455,0,1,0
TXN_103937,13324,22496,15338.15,62.78,2,False,23189.83,0.6614170953387757,0,1,0
TXN_103214,14941,23591,22522.11,70.73,46,False,34082.02,0.6608208668382919,0,1,0
TXN_109647,12957,24566,19868.17,70.18,28,False,30091.86,0.6602506458557231,0,1,0
TXN_111228,15757,22726,20190.7,65.37,31,False,30612.22,0.6595634031115679,0,1,0
TXN_106289,10273,24111,22475.76,67.45,59,False,34088.86,0.6593285900437855,0,1,0
TXN_106762,15194,23348,14858.98,65.78,14,False,22578.4,0.6581059773943237,0,1,0
TXN_106786,13085,21616,19685.04,67.09,2,True,29915.86,0.6580135085536568,0,1,1
TXN_103835,13798,22090,20003.28,65.49,31,False,30402.22,0.6579545835797518,0,1,0
TXN_103791,15687,21040,21551.79,64.24,57,False,32760.59,0.6578571997634963,0,1,0
TXN_109025,13109,21172,17382.73,72.48,49,False,26425.1,0.6578113233251719,0,1,0
TXN_102802,12650,25469,19973.92,70.13,1,False,30401.68,0.6570005341810058,0,1,0
TXN_108333,14312,24717,15681.4,68.27,20,False,23869.51,0.6569636326845419,0,1,0
TXN_109884,10311,21581,20572.07,72.38,45,False,31318.61,0.6568640817711897,0,1,0
TXN_111051,15830,21673,19924.87,71.72,52,False,30352.42,0.6564507871201044,0,1,0
TXN_110907,15547,24288,11591.97,60.4,6,False,17665.56,0.6561903500370212,0,1,0
TXN_110347,13433,20105,21237.43,69.87,56,False,32374.62,0.6559900934744562,0,1,0
TXN_106840,15969,24228,23996.09,16.43,1,True,36631.08,0.6550745978551547,0,0,1
TXN_104237,12180,20659,25726.09,68.99,33,False,39294.07,0.6547066771143839,0,1,0
TXN_111931,11378,22947,15543.77,72.07,20,False,23748.84,0.6545064937908547,0,1,0
TXN_103918,13172,22702,18720.36,70.82,40,False,28608.0,0.654375,0,1,0
TXN_104974,12553,20965,16775.64,69.58,45,False,25674.0,0.6534096751577472,0,1,0
TXN_107111,13961,24312,16278.53,65.3,9,False,24930.02,0.6529689907990447,0,1,0
TXN_110010,14265,20524,17209.96,67.92,46,False,26372.93,0.6525615470105142,0,1,0
TXN_100392,13176,25508,17737.6,61.08,27,True,27197.4,0.6521799877929508,0,1,0
TXN_107541,13236,25707,34835.75,62.41,25,False,53471.57,0.6514817126184999,0,1,0
TXN_108429,14000,20763,21779.81,70.0,6,False,33470.14,0.6507236002000589,0,1,0
TXN_111382,10720,20774,21575.83,66.65,31,False,33159.46,0.6506689192164167,0,1,0
TXN_110302,13809,20699,23717.34,61.13,32,False,36502.54,0.6497449218602321,0,1,0
TXN_103926,10776,25923,11623.82,72.26,48,False,17895.37,0.6495434293898366,0,1,0
TXN_110587,12633,25055,18614.98,65.99,53,False,28665.05,0.6493963903778295,0,1,0
TXN_104441,14547,24798,16593.88,72.31,33,False,25570.84,0.6489376180055094,0,1,0
TXN_107938,12843,25417,22045.05,61.11,26,False,34005.02,0.6482881056973353,0,1,0
TXN_102237,10043,21903,18782.58,62.33,17,False,28975.2,0.6482295204174604,0,1,0
TXN_105278,10845,20012,29244.22,60.02,42,False,45130.42,0.6479935263177253,0,1,0
TXN_104214,11914,24004,9333.54,66.35,6,False,14422.74,0.6471405572034162,0,1,0
TXN_101806,15659,23084,23830.72,67.36,6,False,36831.84,0.647014105187251,0,1,0
TXN_106641,15255,25449,19035.21,63.92,32,True,29429.82,0.6468000823654375,0,1,0
TXN_108350,12882,24070,12137.93,60.48,17,False,18768.97,0.6467019767200864,0,1,0
TXN_109534,12739,20783,20210.06,69.46,46,False,31262.25,0.6464685043462962,0,1,0
TXN_104135,12526,25949,9727.76,71.37,26,False,15053.24,0.6462236701201868,0,1,0
TXN_102088,12353,24543,13119.67,73.1,28,False,20317.15,0.6457436205373293,0,1,0
TXN_105990,10927,20928,27313.73,66.26,11,True,42308.34,0.6455873711896992,0,1,0
TXN_100693,10929,25405,18644.11,70.51,11,False,28906.35,0.6449831957338094,0,1,0
TXN_108576,11165,25509,23173.03,74.61,21,False,35934.95,0.6448605048845205,0,1,0
TXN_108659,10528,21687,24678.28,62.06,52,False,38293.78,0.6444461737650344,0,1,0
TXN_101110,13111,25620,25984.37,66.77,28,False,40338.79,0.644153431473775,0,1,0
TXN_100504,15409,21635,13867.97,65.59,18,False,21546.53,0.6436289277206121,0,1,0
TXN_100901,15176,22191,20158.85,71.17,7,False,31333.14,0.6433715229306735,0,1,0
TXN_106406,11159,20004,28239.15,63.23,3,True,43897.24,0.6433012644986337,0,1,0
TXN_107721,10919,23189,17686.93,67.42,58,False,27499.01,0.6431842455419304,0,1,0
TXN_104299,15631,24038,28157.2,65.9,15,True,43782.24,0.643119219117158,0,1,0
TXN_110816,13343,22179,19635.51,60.47,9,False,30541.85,0.6429050630528275,0,1,0
TXN_102685,11641,22593,14426.95,71.95,16,False,22448.26,0.6426756461302569,0,1,0
TXN_105417,13792,20269,15136.04,71.85,43,False,23573.45,0.6420799670816109,0,1,0
TXN_108115,11918,24476,19501.82,73.65,5,False,30382.82,0.6418699778361587,0,1,0
TXN_100535,13499,20988,19633.6,70.76,27,False,30604.98,0.6415165113651439,0,1,0
TXN_100565,13147,25999,13653.09,68.95,23,True,21297.3,0.6410714034173346,0,1,0
TXN_110818,14944,23810,19594.8,67.14,6,False,30571.62,0.6409473884602779,0,1,0
TXN_105247,15948,23535,15351.77,72.86,41,False,23965.02,0.6405907443432136,0,1,0
TXN_105759,12398,22252,21392.11,67.94,30,False,33416.27,0.640170491799354,0,1,0
TXN_105015,10366,24258,21497.84,69.01,34,True,33591.86,0.6399717074315028,0,1,0
TXN_106513,13097,24362,26475.29,63.81,51,False,41369.77,0.6399670580716306,0,1,0
TXN_103282,14009,20801,23968.48,67.55,34,False,37487.19,0.6393778781498427,0,1,0
TXN_105616,15558,23912,14372.91,70.86,10,False,22482.09,0.6393048866898051,0,1,0
TXN_103297,15887,23320,18599.84,67.08,42,False,29096.78,0.6392404932779503,0,1,0
TXN_101464,11459,22512,23571.72,69.98,55,False,36882.49,0.6391032709559469,0,1,0
TXN_101597,14069,22421,20297.04,73.92,29,False,31767.78,0.6389190557224962,0,1,0
TXN_108385,15078,21159,19932.13,68.12,18,False,31230.35,0.6382294786962042,0,1,0
TXN_107353,15303,20585,25441.21,64.27,8,False,39878.15,0.6379736773145194,0,1,0
TXN_110786,15721,21154,17453.97,71.62,44,False,27418.34,0.6365801138945684,0,1,0
TXN_102195,15451,25708,14718.14,67.63,31,False,23144.95,0.6359115055336045,0,1,0
TXN_102697,15608,23304,15456.86,61.13,54,False,24336.26,0.6351370342032835,0,1,0
TXN_104353,12537,23823,24131.63,68.56,33,False,38026.18,0.6346056848203001,0,1,0
TXN_106332,14387,20931,13871.79,61.71,32,False,21874.14,0.6341639031294487,0,1,0
TXN_108731,15171,20540,14410.42,73.5,32,False,22749.02,0.6334523421228695,0,1,0
TXN_100817,11985,22102,27214.65,64.16,27,False,43002.9,0.6328561562127205,0,1,0
TXN_109071,12972,22702,24834.32,61.29,50,False,39259.73,0.6325647170777792,0,1,0
TXN_100936,11907,21564,16555.02,71.55,51,False,26179.98,0.6323541882002965,0,1,0
TXN_105291,10187,20241,21224.86,69.3,45,False,33581.7,0.6320364960677989,0,1,0
TXN_106711,12069,23384,23403.11,68.76,18,False,37111.3,0.6306195148108528,0,1,0
TXN_108044,13977,23811,30427.55,61.04,52,False,48259.57,0.6304977437635686,0,1,0
TXN_107265,14655,23502,16570.45,65.43,55,False,26291.7,0.6302540345432208,0,1,0
TXN_102595,12356,25364,19585.27,64.38,58,False,31082.25,0.6301110762573494,0,1,0
TXN_101068,13392,21827,17482.68,60.84,26,True,27749.94,0.6300078486656188,0,1,0
TXN_109671,15703,21394,20306.9,64.87,47,False,32240.58,0.6298552941665442,0,1,0
TXN_110448,11245,25800,12028.48,68.99,3,False,19102.53,0.6296799429185558,0,1,0
TXN_100871,12948,25479,21571.51,65.82,28,False,34268.78,0.6294799523064434,0,1,0
TXN_109698,10481,20119,15192.24,74.44,48,False,24165.44,0.6286763245361972,0,1,0
TXN_104260,14136,23943,24822.33,68.39,42,False,39494.43,0.6285020444655107,0,1,0
TXN_105380,11725,23373,13898.19,72.62,42,False,22117.33,0.6283846196624999,0,1,0
TXN_111758,10659,22049,14560.61,66.95,9,False,23174.61,0.6283001094732554,0,1,0
TXN_106520,13516,21985,15102.09,68.57,40,True,24051.14,0.6279157661549515,0,1,0
TXN_102494,10095,21557,18308.98,69.96,46,False,29158.6,0.6279101191415226,0,1,0
TXN_109874,11310,20381,21977.57,60.48,36,False,35024.15,0.6274975980858921,0,1,0
TXN_110792,12097,22976,19405.88,73.19,57,False,30958.55,0.6268342671087632,0,1,0
TXN_101591,14495,24453,18562.65,69.97,15,False,29634.03,0.6263964098031891,0,1,0
TXN_107967,12043,20728,18471.4,68.02,5,False,29493.33,0.6262907579442538,0,1,0
TXN_103922,11773,25204,21706.36,63.27,13,False,34659.04,0.6262827822120867,0,1,0
TXN_100991,11064,24681,20042.08,61.01,42,False,32059.18,0.6251588468575927,0,1,0
TXN_108004,15316,22519,24797.38,63.97,42,False,39668.4,0.6251167175888113,0,1,0
TXN_107945,11071,21561,9472.62,74.1,7,True,15159.58,0.6248603193492168,0,1,0
TXN_107018,10426,24348,9467.76,61.67,2,True,15160.63,0.6244964754103226,0,1,1
TXN_102484,15525,22164,14673.05,69.3,25,False,23506.04,0.6242246673620908,0,1,0
TXN_108575,13763,22708,12212.23,69.76,48,True,19564.48,0.6242041700060518,0,1,0
TXN_111078,12751,24643,24377.68,66.5,26,False,39073.61,0.6238911633708787,0,1,0
TXN_104696,12069,23992,23153.2,67.29,3,False,37111.3,0.6238854472896396,0,1,0
TXN_111918,13396,23404,14323.04,68.18,59,False,22973.08,0.6234706012428459,0,1,0
TXN_103596,10365,22501,17018.76,66.25,59,False,27315.61,0.6230415502344631,0,1,0
TXN_104669,15669,25922,16041.34,60.03,38,False,25751.16,0.6229365978076328,0,1,0
TXN_101192,13369,22078,15086.38,67.01,39,False,24222.48,0.6228255735994003,0,1,0
TXN_101735,12065,25461,13558.26,67.01,59,False,21783.74,0.6224027646308669,0,1,0
TXN_109911,11440,24605,17657.02,70.81,14,False,28376.25,0.622246420862517,0,1,0
TXN_103694,10116,23421,13965.83,71.88,55,False,22446.42,0.6221851858781935,0,1,0
TXN_105403,13436,22977,23181.54,68.85,10,False,37329.93,0.6209907171001928,0,1,0
TXN_101283,12162,21824,18243.48,65.53,8,False,29391.63,0.6207032410247407,0,1,0
TXN_107221,13238,25037,10205.25,74.16,33,False,16447.56,0.6204719727424615,0,1,0
TXN_111562,13640,21730,16603.14,60.22,15,False,26765.56,0.6203173032807832,0,1,0
TXN_106413,10891,20965,16770.13,69.59,35,False,27047.14,0.6200333935491885,0,1,0
TXN_109943,15833,24920,21458.91,72.28,4,False,34623.91,0.6197714238513212,0,1,0
TXN_109347,10065,21371,18649.08,64.94,25,False,30095.1,0.6196716408983522,0,1,0
TXN_109338,15325,21216,18205.56,73.37,34,False,29386.08,0.6195300632136032,0,1,0
TXN_111059,11503,20602,16341.12,71.5,8,False,26380.94,0.6194290271688575,0,1,0
TXN_107288,10666,21249,16622.26,72.2,44,False,26848.49,0.6191134026531846,0,1,0
TXN_108887,12869,23808,25080.5,62.68,9,False,40527.39,0.6188530768944164,0,1,0
TXN_100732,10668,22159,12804.96,62.52,22,False,20694.65,0.6187570217423344,0,1,0
TXN_103880,11630,22393,19889.66,67.33,21,False,32177.87,0.6181161152058853,0,1,0
TXN_103396,12867,24759,17718.79,73.97,43,False,28672.12,0.6179797657096859,0,1,0
TXN_104426,14987,24386,15282.26,61.87,27,True,24733.58,0.6178749699800837,0,1,0
TXN_104554,10284,20942,26454.8,66.3,30,False,42878.17,0.6169759576959558,0,1,0
TXN_109402,10457,23313,21682.26,72.68,14,False,35143.46,0.6169642943523489,0,1,0
TXN_103803,13859,24018,12020.43,64.8,20,False,19530.42,0.6154721711053833,0,1,0
TXN_100396,12807,24534,22275.54,63.1,29,False,36216.97,0.6150580791269948,0,1,0
TXN_105814,11107,21008,17064.93,61.97,5,False,27759.54,0.6147410944129478,0,1,0
TXN_105284,15447,21435,17403.19,71.77,53,False,28319.1,0.6145389507434912,0,1,0
TXN_109875,10865,21256,26272.24,68.13,11,False,42767.2,0.6143081613947137,0,1,0
TXN_109363,14726,21774,14444.67,72.6,8,False,23515.44,0.6142632245027098,0,1,0
TXN_106389,11270,23098,20686.39,72.1,33,False,33702.19,0.6137995780096189,0,1,0
TXN_106806,13390,22033,19304.74,60.53,24,True,31453.14,0.6137619328308715,0,1,0
TXN_104780,13983,25683,11128.71,73.04,59,False,18138.58,0.613538104967423,0,1,0
TXN_110305,13271,20747,21504.2,69.85,44,False,35071.81,0.613147710369097,0,1,0
TXN_100449,14753,21686,18392.03,62.67,39,False,30037.83,0.6122955619630313,0,1,0
TXN_108460,12340,23857,18649.81,74.75,22,False,30484.66,0.6117768740081077,0,1,0
TXN_105723,15508,21894,19932.46,61.84,52,False,32596.23,0.6114958693075856,0,1,0
TXN_100823,11849,20085,18883.68,68.38,28,False,30885.66,0.6114060700014181,0,1,0
TXN_104793,10449,25683,14294.77,65.37,17,False,23405.48,0.6107445777655489,0,1,0
TXN_102858,10664,20264,20172.13,65.46,13,False,33111.84,0.609211991843401,0,1,0
TXN_106237,15489,24460,20219.03,74.84,7,False,33199.55,0.6090151824347017,0,1,0
TXN_100472,14584,24393,16871.54,74.88,41,False,27715.82,0.6087332072440939,0,1,0
TXN_103393,14649,22968,17932.55,71.96,56,False,29460.73,0.608693335161756,0,1,0
TXN_109474,11232,24288,10912.84,62.72,5,False,17939.5,0.6083134981465481,0,1,0
TXN_106651,12581,21851,18062.9,73.32,49,False,29699.52,0.6081882804839943,0,1,0
TXN_103842,10889,23979,19887.58,71.63,4,False,32717.79,0.6078521807249206,0,1,0
TXN_106691,14604,25777,23611.89,64.42,14,False,38854.46,0.6077008919954106,0,1,0
TXN_102107,12845,24746,17401.39,71.31,36,True,28675.3,0.6068424741851001,0,1,0
TXN_111570,15227,24782,19417.98,62.65,31,False,32068.06,0.6055240011400752,0,1,0
TXN_110019,11544,22780,20476.62,65.42,11,False,33847.75,0.6049625159722581,0,1,0
TXN_111008,10989,21636,15425.52,73.34,55,False,25500.99,0.604898868632159,0,1,0
TXN_108579,12359,21308,25205.27,65.25,28,False,41683.72,0.604678996980116,0,1,0
TXN_102488,14362,24445,13588.54,68.25,3,False,22479.24,0.6044928565200602,0,1,0
TXN_106425,13157,22212,15247.5,62.25,29,False,25230.44,0.6043295321048702,0,1,0
TXN_110298,15630,24460,31196.45,61.18,42,True,51622.0,0.6043247065204758,0,1,0
TXN_102460,11443,24376,11441.25,67.66,18,True,18932.54,0.6043166949601058,0,1,0
TXN_109036,12101,21363,16302.81,63.03,43,False,26977.72,0.6043064425014419,0,1,0
TXN_102285,12360,23256,16828.03,66.86,44,False,27874.64,0.603703940212322,0,1,0
TXN_109087,11727,20602,20641.42,64.0,2,False,34218.69,0.6032206376106157,0,1,0
TXN_102467,14108,25876,23189.51,61.26,56,False,38517.94,0.6020443980129778,0,1,0
TXN_104308,12750,22860,23798.97,60.14,59,False,39560.72,0.601580810460477,0,1,0
TXN_111115,12889,24683,11354.48,62.39,26,False,18901.97,0.6007035245532608,0,1,0
TXN_102588,10164,22864,22764.04,61.34,33,False,37902.49,0.60059484218583,0,1,0
TXN_100111,13562,20108,21959.56,62.15,56,False,36578.11,0.6003470381602548,0,1,0
TXN_104031,13717,22789,8177.68,72.94,3,False,13642.96,0.5994065803901792,0,1,0
TXN_103760,11099,23812,18674.27,61.16,41,False,31160.13,0.5993001312895678,0,1,0
TXN_100518,14612,21616,17011.32,71.56,52,False,28385.89,0.5992878856361382,0,1,0
TXN_106409,10422,22849,15266.49,61.1,6,False,25476.9,0.5992287130694864,0,1,0
TXN_100266,10263,23749,10535.96,61.72,12,False,17592.24,0.5988981505481963,0,1,0
TXN_102206,12191,22920,10489.89,71.38,20,False,17515.76,0.5988829488415005,0,1,0
TXN_107642,11756,24428,9496.23,73.91,53,False,15880.57,0.5979779063345964,0,1,0
TXN_104674,13770,20720,21456.24,68.0,30,False,35891.16,0.5978140578348541,0,1,0
TXN_102052,12939,21364,17563.69,64.19,2,False,29421.51,0.596967660735292,0,1,0
TXN_102318,14146,22729,18750.4,70.59,49,False,31414.6,0.5968689717519879,0,1,0
TXN_111097,12820,20559,21366.78,69.35,8,False,35799.34,0.5968484335186067,0,1,0
TXN_100551,12775,21574,19419.47,67.0,28,False,32598.65,0.5957139329389407,0,1,0
TXN_107838,15944,24098,18538.36,65.82,59,False,31131.47,0.5954861752432506,0,1,0
TXN_107672,10655,23356,9884.26,71.32,25,True,16598.9,0.5954768087041913,0,1,0
TXN_111590,14996,20096,23852.26,66.29,57,False,40093.86,0.5949105424122297,0,1,0
TXN_111517,11710,24845,3649.4,72.36,48,False,6137.99,0.594559456760275,0,1,0
TXN_103317,13660,21667,14269.8,69.0,21,False,24016.4,0.5941689845272398,0,1,0
TXN_111264,13232,23433,13272.34,60.02,10,False,22338.55,0.5941450989433065,0,1,0
TXN_105816,13247,20605,30147.7,66.7,45,False,50806.2,0.5933862402620153,0,1,0
TXN_111592,14799,24932,22183.01,67.33,15,False,37446.98,0.5923844860119561,0,1,0
TXN_108236,14306,21133,23521.47,60.56,41,False,39753.36,0.5916850802045412,0,1,0
TXN_106674,15288,25569,22140.56,63.79,41,False,37421.87,0.5916476114101192,0,1,0
TXN_106808,14480,20705,20360.01,60.94,2,False,34446.21,0.5910667675776232,0,1,0
TXN_109185,13309,22109,23091.44,72.67,54,False,39083.95,0.590816434879279,0,1,0
TXN_105496,14306,24037,23483.88,69.47,20,False,39753.36,0.5907394997554923,0,1,0
TXN_108331,12559,21067,18404.61,65.16,23,False,31158.9,0.5906694395501767,0,1,0
TXN_105943,15670,25954,21864.03,72.59,14,True,37028.88,0.5904588526577094,0,1,0
TXN_106460,10035,22245,21516.79,65.72,41,False,36467.0,0.5900345517865467,0,1,0
TXN_100558,10115,24031,16383.39,71.85,37,False,27772.02,0.5899243195129487,0,1,0
TXN_107507,10025,24995,20003.37,65.56,48,False,33917.14,0.5897717201391391,0,1,0
TXN_103467,13156,23165,15901.0,64.34,1,False,26977.68,0.5894131741498898,0,1,0
TXN_111423,15142,22634,15507.63,68.79,7,False,26350.68,0.5885096703386782,0,1,0
TXN_107424,12986,20426,13975.35,66.36,47,False,23748.49,0.5884732039805478,0,1,0
TXN_104848,14435,23568,14830.44,67.29,8,False,25216.31,0.5881288737329133,0,1,0
TXN_102231,14400,24222,22327.27,65.33,1,False,37999.96,0.5875603553266898,0,1,0
TXN_100362,13171,22123,20674.28,71.47,35,False,35198.57,0.5873613615553132,0,1,0
TXN_104121,10797,25148,25834.51,69.18,30,False,43985.16,0.5873460503497089,0,1,0
TXN_105384,12806,21233,8558.17,62.86,14,False,14592.97,0.5864584111390622,0,1,0
TXN_110726,15889,23135,15254.68,68.02,58,False,26011.62,0.5864563606572755,0,1,0
TXN_110365,14172,20467,13539.61,64.44,52,False,23093.42,0.5862973089304226,0,1,0
TXN_104756,14546,24414,24591.33,62.37,20,False,41955.73,0.5861256615008248,0,1,0
TXN_109588,12642,25041,5679.51,73.28,5,False,9691.66,0.5860203515187284,0,1,0
TXN_100716,15646,21037,22084.26,71.12,6,False,37707.52,0.5856725661088292,0,1,0
TXN_103390,15464,25826,15094.58,69.31,37,False,25804.65,0.5849558122276411,0,1,0
TXN_106755,12533,20234,12549.24,64.3,13,False,21463.22,0.5846858020371594,0,1,0
TXN_102683,11828,22666,8213.69,64.28,3,False,14064.41,0.5840053013244068,0,1,0
TXN_105303,11882,24695,18243.46,69.84,15,False,31264.36,0.5835225797041743,0,1,0
TXN_101340,14842,23382,13010.6,71.78,55,False,22332.38,0.582589047830997,0,1,0
TXN_106876,10967,25212,14079.96,69.14,41,False,24195.57,0.5819230545095652,0,1,0
TXN_109674,14051,21383,18010.9,60.32,57,True,30973.35,0.5814966737534041,0,1,0
TXN_101200,11646,22496,11822.99,71.31,58,False,20342.56,0.5811947955419574,0,1,0
TXN_110976,11649,20507,16137.99,71.3,55,True,27769.91,0.581132239895628,0,1,0
TXN_110396,14760,23991,19675.73,70.47,47,False,33948.5,0.5795758280925519,0,1,0
TXN_106543,13341,21951,14939.68,69.17,27,False,25785.76,0.5793771445945359,0,1,0
TXN_104085,13295,22548,10221.87,65.4,15,False,17648.47,0.5791929838677233,0,1,0
TXN_104482,15912,21243,20048.99,72.11,2,False,34683.72,0.5780518929342066,0,1,0
TXN_106339,15931,23403,15618.03,73.95,26,False,27019.05,0.5780377178324182,0,1,0
TXN_105636,14857,22860,18998.58,68.18,19,False,32980.54,0.5760542428959623,0,1,0
TXN_110387,13123,22499,22873.15,61.77,23,False,39711.07,0.5759892644544707,0,1,0
TXN_106663,14154,25972,23710.65,61.67,26,False,41288.77,0.5742638979073487,0,1,0
TXN_110371,15287,24073,15457.91,73.88,20,False,26924.13,0.5741284862314957,0,1,0
TXN_107308,14244,23697,16850.31,70.42,25,False,29357.1,0.5739773342734807,0,1,0
TXN_110775,11441,22189,19258.18,62.34,53,False,33587.93,0.5733660871628588,0,1,0
TXN_109115,14467,25454,11838.93,70.92,54,False,20651.55,0.5732707714433057,0,1,0
TXN_111820,10661,22543,13531.31,71.26,26,False,23608.31,0.5731587733302383,0,1,0
TXN_110651,15234,20873,16812.92,74.72,12,False,29396.01,0.5719456484060251,0,1,0
TXN_102728,11568,23085,17641.93,65.84,12,False,30874.46,0.5714085363760208,0,1,0
TXN_102292,11799,20477,17916.9,70.58,38,False,31357.91,0.5713677984278926,0,1,0
TXN_111634,10732,24008,17621.85,71.07,33,False,30852.57,0.5711631154227995,0,1,0
TXN_103158,14572,21122,12146.96,74.37,16,False,21281.0,0.5707889666838964,0,1,0
TXN_100632,14847,21684,14845.86,60.97,6,False,26036.09,0.5702031295789806,0,1,0
TXN_110127,13743,22457,20946.68,66.41,13,False,36751.84,0.5699491508452366,0,1,0
TXN_101093,13763,20334,11131.18,72.23,33,False,19564.48,0.5689484208115932,0,1,0
TXN_101373,10237,22558,15851.42,63.81,58,False,27874.87,0.5686634592376574,0,1,0
TXN_104853,14995,24957,13894.82,68.14,54,False,24444.73,0.5684178143918955,0,1,0
TXN_109326,11570,20738,19679.68,66.34,31,False,34652.52,0.5679148298594157,0,1,0
TXN_105219,14135,25256,21616.64,71.82,1,False,38069.29,0.5678235659241346,0,1,0
TXN_102675,13840,23036,11770.71,67.91,55,False,20742.48,0.56746878868872,0,1,0
TXN_105163,10955,23464,15638.43,60.68,13,False,27616.54,0.5662704306911728,0,1,0
TXN_110902,14560,20665,21305.91,68.36,34,False,37628.1,0.5662233809307405,0,1,0
TXN_103959,12065,23368,12328.62,73.59,58,False,21783.74,0.5659551573788523,0,1,0
TXN_100422,13770,20760,20283.95,65.72,6,False,35891.16,0.5651516975210609,0,1,0
TXN_106440,14525,25785,22999.26,62.37,2,False,40765.91,0.5641787464084574,0,1,0
TXN_107085,12519,25766,10967.06,71.6,38,False,19454.08,0.5637408708096193,0,1,0
TXN_102751,14309,22814,19420.0,65.29,5,False,34464.05,0.5634857191769395,0,1,0
TXN_108661,13719,21841,21294.61,60.61,18,False,37791.37,0.5634781168293185,0,1,0
TXN_103324,11574,23169,18108.41,70.12,23,False,32136.92,0.5634768359880162,0,1,0
TXN_101551,10546,20056,14644.34,66.66,4,False,26005.62,0.5631221251406426,0,1,0
TXN_107491,12087,24486,12473.41,70.37,28,False,22166.64,0.5627109025093564,0,1,0
TXN_109527,13771,25032,12476.23,70.15,5,False,22172.11,0.5626992649774875,0,1,0
TXN_106432,11436,20180,17994.73,71.6,6,False,32005.46,0.5622393804057183,0,1,0
TXN_101345,14492,25622,15356.72,60.41,8,False,27316.5,0.5621774385444694,0,1,0
TXN_109159,13286,20806,17906.32,61.74,26,False,31854.5,0.5621284276946742,0,1,0
TXN_106683,11908,23186,18023.63,40.85,1,True,32077.25,0.5618820191880538,0,0,1
TXN_100738,13720,24137,18078.81,64.59,43,False,32217.23,0.5611534573270266,0,1,0
TXN_106620,15015,23284,7609.64,60.75,39,False,13562.21,0.5610914445359569,0,1,0
TXN_110967,13020,24798,21549.87,64.04,47,False,38407.67,0.5610824608730496,0,1,0
TXN_110420,11113,25995,14256.87,73.5,19,False,25414.2,0.5609804754822107,0,1,0
TXN_106472,14271,22590,16200.81,69.37,36,False,28909.29,0.560401517989546,0,1,0
TXN_106220,14876,24445,13177.67,69.21,36,False,23566.7,0.559164838522152,0,1,0
TXN_106489,13497,21476,20394.6,64.04,21,False,36479.8,0.55906556505244,0,1,0
TXN_104110,15452,24876,26742.77,62.65,44,False,47899.37,0.5583115185022266,0,1,0
TXN_106963,14226,22342,18454.9,72.21,6,False,33059.76,0.5582284928868207,0,1,0
TXN_101038,12220,22911,12180.06,66.71,52,False,21823.7,0.5581115942759477,0,1,0
TXN_107763,13318,22690,25224.81,72.92,28,False,45201.79,0.558048917974266,0,1,0
TXN_103245,11450,23524,13743.09,63.97,37,False,24628.14,0.5580238702557319,0,1,0
TXN_110480,11404,22857,14096.08,69.15,20,False,25267.45,0.5578750526863613,0,1,0
TXN_109389,15213,22124,11858.57,65.2,6,False,21257.52,0.5578529386306587,0,1,0
TXN_110694,15745,25486,23370.55,60.26,48,False,41939.91,0.5572389163448371,0,1,0
TXN_110774,10461,24239,19151.37,62.58,25,False,34393.87,0.556825097030372,0,1,0
TXN_101306,15887,24314,16198.84,62.11,52,False,29096.78,0.5567227713856997,0,1,0
TXN_109774,13769,23953,17466.84,63.87,50,True,31375.44,0.5567042247056934,0,1,0
TXN_103062,12114,22138,13510.33,62.3,2,False,24270.61,0.5566539118711891,0,1,0
TXN_104490,12370,24924,12258.09,70.71,13,False,22029.32,0.5564443205691324,0,1,0
TXN_104603,15556,20168,14588.27,62.92,23,False,26218.67,0.5564077048912092,0,1,0
TXN_102723,13360,20821,22415.78,66.77,22,False,40329.71,0.5558130718024008,0,1,0
TXN_110703,13259,23322,16204.36,74.51,5,False,29169.13,0.5555311385701254,0,1,0
TXN_108478,14767,20985,18330.45,71.25,39,False,33022.64,0.5550873582487651,0,1,0
TXN_102851,13260,22079,18667.52,70.95,16,False,33658.56,0.5546143388190107,0,1,0
TXN_103162,13349,24980,13811.92,65.12,3,False,24909.89,0.5544753509549821,0,1,0
TXN_108553,14908,25994,7036.06,73.21,29,False,12698.1,0.5541033697954812,0,1,0
TXN_101184,13178,22045,19157.35,63.32,41,False,34592.0,0.5538086840888067,0,1,0
TXN_102202,13727,25710,16383.04,65.01,34,False,29600.6,0.5534698620973899,0,1,0
TXN_107755,10754,20946,13276.09,71.76,7,False,24063.42,0.5517125163422323,0,1,0
TXN_101309,13301,22195,11192.6,72.57,38,False,20310.4,0.5510772806050103,0,1,0
TXN_106686,12750,25844,21792.99,65.7,38,False,39560.72,0.5508744532455425,0,1,0
TXN_109746,15782,23840,19299.69,69.21,30,False,35109.91,0.5496935195789451,0,1,0
TXN_105740,13576,20716,16236.0,60.81,19,False,29547.22,0.5494933195068775,0,1,0
TXN_107225,14462,20521,24443.44,71.08,12,False,44508.19,0.5491897109273597,0,1,0
TXN_102021,10530,23737,16177.85,60.96,58,True,29462.3,0.5491034304857394,0,1,0
TXN_107120,12500,25391,21690.04,60.45,26,True,39503.86,0.549061281606405,0,1,0
TXN_102455,11726,22640,26141.02,64.7,57,False,47666.24,0.5484179159086179,0,1,0
TXN_100947,10126,23199,13333.02,74.7,7,False,24324.76,0.5481254491308445,0,1,0
TXN_105335,15297,25485,16919.45,66.97,43,False,30878.77,0.5479314752498238,0,1,0
TXN_108146,11788,25410,19559.66,67.9,53,False,35702.18,0.547856181331224,0,1,0
TXN_106833,12594,25175,15744.75,72.4,4,False,28757.36,0.5475033174116122,0,1,0
TXN_102110,12533,20831,11747.82,65.02,29,False,21463.22,0.5473465770746421,0,1,0
TXN_109734,11364,25109,20448.68,60.77,18,False,37374.62,0.547127435676938,0,1,0
TXN_107102,10492,25529,23872.46,63.8,19,False,43649.91,0.5469074277587285,0,1,0
TXN_111511,10228,25624,24220.26,67.36,50,False,44309.6,0.5466142777185983,0,1,0
TXN_105955,10278,22234,20483.18,72.22,47,False,37486.68,0.5464122189535057,0,1,0
TXN_106139,15475,22569,14518.58,62.73,27,False,26606.55,0.5456769103848489,0,1,0
TXN_101826,13057,25204,19602.51,66.83,11,False,35932.67,0.5455344676585403,0,1,0
TXN_105888,14472,23121,10583.67,69.34,32,True,19400.64,0.54553200306794,0,1,0
TXN_100423,10575,21404,19831.16,73.22,54,False,36355.77,0.5454748998577117,0,1,0
TXN_100288,14724,23141,20771.71,63.83,57,False,38085.02,0.5454036784016393,0,1,0
TXN_108286,14454,23942,16199.39,66.81,12,False,29745.46,0.5446004196942996,0,1,0
TXN_102061,15544,23034,17144.29,68.13,56,False,31505.93,0.5441607341855962,0,1,0
TXN_104929,12973,25744,11681.24,69.78,13,False,21514.55,0.5429460527875322,0,1,0
TXN_107108,13684,22788,15891.94,74.46,47,False,29332.96,0.541777577169164,0,1,0
TXN_100377,10570,25504,18438.5,62.95,36,False,34054.35,0.5414433104728177,0,1,0
TXN_109583,10872,22915,8730.46,73.76,48,False,16150.63,0.54056467147102,0,1,0
TXN_108216,11126,20914,12459.65,69.4,30,False,23057.41,0.5403750898301241,0,1,0
TXN_109064,10214,24447,18291.07,61.34,24,False,33849.63,0.5403624795898803,0,1,0
TXN_106369,11882,25230,16889.95,72.85,49,False,31264.36,0.5402301534398913,0,1,0
TXN_104378,12293,25142,16862.4,73.27,45,True,31218.14,0.5401474911701979,0,1,0
TXN_105577,14835,20509,19605.62,65.46,2,False,36303.54,0.540047058771679,0,1,0
TXN_100236,13583,21798,14427.08,63.87,5,False,26727.22,0.5397897723743809,0,1,0
TXN_103414,14680,21263,20659.95,69.25,8,False,38327.97,0.5390306348079483,0,1,0
TXN_100029,11083,22413,16575.77,72.33,42,False,30781.65,0.5384951748850371,0,1,0
TXN_107535,10343,25607,18779.04,61.18,47,False,34874.95,0.5384678687711381,0,1,0
TXN_100630,10733,22365,15509.63,68.49,53,False,28809.26,0.538355723125134,0,1,0
TXN_106281,10921,22393,18306.77,69.93,58,False,34064.94,0.5374079625562235,0,1,0
TXN_104205,10154,22785,17429.06,63.21,34,False,32454.76,0.5370263098540862,0,1,0
TXN_108130,12580,24236,12969.85,65.39,4,False,24186.17,0.5362506754893396,0,1,0
TXN_111865,12196,24937,20938.89,65.62,31,False,39049.54,0.5362134867657852,0,1,0
TXN_102349,13907,21650,19452.92,67.5,42,False,36312.79,0.535704362016799,0,1,0
TXN_110139,11862,25004,14639.06,72.84,49,False,27356.18,0.535128077092635,0,1,0
TXN_111614,13038,23242,15871.17,63.03,18,False,29668.9,0.5349429874380244,0,1,0
TXN_106230,14523,22415,12439.87,74.91,25,False,23257.14,0.5348839109193994,0,1,0
TXN_100969,12363,25719,24333.51,67.51,6,False,45554.84,0.5341586097108452,0,1,0
TXN_110889,13642,22499,19726.08,67.03,31,False,36959.36,0.533723527680133,0,1,0
TXN_105483,15073,20873,17065.65,74.34,25,False,31979.88,0.533637086818337,0,1,0
TXN_104009,13576,21455,15764.88,66.23,22,False,29547.22,0.533548672260876,0,1,0
TXN_100717,15263,21339,25846.8,62.16,16,False,48447.31,0.5335033049306556,0,1,0
TXN_108921,15425,20771,18360.54,72.92,57,False,34492.14,0.5323108395130021,0,1,0
TXN_107283,13768,24502,19816.26,60.93,49,False,37267.94,0.5317240502158155,0,1,0
TXN_103008,12337,22313,10122.58,65.53,26,False,19051.23,0.5313347222200351,0,1,0
TXN_109322,14517,24069,19523.15,65.47,19,False,36754.46,0.5311777128544399,0,1,0
TXN_109241,13111,24121,21408.42,71.0,24,False,40338.79,0.5307154726257283,0,1,0
TXN_107743,14023,20332,9305.96,62.92,21,True,17578.16,0.5294046703409231,0,1,0
TXN_106695,14441,20539,17796.06,70.67,12,False,33661.64,0.5286747763923564,0,1,0
TXN_110844,12060,22729,17277.65,72.9,7,False,32705.87,0.5282736707508469,0,1,0
TXN_108806,14475,20722,10494.93,61.5,31,False,19868.36,0.5282232655337431,0,1,0
TXN_109467,14977,25820,12562.25,66.99,45,False,23787.53,0.5281023292456174,0,1,0
TXN_101829,11810,25948,19043.71,72.1,37,False,36070.08,0.5279641741853636,0,1,0
TXN_111149,13045,20460,12688.72,68.91,31,False,24033.7,0.5279553293916459,0,1,0
TXN_105879,14988,21043,21249.04,63.51,28,False,40266.54,0.5277096070335321,0,1,0
TXN_109146,11440,22415,14973.46,69.8,18,False,28376.25,0.5276757852077001,0,1,0
TXN_104581,14740,25923,16673.1,60.21,44,False,31617.58,0.5273363742576124,0,1,0
TXN_102757,15527,23559,21094.99,71.54,25,False,40016.37,0.5271590101750858,0,1,0
TXN_103073,12427,21658,16701.26,68.58,10,False,31706.24,0.5267499394440968,0,1,0
TXN_110105,11781,22281,19098.64,64.08,45,False,36278.22,0.5264492028550464,0,1,0
TXN_103901,10892,23042,20388.32,60.68,51,False,38781.5,0.5257228317625672,0,1,0
TXN_105527,10271,24965,15479.63,65.45,53,False,29487.64,0.5249531668183687,0,1,0
TXN_110054,14429,23995,12999.64,67.82,59,False,24764.55,0.5249293849474349,0,1,0
TXN_101048,12825,20713,21327.21,69.94,22,False,40676.63,0.52431113393612,0,1,0
TXN_108018,12604,23852,20217.07,62.72,12,False,38563.6,0.52425266313311,0,1,0
TXN_103902,15575,22580,16628.74,71.76,56,False,31742.16,0.5238692010877647,0,1,0
TXN_106216,15140,23562,17573.57,61.12,39,False,33562.42,0.5236085478937454,0,1,0
TXN_110634,12818,21699,18849.47,65.82,14,False,36020.34,0.5233007239798403,0,1,0
TXN_109190,13175,23911,23762.73,63.0,56,False,45448.92,0.5228447672683971,0,1,0
TXN_103130,11595,21014,17687.43,63.6,50,False,33846.51,0.5225776601487125,0,1,0
TXN_101098,10993,20254,10077.35,65.5,56,False,19304.86,0.5220110376350826,0,1,0
TXN_110555,15959,24979,15003.13,67.11,46,False,28809.58,0.5207687859385662,0,1,0
TXN_111598,11742,21143,16789.99,68.42,51,False,32252.01,0.5205873990489275,0,1,0
TXN_102150,13874,22039,11239.41,74.78,13,True,21602.68,0.5202785024820994,0,1,0
TXN_101406,12954,21983,14313.24,73.25,36,False,27535.48,0.519810804097114,0,1,0
TXN_110704,15788,23843,18128.94,71.72,32,False,34899.61,0.5194596730450569,0,1,0
TXN_105288,15559,23635,11018.83,61.36,35,False,21212.49,0.5194500975604467,0,1,0
TXN_110027,14812,23751,5608.81,67.37,40,False,10805.6,0.5190651143851336,0,1,0
TXN_109463,13739,24709,13752.48,69.19,58,False,26519.25,0.5185848016063803,0,1,0
TXN_100931,10919,20354,14254.26,72.8,1,True,27499.01,0.5183553880666977,0,1,1
TXN_100296,13184,24419,11611.01,71.2,15,False,22424.01,0.5177936506450006,0,1,0
TXN_102975,10690,25691,11976.87,63.7,2,False,23137.68,0.5176348709118632,0,1,0
TXN_108304,12079,22774,14994.43,65.68,59,True,29001.74,0.5170182892474727,0,1,0
TXN_107302,10144,22776,16782.33,63.99,52,False,32466.29,0.5169155453240885,0,1,0
TXN_108840,13999,23691,17246.42,69.07,32,False,33385.17,0.5165892520541306,0,1,0
TXN_104423,10659,20494,11968.74,68.31,36,False,23174.61,0.5164591766592835,0,1,0
TXN_105774,11765,20392,21299.97,71.67,22,False,41253.03,0.516324982674,0,1,0
TXN_105890,13029,24895,18652.48,67.27,38,False,36145.81,0.5160343619357264,0,1,0
TXN_109343,13846,22726,19129.57,67.19,55,False,37082.16,0.5158698953890496,0,1,0
TXN_111480,12504,24606,18573.5,73.28,43,False,36009.49,0.5157945863715371,0,1,0
TXN_104014,10644,24261,23087.68,61.04,24,False,44766.08,0.515740489227558,0,1,0
TXN_107562,11928,22393,22927.6,62.34,3,False,44508.02,0.515134126388907,0,1,0
TXN_110649,11544,21932,17436.13,72.29,47,False,33847.75,0.5151340931081091,0,1,0
TXN_104724,14718,21708,16875.17,74.19,3,False,32788.79,0.5146627856654667,0,1,0
TXN_109114,10521,21029,25433.9,63.94,51,False,49421.49,0.5146323997920742,0,1,0
TXN_107334,14826,21114,13336.21,69.18,2,False,25927.11,0.5143731792706553,0,1,0
TXN_101473,10330,20527,17374.09,72.11,41,True,33785.96,0.5142399387201074,0,1,0
TXN_104619,11185,20895,16472.95,69.75,8,False,32099.06,0.5131910404852977,0,1,0
TXN_110849,13811,24074,16701.61,71.02,23,False,32589.6,0.51248281660407,0,1,0
TXN_103081,12556,21078,12502.98,71.72,43,False,24424.01,0.5119134818565829,0,1,0
TXN_102923,12004,24350,14712.98,74.91,16,False,28755.08,0.5116654170323991,0,1,0
TXN_111584,13193,24722,20234.39,60.24,11,False,39568.41,0.5113773841304212,0,1,0
TXN_103944,15164,22061,18554.42,70.56,3,False,36296.42,0.5111914618576708,0,1,0
TXN_111894,15935,21054,10654.77,72.7,41,False,20847.8,0.511074070165677,0,1,0
TXN_107481,10378,25292,19239.65,65.42,59,False,37651.34,0.5109950934017222,0,1,0
TXN_110804,13857,21367,9032.64,74.01,24,False,17677.66,0.5109635551311655,0,1,0
TXN_108979,12851,24828,11740.57,73.39,27,False,22990.27,0.5106756032008324,0,1,0
TXN_108269,13728,24253,14936.25,64.29,38,False,29251.13,0.5106212990745999,0,1,0
TXN_106958,13200,24151,18548.03,69.86,56,False,36373.32,0.509935029301697,0,1,0
TXN_105096,13979,20066,9267.31,70.13,21,False,18185.84,0.5095893288404605,0,1,0
TXN_107561,15113,24045,13934.37,67.75,57,False,27352.7,0.5094330724206385,0,1,0
TXN_111448,10024,24439,17921.95,66.88,18,False,35199.59,0.509152237284582,0,1,0
TXN_105307,13204,21012,8783.91,68.74,50,False,17257.04,0.5090044410860727,0,1,0
TXN_107380,12695,22399,19101.39,71.48,39,False,37541.14,0.5088121990967776,0,1,0
TXN_105194,15922,25455,16695.33,65.27,56,False,32819.26,0.5087052541708741,0,1,0
TXN_107122,15136,20407,18352.79,66.38,41,False,36212.47,0.5068085662204208,0,1,0
TXN_108699,15084,23922,17209.47,74.7,28,False,33959.49,0.5067646775614122,0,1,0
TXN_102719,14084,25701,13151.63,63.58,53,False,25980.94,0.5062030088210819,0,1,0
TXN_100098,12569,23720,24023.41,66.81,12,False,47458.65,0.5061966575113283,0,1,0
TXN_111076,10067,24115,9637.1,70.79,32,False,19053.14,0.5058011435385453,0,1,0
TXN_111270,13813,24469,7996.86,63.15,35,False,15822.05,0.5054250239381117,0,1,0
TXN_105462,14200,22025,9357.92,58.97,2,True,18518.55,0.5053268209444044,0,0,1
TXN_106288,14444,21509,16139.2,62.96,15,False,31951.55,0.5051147753395375,0,1,0
TXN_108542,11556,24342,15224.41,68.72,7,False,30170.64,0.5046101110218411,0,1,0
TXN_107082,14369,22028,12936.51,73.46,53,False,25641.54,0.5045137694537848,0,1,0
TXN_103788,10974,24041,18581.62,70.85,14,False,36877.82,0.50386980575316,0,1,0
TXN_104128,12896,23330,9144.55,62.04,28,False,18160.62,0.5035373241662454,0,1,0
TXN_100358,13421,22810,19968.84,72.21,13,False,39696.99,0.5030315900525455,0,1,0
TXN_108006,10318,20650,18103.73,60.1,44,False,36046.94,0.5022265412820062,0,1,0
TXN_102306,10010,22387,16632.54,73.99,1,False,33129.49,0.5020463641305677,0,1,0
TXN_107114,13463,25889,20090.04,65.43,58,False,40057.83,0.5015259189027463,0,1,0
TXN_103692,12559,22939,15617.75,73.65,16,False,31158.9,0.5012291833152005,0,1,0
TXN_109599,12731,22198,19772.2,65.98,35,False,39499.4,0.5005696289057555,0,1,0
TXN_100162,15740,21377,19243.04,63.38,23,False,38556.09,0.4990921019221607,0,1,0
TXN_108994,14355,22978,15120.72,70.0,58,False,30323.12,0.49865317289249916,0,1,0
TXN_102123,10126,23433,12127.03,63.47,37,False,24324.76,0.49854674825157574,0,1,0
TXN_100516,11016,24803,16708.74,63.57,43,False,33540.36,0.4981681770857558,0,1,0
TXN_104082,12646,25722,17124.91,70.99,11,False,34390.13,0.4979600251583812,0,1,0
TXN_104994,11364,20078,18610.8,66.03,14,False,37374.62,0.4979528888855592,0,1,0
TXN_106973,15608,21709,12076.92,62.17,54,False,24336.26,0.4962520946110865,0,1,0
TXN_100389,11410,21880,17511.04,69.9,37,False,35297.34,0.4961008393267028,0,1,0
TXN_108797,11461,24936,17947.65,74.15,26,False,36197.33,0.49582800720384623,0,1,0
TXN_100736,15468,20709,18398.32,66.05,14,False,37124.91,0.4955788445009025,0,1,0
TXN_109282,14279,22375,15009.28,64.74,6,False,30293.96,0.495454539452749,0,1,0
TXN_100245,12812,24398,11862.77,71.9,21,False,23996.47,0.4943547946843848,0,1,0
TXN_109182,12328,23941,19143.11,60.63,37,True,38723.96,0.49434794375368635,0,1,0
TXN_111744,13505,22365,13535.85,72.5,26,False,27394.52,0.4941079456767266,0,1,0
TXN_106509,12937,20665,17218.46,74.43,35,False,34864.49,0.4938681162409087,0,1,0
TXN_109827,15407,23341,15109.19,67.33,18,False,30594.02,0.4938608917690451,0,1,0
TXN_102010,12980,23750,17875.68,72.49,35,False,36200.97,0.4937900835253862,0,1,0
TXN_109512,13929,25788,15682.08,71.68,22,False,31776.02,0.49351932683828875,0,1,0
TXN_110143,13176,20008,13417.74,61.29,50,True,27197.4,0.4933464228198284,0,1,0
TXN_101239,14381,20073,14270.02,74.4,46,False,28957.46,0.49279253083661345,0,1,0
TXN_105040,12829,23926,17432.49,73.17,10,False,35381.82,0.4926962490906347,0,1,0
TXN_104882,10635,21899,22780.72,61.2,37,False,46248.08,0.4925765566916508,0,1,0
TXN_104819,15434,22094,17598.06,65.16,55,False,35735.7,0.492450406736121,0,1,0
TXN_100513,12490,23398,13088.78,74.55,28,True,26594.45,0.4921620864503684,0,1,0
TXN_107031,10146,21666,14005.97,71.31,19,False,28460.37,0.49212185224577193,0,1,0
TXN_104453,11925,25607,16515.1,65.86,10,False,33579.04,0.4918276400993,0,1,0
TXN_111334,10266,21533,25725.06,71.36,59,False,52323.96,0.49164971458582263,0,1,0
TXN_100688,10505,22073,20232.2,60.31,31,False,41199.93,0.49107364988241486,0,1,0
TXN_100980,12564,23203,12541.94,66.65,37,False,25589.08,0.49012860173167616,0,1,0
TXN_104191,13675,22335,16290.27,69.44,17,False,33280.35,0.48948613821669545,0,1,0
TXN_104276,14777,21129,21619.34,68.34,57,False,44191.42,0.48922030566114416,0,1,0
TXN_100689,11215,20098,12047.26,69.1,13,False,24652.3,0.4886870596252682,0,1,0
TXN_110035,11130,24930,12966.37,63.67,57,False,26539.26,0.48857315539317975,0,1,0
TXN_107596,11421,22885,10878.46,72.36,46,False,22266.78,0.4885511061770045,0,1,0
TXN_100343,10816,24375,20136.97,69.82,20,False,41236.41,0.4883298521864537,0,1,0
TXN_104572,11819,24302,21819.34,70.6,28,False,44708.22,0.48803866492559983,0,1,0
TXN_101636,12110,22003,7685.64,64.63,58,True,15748.77,0.48801525452463906,0,1,0
TXN_109202,12101,24065,13155.21,62.73,22,False,26977.72,0.4876323870215867,0,1,0
TXN_108803,14929,22221,7298.89,69.62,25,False,14973.8,0.4874440689738076,0,1,0
TXN_108632,13698,24483,22217.44,63.04,40,False,45625.42,0.48695310640428074,0,1,0
TXN_105406,15812,23737,15361.5,62.93,23,False,31547.5,0.48693240351850386,0,1,0
TXN_105771,11448,23827,19980.99,60.59,33,False,41038.32,0.4868861590825355,0,1,0
TXN_107411,13310,23333,20030.44,63.61,40,False,41227.71,0.48584895935282363,0,1,0
TXN_111297,15874,20776,18435.29,63.67,42,False,37958.74,0.485666542145498,0,1,0
TXN_107365,15312,24591,13174.68,71.57,32,False,27148.42,0.4852834897942495,0,1,0
TXN_106355,15038,25085,8881.55,68.14,28,False,18306.02,0.4851709983928784,0,1,0
TXN_109281,10236,24107,10192.9,71.86,34,False,21012.23,0.48509368115616475,0,1,0
TXN_107761,13935,22534,12019.52,71.31,58,False,24789.29,0.48486745687351274,0,1,0
TXN_104090,12568,21719,16152.33,65.98,28,False,33315.88,0.48482375371744646,0,1,0
TXN_102938,15302,23675,19424.63,65.0,1,False,40073.96,0.4847195036377738,0,1,0
TXN_108029,12380,21020,10372.91,68.08,5,True,21417.34,0.48432298315290323,0,1,0
TXN_104946,13517,25007,18542.9,72.46,7,False,38318.67,0.4839129333037916,0,1,0
TXN_111915,14182,22903,16238.89,61.8,56,False,33559.52,0.48388326173914287,0,1,0
TXN_102510,13680,21117,18541.41,61.97,21,False,38350.14,0.4834769833956278,0,1,0
TXN_111101,11812,23762,16074.27,64.82,40,True,33300.49,0.4827037079634564,0,1,0
TXN_104432,11538,21353,17547.62,71.59,15,False,36360.06,0.48260701439986625,0,1,0
TXN_106992,13154,22005,14046.08,71.6,44,False,29109.6,0.48252397834391403,0,1,0
TXN_104261,15090,20655,13199.77,73.78,20,False,27391.54,0.48189221927646275,0,1,0
TXN_108946,11774,24927,14900.8,66.38,24,False,30929.89,0.4817605235582797,0,1,0
TXN_110384,13684,25210,14126.59,64.96,52,False,29332.96,0.4815944248381343,0,1,0
TXN_111439,12384,21927,15419.41,60.02,14,False,32036.38,0.4813093739055411,0,1,0
TXN_101021,14209,22766,15890.38,66.34,2,False,33035.36,0.48101125581800835,0,1,0
TXN_104372,12121,20060,19591.27,62.16,30,False,40763.89,0.48060354396992044,0,1,0
TXN_108468,15732,24686,14485.67,74.49,8,False,30155.69,0.4803627441454664,0,1,0
TXN_109876,13864,22299,17950.27,74.45,25,False,37391.38,0.4800643891720498,0,1,0
TXN_109740,12323,20175,9948.17,63.15,15,False,20726.04,0.4799841165992153,0,1,0
TXN_102584,10242,25004,17253.18,67.99,15,False,35966.35,0.4797033894181645,0,1,0
TXN_110985,11075,21339,22267.59,67.4,22,False,46447.96,0.4794094293915169,0,1,0
TXN_101084,15869,25687,16118.37,64.12,32,False,33630.21,0.4792824665680054,0,1,0
TXN_107304,13229,21769,14542.48,61.94,35,False,30360.24,0.47899753098130976,0,1,0
TXN_100946,15351,22493,12492.5,65.11,39,False,26116.02,0.4783462411194355,0,1,0
TXN_100646,13237,23224,11262.95,71.39,44,False,23547.8,0.47830158231342207,0,1,0
TXN_109278,10225,23336,11651.78,70.08,25,False,24377.79,0.4779670347476125,0,1,0
TXN_101775,15347,21313,13453.75,60.8,51,False,28150.51,0.47792206961792166,0,1,0
TXN_101567,14844,24735,12981.33,67.42,14,False,27164.97,0.4778702129985787,0,1,0
TXN_100824,14720,22300,17294.78,62.21,30,True,36197.52,0.47778908610313636,0,1,0
TXN_111567,13425,22169,12152.29,66.21,10,True,25445.44,0.477582230843719,0,1,0
TXN_105119,13826,21780,9190.31,62.07,34,True,19255.43,0.4772840699999948,0,1,0
TXN_103039,10611,25285,20748.45,72.13,51,False,43480.97,0.477184616626538,0,1,0
TXN_104395,10369,22824,8682.75,60.88,58,False,18202.65,0.47700472183995185,0,1,0
TXN_106283,15587,22416,9851.31,74.76,54,False,20662.98,0.47676133839359086,0,1,0
TXN_111844,14738,23704,11940.14,73.12,42,False,25072.52,0.47622416893076563,0,1,0
TXN_111636,14298,25867,18247.79,71.03,48,True,38318.12,0.476218300897852,0,1,0
TXN_105268,12154,24417,17712.92,68.82,37,False,37205.41,0.4760845264169915,0,1,0
TXN_104599,12805,21849,20244.68,61.48,55,False,42578.78,0.4754640691912732,0,1,0
TXN_109372,14214,21790,14043.64,68.58,36,False,29591.54,0.47458293823167025,0,1,0
TXN_111721,12671,23007,13505.45,73.88,31,False,28482.08,0.474173585637004,0,1,0
TXN_107133,15270,20930,4449.46,61.8,51,False,9388.03,0.47395033888898946,0,1,0
TXN_107158,14695,25851,12712.24,66.47,11,False,26832.34,0.4737656126897617,0,1,0
TXN_103967,13260,24781,15930.39,70.12,57,False,33658.56,0.47329386640426685,0,1,0
TXN_106422,11450,24965,11644.45,74.01,33,False,24628.14,0.47281077661569243,0,1,0
TXN_100552,12897,20420,10179.59,74.1,32,False,21533.56,0.4727314015889616,0,1,0
TXN_109279,15834,22647,9381.35,69.25,45,False,19847.0,0.4726835289968257,0,1,0
TXN_102924,12097,24113,14624.01,64.87,18,False,30958.55,0.4723738676391498,0,1,0
TXN_111237,10833,22691,14149.57,67.0,18,False,29990.76,0.471797647008612,0,1,0
TXN_108406,11754,23985,20038.83,73.57,43,True,42475.1,0.47177828892692425,0,1,0
TXN_109483,13884,23288,20992.62,62.13,40,False,44503.33,0.47170897099160897,0,1,0
TXN_103035,14684,20761,20994.78,62.56,55,True,44520.23,0.4715784262570072,0,1,0
TXN_105849,15568,21836,22733.52,70.07,37,False,48231.38,0.4713429306812287,0,1,0
TXN_109394,15115,21616,20899.28,65.06,43,False,44347.27,0.47126418379304974,0,1,0
TXN_108586,14127,25833,16250.48,70.78,7,False,34493.66,0.4711149817096823,0,1,0
TXN_106381,15477,20037,12871.31,74.29,50,False,27343.14,0.4707326956596792,0,1,0
TXN_100383,14015,21672,14551.73,63.79,59,False,30914.92,0.4707024957528598,0,1,0
TXN_102410,12666,24505,17429.62,69.42,35,True,37056.11,0.4703575199879318,0,1,0
TXN_107347,11103,24629,14715.49,69.14,51,False,31342.9,0.4694999505470138,0,1,0
TXN_104938,10804,21553,15048.15,60.24,2,False,32083.2,0.46903519599042487,0,1,0
TXN_109751,14473,21661,21422.57,71.56,38,True,45702.16,0.4687430528447671,0,1,0
TXN_101181,13877,23719,15475.22,74.13,53,False,33023.38,0.46861405464855505,0,1,0
TXN_105165,15048,20417,13303.59,63.0,53,False,28400.44,0.4684290102547707,0,1,0
TXN_111780,15725,23229,12156.17,70.92,49,True,25976.13,0.4679746367145529,0,1,0
TXN_107926,10209,21416,19159.87,69.83,43,False,40954.63,0.4678315980390984,0,1,0
TXN_110647,14905,23802,19124.98,65.03,29,True,40884.08,0.4677855047734962,0,1,0
TXN_102825,11829,23321,13173.92,72.95,54,False,28171.78,0.4676282435827626,0,1,0
TXN_100684,11959,24189,12963.21,66.86,6,False,27724.72,0.4675686535337417,0,1,0
TXN_100112,12279,20389,21081.58,65.1,14,False,45093.7,0.46750610395687203,0,1,0
TXN_102267,13611,21527,12355.32,67.27,22,False,26465.92,0.46683886296036564,0,1,0
TXN_110514,14349,24503,16096.78,63.08,45,False,34494.2,0.46665178493775766,0,1,0
TXN_108733,15154,24877,17382.12,74.11,41,False,37251.04,0.4666210661500994,0,1,0
TXN_100861,14301,22558,14007.42,68.02,58,False,30026.57,0.4665008357597954,0,1,0
TXN_105776,11236,23673,18316.17,70.05,42,False,39264.32,0.46648382042526143,0,1,0
TXN_107366,13428,24949,15545.38,70.04,22,False,33332.0,0.4663800552022081,0,1,0
TXN_103561,13651,23549,17255.23,60.87,48,False,37007.43,0.4662639367283813,0,1,0
TXN_103827,15195,23027,23952.94,60.58,52,False,51489.04,0.4652046338405222,0,1,0
TXN_111760,14463,23197,15572.76,72.6,36,True,33485.3,0.46506257969915155,0,1,0
TXN_107460,10752,21262,25372.06,60.44,23,False,54601.3,0.46467867981165284,0,1,0
TXN_108843,15797,24630,18231.83,60.82,22,False,39262.7,0.46435497304057033,0,1,0
TXN_104131,10520,22138,12170.04,66.04,57,False,26236.03,0.4638674372608966,0,1,0
TXN_106622,11182,21462,20802.94,64.97,31,False,44884.58,0.4634763208210927,0,1,0
TXN_108522,15017,23729,16533.47,67.32,36,True,35688.24,0.46327501720454695,0,1,0
TXN_101317,12539,21894,14808.31,71.65,23,False,31994.97,0.4628324389740012,0,1,0
TXN_109024,13950,21077,12189.08,64.56,44,False,26353.62,0.4625201395481911,0,1,0
TXN_102441,11524,23702,10944.53,70.64,52,False,23673.93,0.4623030481208654,0,1,0
TXN_109748,12189,23643,19780.34,65.94,4,False,42811.58,0.4620324687853146,0,1,0
TXN_110548,12802,20196,13048.81,62.73,19,False,28262.92,0.4616936254286535,0,1,0
TXN_111745,10913,20793,10144.91,73.29,34,True,21974.96,0.46165772315398984,0,1,0
TXN_105964,12183,22514,10028.67,61.53,26,False,21727.82,0.4615589598956545,0,1,0
TXN_105422,13309,20235,18035.35,63.93,41,False,39083.95,0.4614515677151363,0,1,0
TXN_100477,14800,23248,16752.45,74.67,26,False,36325.12,0.4611808577645442,0,1,0
TXN_108624,12148,21024,22683.59,68.86,11,False,49195.8,0.4610879384012456,0,1,0
TXN_110261,13809,20826,16827.77,69.71,30,False,36502.54,0.4610027137837531,0,1,0
TXN_108410,15957,24879,11613.71,73.18,44,False,25200.02,0.46086114217369667,0,1,0
TXN_100027,12905,22008,15895.52,70.78,51,False,34513.99,0.460552952585314,0,1,0
TXN_110803,15693,22596,22206.76,64.37,29,True,48256.41,0.4601825954313634,0,1,0
TXN_104134,10008,20031,16725.94,63.74,7,False,36349.86,0.4601376731574757,0,1,0
TXN_103337,15612,20041,20427.4,68.89,23,False,44405.07,0.46002404680366454,0,1,0
TXN_107220,13189,21705,13823.5,70.56,23,False,30085.53,0.45947337474194405,0,1,0
TXN_105692,14671,20042,7199.41,71.95,37,False,15688.3,0.45890313163312785,0,1,0
TXN_102503,15773,20297,13858.19,66.75,6,False,30202.96,0.4588354916206888,0,1,0
TXN_103468,12502,21827,16121.03,63.89,48,False,35147.34,0.45866998754386534,0,1,0
TXN_105160,15867,20798,12380.87,68.75,53,False,26993.39,0.45866302824506294,0,1,0
TXN_111466,13660,23387,11005.05,62.45,35,False,24016.4,0.4582306257390783,0,1,0
TXN_109070,14939,23812,12447.91,74.11,29,True,27250.64,0.45679330834064813,0,1,0
TXN_104833,13894,25960,10697.17,73.15,2,True,23420.04,0.4567528492692583,0,1,1
TXN_110811,15060,22317,14990.88,73.1,11,False,32889.18,0.4557997493400565,0,1,0
TXN_101916,13042,24507,22263.47,65.27,32,False,48861.72,0.45564237198363056,0,1,0
TXN_110547,10839,23942,14993.83,69.28,43,True,32916.76,0.4555074679281922,0,1,0
TXN_106025,12078,21774,15219.62,71.13,54,False,33440.01,0.4551320409294136,0,1,0
TXN_109232,15424,25503,16229.97,65.24,54,False,35668.39,0.4550239021161314,0,1,0
TXN_104108,15952,23860,16105.02,64.01,10,False,35405.15,0.45487789205807627,0,1,0
TXN_104333,13723,24489,17949.23,62.25,51,False,39499.4,0.45441778862463733,0,1,0
TXN_110560,12837,25086,21580.92,62.3,27,False,47495.68,0.454376482240069,0,1,0
TXN_100584,13852,23291,15422.62,61.27,2,False,33957.69,0.4541716471291186,0,1,0
TXN_109177,13868,20779,19073.82,71.52,18,False,42006.3,0.4540704608594425,0,1,0
TXN_105494,14993,20355,18775.72,73.44,37,False,41389.44,0.45363551669218044,0,1,0
TXN_102737,12709,20718,16722.36,65.3,23,False,36888.74,0.4533188176120952,0,1,0
TXN_105114,14929,23390,6785.44,61.04,50,False,14973.8,0.453154175960678,0,1,0
TXN_106256,14142,25634,17550.4,71.79,50,False,38736.32,0.45307349794714624,0,1,0
TXN_110149,13417,23829,14709.48,74.84,52,False,32501.99,0.4525716733036962,0,1,0
TXN_108120,15236,20976,27112.46,64.75,34,False,59913.01,0.45253042703079016,0,1,0
TXN_108132,12786,20576,12740.62,65.77,27,False,28155.56,0.45250813693636355,0,1,0
TXN_108271,10259,21892,18145.59,64.26,50,False,40119.48,0.4522887634635344,0,1,0
TXN_108209,14125,24058,18242.31,68.56,25,False,40338.53,0.4522304109743216,0,1,0
TXN_100752,11582,25404,17339.31,63.95,9,False,38356.34,0.4520585123606684,0,1,0
TXN_101452,15761,24874,24058.68,66.04,24,False,53246.3,0.45183759247121397,0,1,0
TXN_101878,13567,24561,15030.29,70.48,6,False,33291.41,0.45147652202174676,0,1,0
TXN_109653,12244,22679,8127.36,61.03,9,False,18003.68,0.45142770811300803,0,1,0
TXN_110276,12769,20556,16468.95,67.33,30,False,36525.87,0.450884537452496,0,1,0
TXN_104737,12309,25036,18509.48,66.81,46,False,41076.19,0.45061336019723347,0,1,0
TXN_103591,13141,23669,15398.9,63.46,55,False,34198.24,0.45028340639752223,0,1,0
TXN_106384,11548,25297,14390.67,70.26,56,False,31972.26,0.4500986167383851,0,1,0
TXN_111882,15642,23466,15832.39,64.05,35,False,35182.64,0.45000574146795125,0,1,0
TXN_100850,14893,21018,19035.61,73.97,50,True,42303.79,0.4499741039750812,0,1,0
TXN_108688,12470,23879,15140.67,69.69,5,False,33701.78,0.4492543123835002,0,1,0
TXN_107311,13305,20955,15080.76,61.92,8,False,33599.25,0.4488421616553941,0,1,0
TXN_101881,11568,20526,13845.79,74.8,42,False,30874.46,0.44845448309055447,0,1,0
TXN_110058,10783,25489,22716.28,69.24,51,False,50671.48,0.4483050425999004,0,1,0
TXN_109171,12005,25204,19437.04,67.11,28,False,43358.59,0.4482857952714791,0,1,0
TXN_108135,15677,21819,22911.41,62.75,59,False,51109.75,0.44827865524679733,0,1,0
TXN_102546,13566,23198,18569.88,69.17,55,False,41434.92,0.4481698045995986,0,1,0
TXN_104062,10159,21959,11760.64,66.81,52,False,26248.46,0.4480506665914877,0,1,0
TXN_106522,15561,25032,17270.27,58.68,1,True,38548.09,0.44801882531663695,0,0,1
TXN_102845,12948,21796,15351.57,62.18,27,False,34268.78,0.4479753875101477,0,1,0
TXN_103068,11578,21268,15781.14,70.69,14,False,35231.6,0.447925725768912,0,1,0
TXN_102602,15684,22733,18613.94,62.06,6,False,41561.68,0.44786303152326856,0,1,0
TXN_111359,13527,22504,9175.44,63.95,38,False,20490.32,0.44779388511258,0,1,0
TXN_107802,10881,23961,17889.23,63.6,31,False,39964.91,0.44762342765190766,0,1,0
TXN_108037,13076,21009,16886.57,65.39,14,False,37757.72,0.44723489659862936,0,1,0
TXN_106667,13403,22473,23405.22,67.72,22,False,52335.32,0.447216526047801,0,1,0
TXN_110723,11089,24996,12695.91,60.98,43,False,28421.25,0.44670484232748386,0,1,0
TXN_109444,10099,20261,14274.08,64.94,5,False,31960.5,0.4466162919854195,0,1,0
TXN_108378,14724,24865,16976.12,69.99,35,False,38085.02,0.44574270933821225,0,1,0
TXN_101099,12713,23658,19739.6,70.11,57,False,44309.37,0.44549493707538607,0,1,0
TXN_107716,14952,21870,13112.48,72.95,11,True,29451.1,0.4452288709080476,0,1,0
TXN_103768,15410,25826,19024.38,61.32,29,False,42733.98,0.44518156277510307,0,1,0
TXN_111085,15233,22307,12352.59,73.35,27,False,27764.11,0.4449121545765378,0,1,0
TXN_104749,14591,24275,11532.15,74.79,34,False,25926.64,0.4447992489578287,0,1,0
TXN_104145,15974,24090,22006.3,63.92,13,False,49487.15,0.4446871561607407,0,1,0
TXN_110370,14137,25331,14176.69,64.39,37,False,31886.08,0.44460435400024084,0,1,0
TXN_107262,10157,20454,15702.25,69.03,27,False,35357.5,0.44409955454995403,0,1,0
TXN_104368,13490,22566,11272.95,65.62,59,False,25395.68,0.4438924257984035,0,1,0
TXN_109277,15469,22728,9177.48,60.48,14,False,20680.14,0.4437822954776902,0,1,0
TXN_100064,11956,23294,16350.23,61.76,21,False,36904.08,0.44304667668181946,0,1,0
TXN_110879,14432,23831,9731.37,66.3,42,False,21969.12,0.44295675020210185,0,1,0
TXN_101433,11251,22947,20435.63,63.28,29,False,46178.22,0.442538278868263,0,1,0
TXN_109618,12687,23160,13004.4,70.41,18,False,29416.85,0.44207316554967646,0,1,0
TXN_107902,15671,20405,16009.82,73.16,17,False,36225.71,0.44194634142436406,0,1,0
TXN_100750,10925,21475,13526.03,70.45,10,False,30646.08,0.44136248420678925,0,1,0
TXN_102111,13829,20189,15926.4,66.98,25,False,36094.06,0.44124711933210065,0,1,0
TXN_105159,14926,23813,19807.26,64.64,59,False,44911.48,0.441028886155611,0,1,0
TXN_102504,12530,21087,14446.78,62.6,36,False,32772.79,0.44081629913107795,0,1,0
TXN_108438,13260,22250,14806.99,66.15,26,False,33658.56,0.4399175128110056,0,1,0
TXN_110502,11077,21583,20607.92,62.36,47,False,46903.19,0.4393713945682586,0,1,0
TXN_101026,11574,25508,14118.98,69.02,2,False,32136.92,0.43933830622225156,0,1,0
TXN_101147,12892,25417,15968.35,71.83,51,False,36394.46,0.43875771202540165,0,1,0
TXN_107435,15201,20691,17426.44,72.89,30,False,39765.43,0.43823089552910655,0,1,0
TXN_100246,11370,23011,15299.59,72.42,41,True,34919.29,0.4381414971495698,0,1,0
TXN_111092,15025,24066,15701.0,65.01,52,False,35876.8,0.4376365785131338,0,1,0
TXN_103665,14960,20125,18768.64,70.25,18,False,42963.0,0.4368558992621558,0,1,0
TXN_101465,13550,20104,16179.81,60.28,50,False,37181.24,0.43516058098116145,0,1,0
TXN_106383,12081,22877,20402.25,73.39,25,False,46903.91,0.4349797277028717,0,1,0
TXN_103758,12015,20862,15528.04,66.76,23,False,35719.38,0.4347231110954333,0,1,0
TXN_100074,14799,24410,16264.23,68.67,38,False,37446.98,0.43432688029849137,0,1,0
TXN_105644,12659,23647,18608.99,60.66,53,True,42852.22,0.43425964862497207,0,1,0
TXN_102925,10704,20261,14310.72,64.85,11,False,32954.72,0.4342540309855462,0,1,0
TXN_110734,15688,22661,6548.43,71.15,4,False,15084.45,0.4341179161321759,0,1,0
TXN_103439,10420,24942,10231.45,67.01,13,False,23581.05,0.43388441142357953,0,1,0
TXN_103532,13220,25441,15910.84,72.24,4,False,36704.72,0.4334821243698358,0,1,0
TXN_101817,15507,20773,7491.9,61.38,22,False,17283.36,0.43347474102257894,0,1,0
TXN_107873,15318,21008,17042.5,62.02,24,True,39332.9,0.4332886718243506,0,1,0
TXN_110903,10912,23455,15917.74,70.29,32,False,36778.51,0.43280002370949777,0,1,0
TXN_106886,12213,21056,12834.99,73.98,20,False,29681.71,0.43242084098254446,0,1,0
TXN_111298,12285,25177,13110.39,72.52,52,False,30353.64,0.4319215092489731,0,1,0
TXN_110318,10985,23290,12536.17,70.84,29,False,29063.97,0.4313302690582188,0,1,0
TXN_100649,13720,24672,13894.65,69.36,50,False,32217.23,0.4312800945332668,0,1,0
TXN_101531,15218,25182,12503.48,71.47,44,True,29047.34,0.43045180729113236,0,1,0
TXN_109693,12675,23294,12177.16,71.52,5,False,28297.77,0.4303222480075285,0,1,0
TXN_109692,10193,21517,16307.54,74.92,42,False,37902.14,0.4302538062494624,0,1,0
TXN_102947,10876,23423,7129.95,74.15,2,False,16589.3,0.4297920949045469,0,1,0
TXN_103910,14745,23160,15373.23,65.02,43,True,35842.5,0.4289106507637581,0,1,0
TXN_110983,13140,25248,14703.61,68.21,4,False,34315.14,0.42848754223354474,0,1,0
TXN_107200,10667,23070,13221.85,66.43,17,False,30889.46,0.4280375895208268,0,1,0
TXN_103142,10265,25265,16396.12,72.95,19,False,38313.24,0.42794918936639137,0,1,0
TXN_111759,14762,22976,24190.39,66.58,14,True,56530.98,0.42791386245205726,0,1,0
TXN_106771,11832,23399,16812.91,73.13,16,False,39298.07,0.42783042526007004,0,1,0
TXN_104421,11856,24358,19551.27,62.83,46,False,45716.94,0.4276592002876833,0,1,0
TXN_104807,14341,22610,17627.6,68.18,52,False,41240.83,0.42743077673267005,0,1,0
TXN_104477,11550,22496,13318.89,67.68,51,False,31188.64,0.4270429874467114,0,1,0
TXN_103991,14761,21053,10211.16,72.44,47,False,23930.62,0.4266985142883887,0,1,0
TXN_100579,15074,21725,18636.33,73.9,20,False,43695.3,0.42650651214203816,0,1,0
TXN_109991,12966,20997,19947.01,63.85,10,False,46768.37,0.42650641876122686,0,1,0
TXN_104147,13116,21803,18545.98,66.98,42,False,43508.27,0.42626332878783735,0,1,0
TXN_108517,14068,20008,8675.95,74.97,19,False,20354.54,0.4262415166346181,0,1,0
TXN_110103,12960,23730,14839.03,66.42,51,False,34821.6,0.42614440462241826,0,1,0
TXN_105585,14441,24436,14343.51,64.6,32,False,33661.64,0.42610847243330985,0,1,0
TXN_110224,14811,22934,11467.77,72.59,23,False,26944.46,0.4256077130512172,0,1,0
TXN_105261,15209,21401,8555.34,70.64,27,False,20106.79,0.42549506907865453,0,1,0
TXN_105109,15097,24090,16510.82,72.93,52,False,38835.7,0.4251454203220233,0,1,0
TXN_111459,14889,24853,17348.56,66.69,57,False,40810.97,0.42509550740891483,0,1,0
TXN_107830,14993,24326,17580.59,65.22,30,False,41389.44,0.42476027701751945,0,1,0
TXN_103105,15111,25043,8688.67,66.18,47,False,20457.96,0.4247085242125803,0,1,0
TXN_111346,15540,24642,16436.65,66.19,13,False,38702.44,0.4246928617420504,0,1,0
TXN_110152,10681,20901,16128.85,64.67,7,False,38006.21,0.42437406939550143,0,1,0
TXN_101506,13158,24069,18002.24,68.16,54,False,42444.49,0.4241360892780194,0,1,0
TXN_102403,13620,25482,18074.16,74.68,47,False,42631.04,0.4239671375598625,0,1,0
TXN_103023,14949,20083,10665.24,63.21,57,False,25158.54,0.4239212609316757,0,1,0
TXN_107148,10027,22458,20935.32,60.72,42,False,49409.97,0.42370638962136586,0,1,0
TXN_104871,12340,24028,12905.58,74.1,11,False,30484.66,0.4233466930580823,0,1,0
TXN_106277,13570,23975,23513.42,70.85,58,False,55549.76,0.42328571716601476,0,1,0
TXN_103164,11242,20143,10569.83,74.33,38,False,24979.08,0.4231472896519808,0,1,0
TXN_101313,12144,20856,11163.37,62.25,58,False,26384.07,0.42311023280335447,0,1,0
TXN_106380,12655,23014,13887.06,63.13,53,False,32829.04,0.42301145571116305,0,1,0
TXN_109846,15177,23731,16790.63,71.51,32,False,39758.09,0.42231983478079554,0,1,0
TXN_105031,10957,23488,9927.06,71.35,5,False,23511.5,0.4222214660910618,0,1,0
TXN_107093,13186,25666,13164.11,62.42,35,False,31215.25,0.4217204731661608,0,1,0
TXN_107170,13735,20308,10208.16,66.78,34,False,24208.96,0.42166867143404757,0,1,0
TXN_107385,11411,24447,17146.11,63.76,37,False,40733.56,0.4209332550358967,0,1,0
TXN_110589,10866,23601,13540.95,67.83,4,False,32265.08,0.4196781783897638,0,1,0
TXN_103108,13691,23469,13098.21,67.7,42,False,31268.25,0.41889808351922475,0,1,0
TXN_111726,11495,24135,10511.57,74.7,44,True,25107.15,0.4186683872920662,0,1,0
TXN_108427,15097,25956,16241.37,74.17,33,False,38835.7,0.4182072165559009,0,1,0
TXN_107899,10758,21196,8811.36,70.05,20,False,21069.57,0.4182031242213296,0,1,0
TXN_106463,12671,25576,11875.51,72.22,5,False,28482.08,0.4169467258009247,0,1,0
TXN_108387,15612,21519,18498.24,61.07,45,False,44405.07,0.41657945815646724,0,1,0
TXN_101486,11751,24692,9706.78,72.41,7,False,23357.92,0.4155669682916972,0,1,0
TXN_108939,12234,20018,17072.62,70.85,48,False,41118.63,0.4152040084993104,0,1,0
TXN_105621,10615,25004,21451.93,60.2,55,False,51671.22,0.41516205733094746,0,1,0
TXN_103136,13865,25248,11835.97,74.41,29,False,28540.82,0.41470322156125855,0,1,0
TXN_107615,12758,21054,12863.78,67.04,37,False,31028.87,0.41457455588940234,0,1,0
TXN_108833,14363,24005,15290.0,70.01,22,False,36886.14,0.4145188409521842,0,1,0
TXN_106229,12658,23102,6402.5,71.94,11,False,15458.7,0.4141680736413799,0,1,0
TXN_108613,12236,20922,12442.33,60.51,29,False,30044.55,0.41412935124673195,0,1,0
TXN_105277,15202,22941,7156.93,61.22,8,False,17286.35,0.41402204629664446,0,1,0
TXN_106015,13368,23740,12094.05,72.41,35,False,29270.02,0.413188989963109,0,1,0
TXN_106094,12896,20702,7498.34,71.81,41,False,18160.62,0.4128900885542454,0,1,0
TXN_106327,10502,23418,18421.9,70.83,42,False,44624.87,0.41281688887833173,0,1,0
TXN_110510,11159,24626,18115.71,62.2,14,False,43897.24,0.4126844876807745,0,1,0
TXN_111131,13529,24964,18258.43,66.68,35,False,44244.97,0.41266679579622273,0,1,0
TXN_111832,11898,24438,11331.58,70.86,46,False,27460.61,0.41264851727620033,0,1,0
TXN_102361,11191,25549,15491.82,74.82,19,False,37554.55,0.4125151279938117,0,1,0
TXN_102018,14733,24417,14520.27,74.44,18,False,35213.22,0.41235280386173145,0,1,0
TXN_107740,12608,25359,11034.5,74.51,26,False,26769.76,0.4122001840883146,0,1,0
TXN_108675,15739,22365,15416.11,68.68,24,False,37406.18,0.41212735435695386,0,1,0
TXN_100167,11664,21341,16083.23,62.24,54,False,39051.88,0.4118426564867044,0,1,0
TXN_103840,15896,21217,14854.51,60.27,14,False,36092.34,0.41156960174929086,0,1,0
TXN_110871,11579,20701,13706.2,73.49,27,False,33304.86,0.4115375353627068,0,1,0
TXN_100102,12696,21862,18573.94,67.49,9,False,45144.16,0.41143616361451846,0,1,0
TXN_104160,12370,23739,9058.39,72.07,1,False,22029.32,0.4111969865615462,0,1,0
TXN_103662,14762,22194,23233.45,67.19,49,False,56530.98,0.4109861530792496,0,1,0
TXN_105098,13227,20472,24494.55,65.27,20,False,59702.28,0.41027830092921075,0,1,0
TXN_101300,13080,21974,13345.66,18.35,2,True,32534.42,0.4102012576219278,0,0,1
TXN_108676,15985,20638,8067.28,72.84,58,True,19675.56,0.41001526767217805,0,1,0
TXN_105321,12786,25457,11542.12,73.74,54,True,28155.56,0.4099410560471893,0,1,0
TXN_111342,13272,22992,21171.88,60.27,57,False,51713.88,0.40940420637554176,0,1,0
TXN_103447,10332,22761,20084.92,61.17,38,False,49115.01,0.40893649415932115,0,1,0
TXN_107861,13395,21585,14227.77,67.76,45,False,34812.88,0.40869270224123944,0,1,0
TXN_102124,14066,20270,15854.6,61.76,31,False,38794.06,0.4086862782601254,0,1,0
TXN_105733,13855,25480,9494.68,74.17,20,False,23276.11,0.4079152401324792,0,1,0
TXN_105683,14850,23527,5705.77,63.45,34,False,14002.01,0.407496495146054,0,1,0
TXN_110470,12785,20626,17677.2,73.27,19,False,43478.83,0.40657027799506107,0,1,0
TXN_107163,13619,20790,11673.44,69.41,27,True,28723.55,0.40640658971471144,0,1,0
TXN_111040,13937,24782,16880.91,67.53,50,False,41551.04,0.4062692534290357,0,1,0
TXN_103514,13135,24797,8823.21,37.22,2,True,21731.55,0.4060092354203911,0,0,1
TXN_103578,13159,24050,13601.98,74.74,14,False,33516.39,0.4058306995472961,0,1,0
TXN_108872,12785,22665,17628.54,61.99,12,True,43478.83,0.4054511126449355,0,1,0
TXN_104566,14714,21553,11361.8,69.98,27,False,28028.1,0.40537175192039415,0,1,0
TXN_102915,11901,23651,17966.52,74.78,5,False,44375.2,0.40487749914366583,0,1,0
TXN_106225,12714,24620,19629.66,67.24,24,False,48575.14,0.404109180127942,0,1,0
TXN_104185,10980,21023,21913.44,64.66,27,False,54314.32,0.4034560314848828,0,1,0
TXN_110710,15007,20165,11169.51,74.62,14,False,27695.74,0.4032934306864521,0,1,0
TXN_100131,11029,25959,11213.89,73.22,1,False,27824.92,0.4030160733615766,0,1,0
TXN_102750,14866,22296,6735.61,63.09,9,False,16725.22,0.4027217579200752,0,1,0
TXN_110349,10010,22361,13335.5,62.75,51,False,33129.49,0.40252657073803433,0,1,0
TXN_111553,10155,20169,14310.39,70.24,39,False,35552.88,0.40251000762807404,0,1,0
TXN_105592,13309,21743,15711.91,69.05,22,False,39083.95,0.4020041474825344,0,1,0
TXN_100784,10405,24638,9187.19,72.69,44,False,22880.55,0.4015283723511891,0,1,0
TXN_108375,11236,23314,15724.86,69.3,49,False,39264.32,0.4004872617175084,0,1,0
TXN_109889,14802,22113,19348.77,71.67,10,False,48399.21,0.39977450045155694,0,1,0
TXN_107443,13519,24175,13808.68,60.94,46,True,34570.59,0.3994343168571899,0,1,0
TXN_107652,12530,25564,13086.41,64.14,22,False,32772.79,0.3993071691485528,0,1,0
TXN_107104,11078,21968,13440.16,73.96,33,False,33676.75,0.39909314289532094,0,1,0
TXN_106600,14080,23526,16868.58,67.18,25,False,42324.25,0.398555910618617,0,1,0
TXN_102712,14041,23544,15441.02,70.58,2,True,38757.1,0.39840493741791827,0,1,1
TXN_111625,11256,23558,10448.45,68.3,22,False,26237.62,0.39822400050004536,0,1,0
TXN_104742,12505,24477,17621.52,62.11,42,False,44253.42,0.3981956648774264,0,1,0
TXN_106528,14564,22799,10033.77,70.47,42,False,25198.85,0.39818364726961747,0,1,0
TXN_106052,15544,23076,12538.2,64.67,1,False,31505.93,0.39796317709078893,0,1,0
TXN_108405,12753,22865,14557.33,73.89,49,False,36587.92,0.3978725765225244,0,1,0
TXN_107171,12563,21451,6421.78,61.22,42,False,16142.03,0.39782976490565314,0,1,0
TXN_101069,12966,23559,18604.51,74.9,27,False,46768.37,0.39780112071470525,0,1,0
TXN_105580,11687,23111,16106.85,69.28,31,False,40494.71,0.3977519532798235,0,1,0
TXN_104637,11015,20497,14247.31,61.86,2,False,35827.3,0.3976663047452641,0,1,0
TXN_103640,13163,25679,11170.0,66.92,41,False,28114.65,0.3973017626041939,0,1,0
TXN_101393,15797,23011,15593.6,71.89,4,False,39262.7,0.3971606639380379,0,1,0
TXN_104960,14491,22064,11824.4,67.74,53,False,29784.85,0.39699377368024347,0,1,0
TXN_111018,10452,20195,14378.0,69.82,9,False,36232.09,0.39683054441518556,0,1,0
TXN_107835,10092,24900,16659.17,60.92,3,False,42020.99,0.3964487747670866,0,1,0
TXN_109992,12368,21436,15106.07,71.72,40,False,38103.85,0.39644471621634036,0,1,0
TXN_102550,15892,24206,14959.03,74.9,49,True,37737.02,0.39640199464610615,0,1,0
TXN_109700,12917,25017,9800.09,65.92,49,False,24726.41,0.39634099733847333,0,1,0
TXN_100929,15123,21259,11578.81,69.13,58,False,29232.83,0.3960892599177021,0,1,0
TXN_101884,12044,20836,11441.42,60.23,57,False,28902.61,0.3958611350324417,0,1,0
TXN_101128,13069,25974,18255.96,72.19,40,False,46126.34,0.39578167268419734,0,1,0
TXN_102279,14446,25816,14876.84,67.21,52,False,37601.48,0.39564506503467417,0,1,0
TXN_100082,14552,21959,9400.71,73.47,5,True,23763.28,0.3955981665830643,0,1,0
TXN_108506,11130,21182,10489.82,69.27,27,False,26539.26,0.395256687639369,0,1,0
TXN_110335,15296,25802,9121.45,74.18,1,False,23079.32,0.3952217829641428,0,1,0
TXN_104784,12411,23394,7889.68,70.87,39,False,19962.7,0.3952210873278665,0,1,0
TXN_105279,15840,22131,13066.79,69.75,56,False,33105.06,0.394706730632719,0,1,0
TXN_105327,12054,25908,13663.82,73.88,21,False,34665.0,0.39416760421174096,0,1,0
TXN_105320,15357,20812,14095.4,62.3,19,True,35775.08,0.39400051656068974,0,1,0
TXN_104569,12705,21618,11351.63,71.89,6,False,28820.21,0.3938774214344725,0,1,0
TXN_100665,15302,21675,15770.59,68.73,42,False,40073.96,0.3935370999022807,0,1,0
TXN_101082,14228,22560,15881.04,70.77,53,False,40363.95,0.3934461320064067,0,1,0
TXN_107829,11849,20637,12150.92,74.45,29,False,30885.66,0.39341623264647735,0,1,0
TXN_102192,11001,21333,16980.79,74.58,22,False,43230.97,0.3927922505555624,0,1,0
TXN_111225,11032,20221,11072.42,68.21,5,False,28240.75,0.39207244850083656,0,1,0
TXN_104075,13810,20079,13019.34,61.87,19,False,33261.43,0.3914245418792878,0,1,0
TXN_107391,13343,25188,11952.77,72.85,51,False,30541.85,0.3913571050869545,0,1,0
TXN_105997,13399,24189,11226.44,71.3,23,False,28693.76,0.3912502230450105,0,1,0
TXN_106668,12297,22818,15363.17,70.92,45,False,39278.54,0.3911339372593788,0,1,0
TXN_102594,14799,25775,14618.44,69.73,39,False,37446.98,0.39037700770529427,0,1,0
TXN_101983,10755,25776,12868.89,74.94,12,False,32989.17,0.39009438552106646,0,1,0
TXN_101185,13057,21117,14007.22,71.27,33,False,35932.67,0.3898185133473243,0,1,0
TXN_105547,15081,21059,9517.76,65.77,10,False,24418.01,0.3897844255121527,0,1,0
TXN_105766,12054,21730,13493.7,67.67,39,False,34665.0,0.3892600605798356,0,1,0
TXN_107513,11918,25949,11817.37,65.22,39,False,30382.82,0.38894908372560544,0,1,0
TXN_103714,12954,21898,10704.92,68.26,48,False,27535.48,0.3887682364716359,0,1,0
TXN_100754,14486,23055,7948.22,74.15,17,False,20455.04,0.38857024967929665,0,1,0
TXN_107286,15995,20277,6851.76,68.75,55,True,17634.42,0.388544675696734,0,1,0
TXN_105831,13566,20085,16070.83,73.09,12,False,41434.92,0.38785715044218744,0,1,0
TXN_105495,11962,24809,11683.61,73.49,47,False,30129.18,0.3877838693253517,0,1,0
TXN_104361,11007,21311,12703.63,73.52,6,False,32821.27,0.38705479708737656,0,1,0
TXN_111393,13524,24473,15697.03,64.99,23,False,40561.81,0.3869903734572003,0,1,0
TXN_100205,13697,24052,11180.92,60.25,21,False,28920.25,0.3866121489267901,0,1,0
TXN_101639,14070,25828,20666.14,67.03,41,False,53513.56,0.3861851089705114,0,1,0
TXN_105433,14235,25993,7598.25,68.41,26,False,19694.03,0.3858148890805996,0,1,0
TXN_104072,12994,21904,17753.76,63.69,14,False,46150.24,0.384694857491532,0,1,0
TXN_100835,11330,20644,11625.16,72.96,46,False,30233.72,0.3845097460716048,0,1,0
TXN_100487,13357,22505,10011.24,71.34,35,False,26038.14,0.38448368431846514,0,1,0
TXN_105115,11679,25966,12697.15,69.63,18,False,33088.74,0.3837302357236933,0,1,0
TXN_110735,12671,24225,10918.77,50.41,2,True,28482.08,0.3833557801958284,0,0,1
TXN_108991,13676,25638,16220.28,66.28,21,False,42314.06,0.3833307416022003,0,1,0
TXN_101368,13281,22524,11793.95,71.54,41,False,30789.46,0.3830515377664954,0,1,0
TXN_107181,13175,24073,17404.94,70.59,46,False,45448.92,0.38295607464379794,0,1,0
TXN_110583,10107,22245,18428.61,70.64,23,False,48153.54,0.3827051967518899,0,1,0
TXN_105243,11448,21743,15691.6,69.09,48,False,41038.32,0.382364580226481,0,1,0
TXN_109575,10838,24310,10446.42,60.23,2,False,27333.6,0.382182368952498,0,1,0
TXN_110293,13404,21137,10332.47,66.34,24,False,27044.58,0.38205326168866366,0,1,0
TXN_100624,15306,20576,14676.09,60.57,1,False,38420.25,0.3819884045522869,0,1,0
TXN_101029,14235,21005,7517.61,66.54,52,False,19694.03,0.381720247201817,0,1,0
TXN_101149,14226,25422,12618.6,66.41,7,True,33059.76,0.38169061118411024,0,1,0
TXN_110016,15540,20716,14756.99,64.38,33,False,38702.44,0.38129353084715073,0,1,0
TXN_102919,10547,24653,15064.0,64.17,4,False,39508.1,0.3812889002508346,0,1,0
TXN_108964,10859,25219,12322.84,64.64,11,False,32320.53,0.3812697378415515,0,1,0
TXN_110769,10257,20421,14025.74,66.68,20,False,36787.4,0.3812647808760608,0,1,0
TXN_111779,11664,25158,14886.48,65.01,8,False,39051.88,0.38119752493349873,0,1,0
TXN_106359,15186,20088,21114.63,71.86,4,False,55594.52,0.37979696560020665,0,1,0
TXN_103151,11900,20336,19949.27,70.32,20,False,52573.3,0.3794563019631638,0,1,0
TXN_103962,14980,25368,11420.02,62.97,27,False,30144.22,0.37884609387803037,0,1,0
TXN_101541,10921,20235,12875.25,74.25,29,True,34064.94,0.37796191626933734,0,1,0
TXN_107815,13368,24376,11052.09,68.76,48,False,29270.02,0.37759079085016,0,1,0
TXN_109749,14826,24202,9786.88,65.97,44,False,25927.11,0.37747670295686636,0,1,0
TXN_107413,13241,24698,8524.86,71.13,3,False,22596.53,0.3772641197564405,0,1,0
TXN_111146,12516,24924,10713.8,74.4,46,False,28469.82,0.3763213114800164,0,1,0
TXN_102261,15922,24648,12348.52,60.17,27,False,32819.26,0.3762583312359877,0,1,0
TXN_103515,12071,23393,13052.73,60.81,58,False,34729.48,0.3758400644063775,0,1,0
TXN_102583,12010,24088,20165.25,62.89,57,False,53850.9,0.3744644936296329,0,1,0
TXN_101378,12542,23329,10468.87,71.1,39,True,27980.5,0.37414878218759495,0,1,0
TXN_104343,15755,24116,10747.37,71.21,15,False,28731.31,0.37406473982564664,0,1,0
TXN_100707,12812,25739,8971.93,64.3,22,False,23996.47,0.373885408978904,0,1,0
TXN_102094,11391,22510,12768.17,67.43,21,False,34171.13,0.3736537246500189,0,1,0
TXN_109167,11387,21334,12837.06,72.89,21,False,34381.54,0.3733707099798322,0,1,0
TXN_106219,15671,24018,13519.57,60.41,58,False,36225.71,0.3732037274079652,0,1,0
TXN_110081,14043,25311,9457.51,63.3,37,False,25348.47,0.3730998360058812,0,1,0
TXN_107187,15860,22460,18836.74,71.34,20,False,50546.03,0.3726650737951131,0,1,0
TXN_109464,11160,21532,11422.4,65.85,12,False,30741.25,0.3715658927337047,0,1,0
TXN_110765,10560,25738,12890.98,60.71,52,False,34694.15,0.3715606233327521,0,1,0
TXN_104254,14571,25020,12698.87,60.22,3,False,34193.89,0.37137833689001165,0,1,0
TXN_110617,13757,20444,11685.37,69.61,23,False,31471.75,0.37129711566722534,0,1,0
TXN_100886,14778,25688,13501.35,70.64,4,False,36366.04,0.3712625845431617,0,1,0
TXN_103043,12609,24973,6562.61,60.79,33,False,17684.85,0.3710865514833318,0,1,0
TXN_102058,14357,25032,14716.51,64.79,54,False,39684.61,0.370836704707442,0,1,0
TXN_109002,12274,24399,12020.09,74.1,1,False,32434.86,0.37059170287770626,0,1,0
TXN_103656,11961,22705,10602.02,69.91,1,False,28658.04,0.36994923588633416,0,1,0
TXN_107002,13654,23401,6904.77,65.35,27,False,18665.08,0.3699298368932788,0,1,0
TXN_101695,11313,21834,8838.39,69.85,24,False,23901.12,0.369789783909708,0,1,0
TXN_106284,12830,23805,8928.28,61.45,41,True,24153.14,0.36965297265697133,0,1,0
TXN_100872,11720,24473,15513.2,65.4,47,False,41977.01,0.36956419716411437,0,1,0
TXN_105437,12554,20034,10420.22,65.91,8,False,28204.61,0.36945095145793544,0,1,0
TXN_105146,13876,21124,13360.28,70.87,24,False,36190.6,0.3691643686482125,0,1,0
TXN_106191,15799,24117,15926.45,68.69,53,False,43151.08,0.3690857795447993,0,1,0
TXN_109905,11162,25310,14063.23,74.22,7,False,38122.96,0.36889134526804845,0,1,0
TXN_107474,15414,24318,14130.74,74.14,5,False,38309.43,0.36885800702333604,0,1,0
TXN_109641,11420,23878,10888.4,67.63,7,False,29526.32,0.36876928787603735,0,1,0
TXN_101585,12034,21076,15716.6,62.89,20,False,42638.25,0.3686033080625964,0,1,0
TXN_104332,10977,24617,13995.48,63.14,3,False,38008.8,0.3682168339963377,0,1,0
TXN_110411,15695,24109,12300.22,61.12,18,False,33422.02,0.3680274262297731,0,1,0
TXN_106862,12717,22461,21591.02,67.39,25,False,58667.56,0.36802314601118574,0,1,0
TXN_101925,12057,24839,15688.31,72.42,5,False,42656.53,0.3677821426168514,0,1,0
TXN_109594,14880,25226,11209.65,60.08,6,False,30509.44,0.3674157899981121,0,1,0
TXN_104280,15446,21290,13750.34,72.42,12,False,37448.99,0.3671751895044432,0,1,0
TXN_108122,13784,24189,11993.12,69.34,57,False,32683.89,0.36694285778100466,0,1,0
TXN_110582,12638,25701,11107.74,69.24,50,False,30281.2,0.3668196768952353,0,1,0
TXN_100900,12287,25020,8785.14,72.48,55,False,23968.7,0.3665255103530855,0,1,0
TXN_108185,15979,25931,10362.09,74.25,37,False,28276.23,0.36645939009549716,0,1,0
TXN_108599,13455,21499,13205.55,60.2,1,False,36072.66,0.3660819579149417,0,1,0
TXN_101796,12845,20017,10495.09,71.35,34,False,28675.3,0.36599756584935467,0,1,0
TXN_101996,10404,22092,8599.45,61.72,17,False,23512.25,0.36574338908441345,0,1,0
TXN_108397,14072,25345,11400.49,72.26,33,False,31222.3,0.36513933951054217,0,1,0
TXN_104691,15104,23322,20082.22,68.41,2,False,55012.23,0.36505009885983536,0,1,0
TXN_104524,15534,20716,10564.38,74.5,42,False,28940.73,0.36503502157685724,0,1,0
TXN_104215,11217,25692,13524.51,67.51,56,False,37063.5,0.36490104820106034,0,1,0
TXN_111569,11259,25189,19648.56,70.72,52,False,53849.66,0.36487806979654097,0,1,0
TXN_103577,10124,21970,11622.97,62.9,48,False,31861.29,0.3647991026100952,0,1,0
TXN_103065,13971,25093,10162.67,69.58,18,False,27864.66,0.3647153778298389,0,1,0
TXN_102647,13089,22194,18637.74,73.68,43,False,51123.03,0.36456641947865764,0,1,0
TXN_109881,10024,23959,12828.61,61.84,29,False,35199.59,0.3644533927809955,0,1,0
TXN_105234,13714,20066,10899.25,64.87,41,False,29910.23,0.3643987358171435,0,1,0
TXN_100618,13223,21634,16195.4,73.12,52,False,44453.14,0.36432521977075183,0,1,0
TXN_104126,15931,23163,9836.42,63.13,44,False,27019.05,0.36405499083054366,0,1,0
TXN_110472,13921,23831,8859.3,69.32,20,False,24349.09,0.36384521967761424,0,1,0
TXN_110960,14312,23596,8681.45,71.72,49,False,23869.51,0.36370457541859885,0,1,0
TXN_105438,10733,22753,10455.79,71.63,54,False,28809.26,0.36293157130728104,0,1,0
TXN_103706,11138,21143,17810.79,66.5,18,False,49181.98,0.3621405644913035,0,1,0
TXN_106240,15352,21467,12157.82,68.01,32,False,33583.23,0.36202056800373283,0,1,0
TXN_101089,11864,21193,12622.51,70.68,5,False,34881.39,0.3618694667844372,0,1,0
TXN_100557,10418,21519,12596.67,73.49,39,False,34859.81,0.3613522276799558,0,1,0
TXN_110552,10365,20658,9861.63,61.29,17,False,27315.61,0.36102543563918216,0,1,0
TXN_105388,10871,22911,9439.64,74.2,46,False,26159.94,0.36084333526758855,0,1,0
TXN_102937,12857,25319,9279.74,69.37,29,False,25770.85,0.36008668709025893,0,1,0
TXN_109773,14299,24172,11583.78,65.77,27,True,32172.46,0.3600526661623015,0,1,0
TXN_101891,15208,24050,13682.75,74.59,7,False,38078.92,0.35932610483700694,0,1,0
TXN_109760,15680,21309,15054.21,61.77,50,True,41904.78,0.3592480380519836,0,1,0
TXN_110250,15843,22222,15493.09,71.81,5,False,43148.2,0.3590668903917197,0,1,0
TXN_107367,10278,22719,13422.05,74.1,52,True,37486.68,0.3580485121648543,0,1,0
TXN_106329,11284,20017,9344.85,74.49,35,False,26168.2,0.35710709945659236,0,1,0
TXN_104162,12504,22605,12858.94,69.21,37,False,36009.49,0.35709864260782365,0,1,0
TXN_101890,13763,21911,6986.43,71.69,49,False,19564.48,0.35709765861397796,0,1,0
TXN_108491,10755,21366,11775.48,72.73,39,False,32989.17,0.3569498717306316,0,1,0
TXN_110828,14184,25358,14845.75,74.5,38,False,41654.22,0.35640446514182716,0,1,0
TXN_102816,11125,23382,12687.87,72.48,31,False,35626.78,0.35613294269086343,0,1,0
TXN_110063,12669,21922,16297.31,72.26,38,False,45762.89,0.35612501745409875,0,1,0
TXN_105457,12187,25270,8145.1,66.88,15,False,22871.59,0.3561230329854636,0,1,0
TXN_100569,12809,23676,8499.5,65.97,33,False,23869.15,0.3560872506980768,0,1,0
TXN_107275,14188,22173,17959.36,61.11,28,False,50452.44,0.35596613364982943,0,1,0
TXN_104264,14074,20285,13499.82,74.38,14,False,37983.44,0.3554133064303812,0,1,0
TXN_109547,10967,24862,8588.32,71.81,9,False,24195.57,0.35495423335759396,0,1,0
TXN_102696,15979,21388,10010.98,68.98,39,False,28276.23,0.3540422467917399,0,1,0
TXN_110163,12133,20133,16541.85,66.67,43,False,46733.33,0.3539625787419814,0,1,0
TXN_107124,14704,20066,8283.8,73.3,13,False,23428.38,0.35357971827330786,0,1,0
TXN_107606,11799,21270,11076.95,74.9,38,False,31357.91,0.3532426108755335,0,1,0
TXN_110761,14322,24363,13854.71,68.4,50,False,39235.52,0.35311651279249007,0,1,0
TXN_107629,12509,21929,14942.72,61.45,19,False,42367.3,0.35269464893915825,0,1,0
TXN_101582,13501,24398,13424.78,68.2,25,False,38091.26,0.3524372782627826,0,1,0
TXN_103289,12480,20815,14136.87,73.67,51,False,40174.65,0.35188533067494054,0,1,0
TXN_104982,13989,24824,9797.61,71.82,46,False,27848.12,0.35182303150086974,0,1,0
TXN_100514,11632,25600,17684.06,65.2,39,False,50323.5,0.35140759287410456,0,1,0
TXN_108767,14235,22851,6907.4,73.01,53,False,19694.03,0.3507357305741892,0,1,0
TXN_110862,11846,21658,18210.86,65.74,26,False,51923.3,0.3507261672505407,0,1,0
TXN_105617,10732,23025,10814.53,65.22,28,False,30852.57,0.3505228251649701,0,1,0
TXN_106033,15857,21947,14027.61,72.61,10,True,40034.46,0.35038839040166897,0,1,0
TXN_108802,14857,22805,11555.95,70.03,50,False,32980.54,0.3503869251382785,0,1,0
TXN_106410,15541,25073,13932.24,64.51,2,False,39801.16,0.3500460790590023,0,1,0
TXN_104600,10151,25192,4460.24,71.66,28,False,12757.96,0.3496044822212956,0,1,0
TXN_105883,13627,24256,9381.53,61.67,40,False,26874.17,0.3490909672745242,0,1,0
TXN_101749,11436,25862,11162.84,74.55,5,False,32005.46,0.3487792395422531,0,1,0
TXN_108972,11031,23576,10607.51,72.44,44,False,30432.93,0.34855368838951756,0,1,0
TXN_106204,15163,21232,18823.52,61.38,30,False,54100.15,0.34793840682511973,0,1,0
TXN_100729,15064,24717,12780.37,74.14,7,False,36756.31,0.3477054688024995,0,1,0
TXN_102744,10662,23780,9660.67,72.16,50,False,27790.23,0.347628285192314,0,1,0
TXN_110493,15548,23262,16373.43,73.66,58,False,47258.06,0.34646851775125764,0,1,0
TXN_103199,12239,22816,19045.25,73.68,55,False,54989.02,0.3463464160663347,0,1,0
TXN_111052,15791,24351,10999.13,73.65,54,False,31816.39,0.34570641106674893,0,1,0
TXN_106555,14684,24529,15338.62,74.29,4,False,44520.23,0.3445314635616213,0,1,0
TXN_105257,12154,20420,12808.99,67.41,9,False,37205.41,0.3442776198407705,0,1,0
TXN_102040,11526,23554,12506.15,67.68,55,False,36351.76,0.3440314856832241,0,1,0
TXN_105797,14052,22171,10138.04,63.64,4,False,29568.42,0.3428671535374565,0,1,0
TXN_107338,12942,24065,9943.18,71.83,54,False,29008.12,0.3427722996181759,0,1,0
TXN_102536,15583,24412,13101.55,66.21,45,False,38294.63,0.3421249924597783,0,1,0
TXN_104895,12891,25237,18300.12,65.4,27,False,53518.17,0.34194218524288106,0,1,0
TXN_109479,12909,24731,17356.87,74.57,5,False,50787.32,0.3417559737351764,0,1,0
TXN_101771,10285,22447,16159.49,73.68,6,False,47466.29,0.3404413953565783,0,1,0
TXN_105844,15643,25614,12232.22,72.54,4,False,35942.74,0.3403251950185211,0,1,0
TXN_110348,10338,21740,12467.17,72.95,6,False,36732.46,0.33940471179986315,0,1,0
TXN_101177,13532,21012,10936.33,61.08,59,False,32237.66,0.33924081338409795,0,1,0
TXN_102508,15700,25806,11398.83,61.31,7,False,33660.54,0.338640734818871,0,1,0
TXN_103281,15718,25738,12720.37,61.23,14,False,37567.4,0.3386012872863174,0,1,0
TXN_111417,14019,23732,13051.06,63.86,1,False,38548.86,0.3385589093944672,0,1,0
TXN_109399,14336,25080,11446.84,73.81,37,False,33846.15,0.33820212934115107,0,1,0
TXN_111444,15691,20221,8878.13,74.51,36,False,26278.01,0.33785396991629124,0,1,0
TXN_103198,10640,25257,11216.99,61.01,12,False,33201.66,0.337844252365695,0,1,0
TXN_111880,10082,23712,18546.79,68.81,27,False,54977.03,0.3373552554585069,0,1,0
TXN_109132,15357,25929,12053.14,74.37,51,False,35775.08,0.3369144108133371,0,1,0
TXN_105929,10045,22934,15488.4,62.98,44,False,45994.35,0.33674570898382084,0,1,0
TXN_104951,10616,21782,7959.78,67.2,44,False,23647.93,0.3365952115047702,0,1,0
TXN_101451,15137,25212,13833.59,69.68,36,False,41127.42,0.33635929508828905,0,1,0
TXN_101386,10075,21075,9700.66,60.66,12,False,28871.63,0.33599280677952714,0,1,0
TXN_110315,10940,21177,8738.01,73.25,20,False,26028.35,0.3357112533064908,0,1,0
TXN_107059,11408,20519,17685.93,67.2,52,False,52721.05,0.3354624006919437,0,1,0
TXN_103781,15133,24463,5805.63,66.9,18,False,17325.41,0.3350933686417811,0,1,0
TXN_111521,15206,25586,8462.83,74.83,2,False,25268.96,0.33491010314631076,0,1,0
TXN_105479,12106,20306,7811.4,61.2,27,False,23377.03,0.3341485210054485,0,1,0
TXN_108717,10946,21717,6579.19,71.41,25,False,19689.61,0.33414526747863466,0,1,0
TXN_108078,14276,25659,10307.13,70.54,58,False,30850.08,0.3341038337663954,0,1,0
TXN_103961,13254,20334,15151.55,62.2,47,False,45363.15,0.3340056852312946,0,1,0
TXN_111724,10468,22071,8972.42,74.26,47,False,26910.71,0.3334144658390656,0,1,0
TXN_103238,14250,25902,8934.9,68.43,59,False,26801.66,0.3333711419367308,0,1,0
TXN_102590,13043,25604,11433.5,61.8,1,False,34377.77,0.33258410885871886,0,1,0
TXN_109645,13743,24113,12222.06,70.64,8,False,36751.84,0.3325564107810657,0,1,0
TXN_111858,11674,23518,8853.77,68.08,52,False,26637.94,0.33237442534970796,0,1,0
TXN_103509,11475,24398,16447.46,61.04,15,False,49516.94,0.332158247258413,0,1,0
TXN_102850,10594,20349,12716.58,60.56,16,False,38286.35,0.33214396253495043,0,1,0
TXN_111659,11116,25886,10260.17,74.08,13,False,30894.7,0.33210129892829515,0,1,0
TXN_107654,11869,20138,6571.09,70.22,3,False,19791.63,0.3320135835199021,0,1,0
TXN_103433,15778,23195,9965.43,61.47,41,False,30025.08,0.3319035286500486,0,1,0
TXN_106391,10844,21561,14190.65,61.2,53,False,42770.64,0.3317848411901248,0,1,0
TXN_100186,13749,21499,11894.95,64.15,40,False,35869.02,0.33162182853058153,0,1,0
TXN_104407,14855,22025,6269.78,72.51,21,False,18915.11,0.3314693914019004,0,1,0
TXN_100381,13864,24559,12387.29,65.13,24,False,37391.38,0.3312873180931006,0,1,0
TXN_104393,11568,23749,10227.7,62.84,2,False,30874.46,0.33126733228694527,0,1,0
TXN_109073,15826,22220,6205.34,62.1,55,False,18738.21,0.33115969988595495,0,1,0
TXN_111808,12592,23081,10243.87,70.39,53,False,30965.7,0.3308134484284224,0,1,0
TXN_100605,11820,21418,12055.19,64.8,58,False,36448.3,0.3307476617565154,0,1,0
TXN_105229,15458,20006,13189.47,67.51,50,False,39915.01,0.33043884994642364,0,1,0
TXN_111301,11162,23568,12595.22,72.22,22,False,38122.96,0.3303841044871647,0,1,0
TXN_101923,10635,21421,15256.93,70.24,1,False,46248.08,0.32989326259598234,0,1,0
TXN_103278,10068,24076,13436.81,65.25,29,False,40738.19,0.32983325965144744,0,1,0
TXN_102591,14593,23265,15279.71,71.97,35,False,46349.34,0.3296640254208582,0,1,0
TXN_103013,15801,20301,12485.12,68.14,50,False,37905.6,0.32937402389092907,0,1,0
TXN_106104,10480,23394,6781.93,74.96,57,False,20595.69,0.3292887978018702,0,1,0
TXN_103376,11160,25868,10097.19,70.2,16,False,30741.25,0.3284573659171309,0,1,0
TXN_101847,15656,20208,13115.95,71.99,17,False,39937.76,0.328409755579682,0,1,0
TXN_100080,14912,20569,10407.17,63.74,29,True,31719.11,0.3281040987593914,0,1,0
TXN_104831,15500,24597,12981.72,72.65,48,True,39616.27,0.3276865792766457,0,1,0
TXN_101058,11970,21210,5279.81,74.2,25,False,16115.88,0.32761537067786556,0,1,0
TXN_103495,11131,22043,11518.03,66.58,37,False,35188.72,0.32732165307519,0,1,0
TXN_106223,14046,22548,7988.42,72.96,34,False,24450.67,0.32671579142821033,0,1,0
TXN_105090,15233,23223,9065.27,74.5,5,False,27764.11,0.32651037616548845,0,1,0
TXN_104772,14770,20573,12707.4,74.58,5,False,38953.56,0.32621922104167117,0,1,0
TXN_110397,13492,23752,16864.8,62.93,48,True,51737.14,0.3259708596184482,0,1,0
TXN_100400,15017,23443,11632.75,74.21,52,True,35688.24,0.3259547122525515,0,1,0
TXN_108167,12736,25787,11085.89,70.26,54,False,34026.18,0.3258047186019706,0,1,0
TXN_103699,15443,24481,10231.75,70.94,48,False,31502.58,0.32479085839953425,0,1,0
TXN_100407,14116,24265,14642.47,60.66,10,False,45086.08,0.32476697907646884,0,1,0
TXN_104316,13623,23406,14408.82,63.25,38,False,44389.09,0.3246027345908646,0,1,0
TXN_107081,10122,20402,17465.54,62.07,52,False,53880.73,0.3241518813869077,0,1,0
TXN_110492,15471,22918,14001.1,64.36,14,False,43221.94,0.32393502003843416,0,1,0
TXN_103219,12455,23330,7385.98,69.34,36,False,22834.56,0.32345619972532863,0,1,0
TXN_108721,11418,25463,9278.1,67.78,18,False,28733.17,0.322905547838961,0,1,0
TXN_107294,11070,23659,14862.5,68.96,31,False,46047.6,0.32276383568307576,0,1,0
TXN_104705,12188,25279,15188.51,72.53,14,False,47069.9,0.32267988672166287,0,1,0
TXN_100805,14584,21971,8937.31,68.94,2,False,27715.82,0.32246240594721715,0,1,0
TXN_100562,10826,21633,10018.38,72.91,21,False,31075.67,0.32238661306417526,0,1,0
TXN_104216,15521,23533,12872.91,64.7,53,False,39949.85,0.32222674177750354,0,1,0
TXN_101566,10245,22922,8448.09,70.11,51,False,26227.88,0.3221034258201578,0,1,0
TXN_107647,13766,23488,9587.49,72.33,19,True,29781.13,0.3219317064194676,0,1,0
TXN_100958,11494,24192,7039.19,66.2,44,False,21865.9,0.3219254638501045,0,1,0
TXN_101006,12552,21870,12147.83,74.94,6,False,37758.59,0.32172361309042524,0,1,0
TXN_108336,11565,23235,14708.94,69.77,31,False,45737.16,0.32159714332940653,0,1,0
TXN_111665,11231,21982,10867.83,72.14,34,False,33842.77,0.3211270826826528,0,1,0
TXN_111599,13689,23224,13282.48,66.26,58,False,41374.74,0.32102872428926443,0,1,0
TXN_100561,13268,21078,11066.11,74.97,33,False,34526.61,0.3205096011453195,0,1,0
TXN_104647,10295,23627,11511.18,74.49,58,False,35966.57,0.32005220403280044,0,1,0
TXN_104163,10944,22641,14153.18,65.61,5,False,44226.62,0.32001495931635743,0,1,0
TXN_100024,13386,24984,9223.78,66.22,16,False,28826.15,0.3199796018545661,0,1,0
TXN_105413,11068,22902,15194.45,74.04,24,False,47606.58,0.319167014307686,0,1,0
TXN_107244,11365,25929,12504.6,73.41,8,False,39183.35,0.3191304469883254,0,1,0
TXN_106741,13677,21631,7328.85,74.89,40,False,22967.79,0.31909252043840525,0,1,0
TXN_110197,13176,25970,8674.45,74.74,46,False,27197.4,0.3189440902439204,0,1,0
TXN_102331,10631,25240,11651.64,62.12,52,False,36544.3,0.31883604283020883,0,1,0
TXN_108740,10704,23505,10504.47,74.42,48,False,32954.72,0.3187546427340302,0,1,0
TXN_108685,13738,22611,17107.88,68.16,46,False,53725.78,0.3184296254051593,0,1,0
TXN_111130,14504,22517,7105.21,71.95,31,True,22316.88,0.3183782858535781,0,1,0
TXN_102575,14482,24547,13118.61,58.27,1,True,41215.48,0.31829327233359894,0,0,1
TXN_110202,13353,23048,5419.54,71.16,1,False,17028.83,0.31825674459137826,0,1,0
TXN_100777,14785,23660,7482.52,60.07,40,False,23523.16,0.31809161694262167,0,1,0
TXN_106046,15403,21894,15774.64,69.8,13,False,49641.06,0.31777403625144185,0,1,0
TXN_103192,12502,21877,11164.51,66.23,55,False,35147.34,0.31764878935361823,0,1,0
TXN_102352,15095,20610,17507.25,74.2,55,False,55121.01,0.31761482599828994,0,1,0
TXN_101462,14204,24955,13374.23,63.59,45,False,42161.44,0.3172147346010952,0,1,0
TXN_110532,14413,22480,14278.57,56.6,2,True,45093.79,0.3166416040878356,0,0,1
TXN_101112,10198,24790,9641.02,72.66,34,False,30449.3,0.3166253411408472,0,1,0
TXN_110660,11363,20894,10447.13,69.13,40,False,33021.63,0.31637232928840886,0,1,0
TXN_111173,12469,22391,4831.36,60.37,52,False,15276.88,0.3162530569069077,0,1,0
TXN_104687,15874,24452,11975.96,74.83,31,False,37958.74,0.3154994080414682,0,1,0
TXN_104380,13409,21513,9002.97,60.63,39,False,28550.65,0.31533327612506196,0,1,0
TXN_106740,13842,20672,9038.67,70.24,11,False,28677.28,0.3151857498340149,0,1,0
TXN_102050,14934,20722,7902.54,71.01,45,False,25097.72,0.3148708328884058,0,1,0
TXN_102371,12473,23962,11122.06,73.92,27,False,35361.43,0.3145251761594483,0,1,0
TXN_102446,15783,23036,13835.81,62.28,20,False,44010.18,0.3143774917530444,0,1,0
TXN_109659,11447,22376,10999.23,66.52,41,False,34993.98,0.31431777694334856,0,1,0
TXN_101159,15962,22791,8761.38,60.99,31,False,27883.65,0.3142120920324276,0,1,0
TXN_104422,15603,23914,11219.85,72.57,39,False,35730.51,0.31401315010616976,0,1,0
TXN_110065,13938,24790,9775.02,72.28,5,False,31230.17,0.31299925680840035,0,1,0
TXN_101594,12042,24107,9562.64,73.6,49,False,30566.58,0.3128462523448812,0,1,0
TXN_111454,14319,25670,12901.62,62.01,45,False,41271.73,0.3126018705782384,0,1,0
TXN_111251,11170,20998,11378.13,66.59,14,False,36409.14,0.31250751871645416,0,1,0
TXN_111707,15990,23490,11487.79,68.64,52,False,36903.17,0.311295479494038,0,1,0
TXN_109744,13274,23457,12938.9,70.78,21,False,41653.92,0.31062862750972775,0,1,0
TXN_107868,12732,21123,9942.81,65.12,12,False,32066.55,0.31006796802275266,0,1,0
TXN_110760,12336,24067,11408.39,63.84,7,False,36823.73,0.3098108203595888,0,1,0
TXN_105666,10269,22486,12095.2,64.45,37,False,39112.04,0.3092449281602289,0,1,0
TXN_109634,12701,23457,12411.96,71.97,16,False,40206.6,0.3087045410455,0,1,0
TXN_108131,12489,24190,12616.29,69.37,54,False,40939.38,0.3081700309091149,0,1,0
TXN_103970,13924,25155,14690.99,64.15,31,False,47746.28,0.30768868276230105,0,1,0
TXN_107610,13427,22092,8246.75,63.29,29,False,26840.17,0.307254015157132,0,1,0
TXN_103744,14744,23341,12977.16,71.94,46,True,42301.03,0.3067811823967407,0,1,0
TXN_105773,14553,25670,10184.78,70.01,58,False,33199.25,0.3067774121403345,0,1,0
TXN_102806,12257,25073,10308.84,73.74,43,False,33621.42,0.3066152470657099,0,1,0
TXN_107039,10052,24603,7320.5,69.04,58,False,23893.76,0.3063770624631703,0,1,0
TXN_108372,12452,24207,8812.52,73.0,6,False,28805.62,0.3059305788245488,0,1,0
TXN_101225,15035,20572,9686.76,71.52,31,False,31690.07,0.30567177667957185,0,1,0
TXN_111740,12288,23729,17661.67,65.09,22,False,57888.18,0.30509976302588887,0,1,0
TXN_107420,10883,21618,15753.36,60.99,38,False,51832.06,0.303930810390326,0,1,0
TXN_110138,15299,24107,12127.17,66.52,45,False,39915.44,0.30382152871169654,0,1,0
TXN_106737,10788,22576,5828.8,70.45,47,False,19204.14,0.3035178872888867,0,1,0
TXN_102328,13180,25795,7160.66,74.35,5,False,23592.46,0.3035147670060689,0,1,0
TXN_104359,11915,21464,8954.92,62.35,52,False,29527.61,0.30327276742005194,0,1,0
TXN_100512,13731,23647,12175.79,74.26,59,True,40149.4,0.3032620661828072,0,1,0
TXN_111829,10855,23973,12340.21,66.46,26,False,40695.45,0.3032331624297065,0,1,0
TXN_106428,14240,20577,10579.66,67.52,9,False,34921.62,0.3029544448396151,0,1,0
TXN_110896,11346,22765,8137.76,67.67,1,True,26893.89,0.3025876881328807,0,1,1
TXN_111482,11655,23163,9660.34,63.79,28,False,32073.32,0.3011955107859118,0,1,0
TXN_104686,12982,23331,11464.56,66.89,35,False,38068.63,0.3011550455059717,0,1,0
TXN_103258,14494,20017,14473.34,60.49,49,False,48090.62,0.3009597297768255,0,1,0
TXN_102639,14941,21843,10254.89,72.71,30,False,34082.02,0.3008885623563392,0,1,0
TXN_102126,13869,23196,11370.11,71.69,33,False,37789.51,0.3008800590428402,0,1,0
TXN_101659,15583,24697,11512.94,68.52,21,False,38294.63,0.30064110816581857,0,1,0
TXN_110049,12365,25949,9489.92,72.07,29,False,31579.43,0.3005095405458553,0,1,0
TXN_102774,15927,23623,13308.32,73.76,8,False,44311.56,0.30033517213115496,0,1,0
TXN_111245,11719,25660,15649.55,67.49,4,False,52122.93,0.30024309838299573,0,1,0
TXN_111755,11693,23367,11118.01,70.85,13,False,37035.22,0.30020099786095505,0,1,0
TXN_101165,10346,21214,7026.07,67.45,37,False,23439.83,0.2997491876007633,0,1,0
TXN_107940,11100,21367,12435.09,64.22,51,False,41486.71,0.29973671086475645,0,1,0
TXN_106236,14838,22195,11053.87,72.91,1,False,36929.27,0.299325440226682,0,1,0
TXN_100078,11982,20826,14211.1,74.42,55,False,47543.82,0.29890530462213594,0,1,0
TXN_106261,11293,24212,11531.9,62.56,46,False,38631.75,0.2985083512913601,0,1,0
TXN_109756,13391,22525,11346.21,62.74,35,False,38033.7,0.2983199110262741,0,1,0
TXN_100258,12386,25325,14034.56,69.69,46,True,47055.92,0.29825280219789563,0,1,0
TXN_104328,13274,24454,12394.39,64.17,58,False,41653.92,0.29755638845035476,0,1,0
TXN_104961,13279,22705,12620.95,64.18,43,False,42506.63,0.29691721032695373,0,1,0
TXN_101388,13925,25379,9745.81,66.1,52,False,32864.24,0.29654755442389663,0,1,0
TXN_107983,13231,22818,15970.73,69.77,30,False,53874.39,0.29644382052400037,0,1,0
TXN_111401,14319,24637,12218.85,70.94,46,False,41271.73,0.296058585380356,0,1,0
TXN_101310,13676,20670,12512.71,66.07,4,False,42314.06,0.29571045652437983,0,1,0
TXN_102420,12563,22756,4768.87,61.23,43,False,16142.03,0.2954318632786583,0,1,0
TXN_110000,13974,24528,8640.74,67.79,12,False,29268.12,0.2952270251727819,0,1,0
TXN_110410,14325,25290,8593.55,70.23,29,False,29144.22,0.29486292650824075,0,1,0
TXN_110697,12256,22145,8384.07,71.32,31,False,28484.89,0.29433394336435914,0,1,0
TXN_102134,14404,20134,13820.61,69.81,5,False,47002.15,0.294042081053739,0,1,0
TXN_102113,15281,24053,8532.85,67.91,33,False,29026.92,0.293963327834989,0,1,0
TXN_106115,14806,21660,5647.01,67.83,39,False,19221.6,0.2937845964956091,0,1,0
TXN_109651,11570,22141,10171.93,71.39,24,False,34652.52,0.293540844937107,0,1,0
TXN_111220,15915,24935,10471.79,69.94,39,False,35703.43,0.2932992712464881,0,1,0
TXN_108076,12818,20940,10564.73,69.46,23,False,36020.34,0.2932990082825426,0,1,0
TXN_111559,11426,23969,9865.7,63.27,11,False,33736.11,0.2924373912700664,0,1,0
TXN_107779,15588,23479,13374.39,63.26,38,False,45761.44,0.2922633116440392,0,1,0
TXN_111878,10533,24305,10533.1,67.09,42,False,36063.99,0.29206696208600325,0,1,0
TXN_102247,11015,24720,10461.88,74.37,56,False,35827.3,0.29200860796096834,0,1,0
TXN_102046,12279,23629,13133.01,62.09,7,False,45093.7,0.2912382439232088,0,1,0
TXN_105708,12403,25203,12316.76,73.06,17,False,42299.9,0.29117704769987635,0,1,0
TXN_110124,13273,22803,7192.01,70.41,12,False,24721.16,0.2909252640248273,0,1,0
TXN_105750,13302,22195,10968.18,73.12,15,False,37711.64,0.2908433576476653,0,1,0
TXN_103174,15434,25800,10364.43,73.28,49,False,35735.7,0.2900301379292976,0,1,0
TXN_111710,11375,20645,11571.17,66.61,8,False,39898.8,0.29001298284660193,0,1,0
TXN_108777,12025,25945,12051.99,70.79,29,False,41563.41,0.2899663429925504,0,1,0
TXN_103280,15896,25295,10459.78,67.88,22,False,36092.34,0.2898060918189289,0,1,0
TXN_109255,15025,25368,10396.13,66.29,49,False,35876.8,0.2897730566828703,0,1,0
TXN_100536,15733,24329,11489.51,73.42,49,False,39858.38,0.2882583286124524,0,1,0
TXN_109598,15040,25986,11522.12,64.16,33,False,40014.32,0.28794991393081276,0,1,0
TXN_109885,15581,24861,12548.7,73.62,9,False,43614.12,0.28772104080054806,0,1,0
TXN_109427,15143,23627,11818.03,73.81,43,False,41087.42,0.28763134798923856,0,1,0
TXN_107020,15199,24305,12178.19,61.95,21,False,42368.16,0.28743731141498713,0,1,0
TXN_108450,15760,23061,13880.75,74.23,50,False,48308.44,0.28733591894087246,0,1,0
TXN_108248,13186,20835,8946.58,68.87,3,False,31215.25,0.28660926950769255,0,1,0
TXN_106494,11515,20262,12698.91,71.78,32,False,44323.02,0.28650822980925034,0,1,0
TXN_109507,11342,21345,14406.88,63.39,48,False,50310.12,0.28636147160849545,0,1,0
TXN_105969,11183,20300,12431.16,72.3,54,False,43413.5,0.2863431881787923,0,1,0
TXN_105823,12018,24156,6276.49,66.79,32,True,21928.15,0.28622980050756675,0,1,0
TXN_105699,11699,23699,9375.88,72.04,1,False,32757.05,0.2862247974100232,0,1,0
TXN_108393,15578,22307,11763.93,74.62,55,False,41102.15,0.28621203513684806,0,1,0
TXN_111493,10438,22654,3723.84,67.38,28,False,13011.11,0.2862046358842558,0,1,0
TXN_107193,15802,20216,10899.68,72.31,27,False,38087.48,0.28617487951421305,0,1,0
TXN_102576,15694,21117,14221.74,70.83,46,True,49736.62,0.2859410229323987,0,1,0
TXN_103964,14267,23178,7538.3,68.79,57,False,26474.47,0.28473846690793053,0,1,0
TXN_105662,10072,20718,13599.57,71.78,4,False,47843.37,0.2842519245613342,0,1,0
TXN_102101,13954,25850,11957.79,72.3,22,False,42093.3,0.28407822622602646,0,1,0
TXN_103567,11842,21811,11124.86,68.75,26,False,39266.32,0.28331812097492204,0,1,0
TXN_107843,12534,24110,15732.94,72.4,52,False,55608.93,0.28292110637626006,0,1,0
TXN_104136,13424,21806,9945.07,74.85,11,False,35258.94,0.2820581106522204,0,1,0
TXN_109042,14529,24679,9995.6,63.24,22,False,35454.17,0.28193016505533763,0,1,0
TXN_107289,13427,21125,7562.9,68.99,14,True,26840.17,0.2817754134940278,0,1,0
TXN_102874,11170,22825,10251.48,72.42,48,False,36409.14,0.2815633656823534,0,1,0
TXN_105077,12903,21076,10723.37,74.68,34,False,38140.68,0.28115308903774133,0,1,0
TXN_106029,14874,20398,10585.84,74.25,15,True,37669.76,0.2810169217961569,0,1,0
TXN_102356,13603,20162,10161.43,62.55,25,False,36378.02,0.27932883647873086,0,1,0
TXN_101478,11342,20361,14052.44,64.76,30,False,50310.12,0.279316368158136,0,1,0
TXN_100239,11148,25044,16079.23,69.28,41,False,57626.71,0.2790239109607333,0,1,0
TXN_105558,13215,20794,11573.15,69.24,1,False,41583.49,0.27831117590178217,0,1,0
TXN_104114,10870,21750,12636.88,71.69,6,False,45523.36,0.2775911092678572,0,1,0
TXN_101335,11309,21075,9606.96,61.04,14,False,34608.4,0.2775904115763803,0,1,0
TXN_102818,12180,22556,10906.73,73.95,44,False,39294.07,0.27756681860647164,0,1,0
TXN_106834,13993,24152,14118.99,73.14,59,False,50870.62,0.2775470399220611,0,1,0
TXN_102673,11247,23302,13038.5,72.0,55,False,47115.54,0.2767345975446742,0,1,0
TXN_108516,15025,23276,9914.36,60.73,43,False,35876.8,0.2763446015252196,0,1,0
TXN_110017,12805,25331,11764.14,70.45,28,False,42578.78,0.27629114784406694,0,1,0
TXN_108295,10200,25338,8945.25,63.02,35,False,32384.19,0.27622274943421465,0,1,0
TXN_104712,10277,22454,6861.53,66.84,3,False,24930.04,0.27523140757094655,0,1,0
TXN_104193,12766,23390,5400.83,68.99,59,False,19635.97,0.2750477822078563,0,1,0
TXN_102564,15694,22934,13668.45,67.33,6,False,49736.62,0.27481662404883966,0,1,0
TXN_107719,14657,23935,10769.44,72.83,28,True,39191.57,0.27478970605158204,0,1,0
TXN_106913,13151,22605,15586.09,62.68,21,False,56773.3,0.27453204235089385,0,1,0
TXN_107872,15488,20063,5190.02,71.73,1,False,18967.85,0.2736219445008264,0,1,0
TXN_106710,10045,21705,12574.5,73.22,14,False,45994.35,0.27339227535556,0,1,0
TXN_102598,14725,25730,7946.46,74.45,40,True,29071.36,0.27334324916343783,0,1,0
TXN_111712,11910,24131,10946.01,71.47,34,False,40188.04,0.2723698393850509,0,1,0
TXN_111891,15665,24675,13283.44,64.08,15,False,48850.5,0.2719202464662593,0,1,0
TXN_100795,14179,22897,8714.16,70.27,3,False,32108.75,0.27139518044146843,0,1,0
TXN_108764,13171,24086,9550.66,62.42,52,False,35198.57,0.2713365912308369,0,1,0
TXN_103057,13049,22932,10282.52,65.87,30,False,37914.74,0.27120112125257884,0,1,0
TXN_101490,15320,23515,11724.59,62.55,43,False,43326.55,0.2706098223837347,0,1,0
TXN_104620,14427,21516,5911.21,68.68,50,False,21854.06,0.2704856671941049,0,1,0
TXN_106282,11078,23845,9101.15,73.81,16,False,33676.75,0.2702502468320132,0,1,0
TXN_105209,12104,23695,8665.67,68.87,52,False,32083.14,0.2701004328129977,0,1,0
TXN_106715,12599,25185,14519.93,65.31,19,False,53771.52,0.2700301200338023,0,1,0
TXN_108205,11018,25737,10180.64,67.21,12,False,37780.39,0.26946889643013217,0,1,0
TXN_110249,13347,22398,13625.19,71.17,19,False,50594.27,0.26930302581695514,0,1,0
TXN_101969,13703,24135,15663.48,62.3,13,False,58212.36,0.2690748150392803,0,1,0
TXN_104470,12607,24558,11730.99,63.97,8,False,43621.66,0.26892580429080415,0,1,0
TXN_108428,12503,23433,10453.88,68.51,25,False,38906.15,0.26869479503883065,0,1,0
TXN_101248,14945,22883,3554.84,69.73,28,False,13237.55,0.26854213959531786,0,1,0
TXN_100087,10879,24190,11866.64,71.19,12,True,44202.79,0.26845907237982036,0,1,0
TXN_103083,15417,23841,4944.52,69.5,27,False,18442.22,0.2681087200998578,0,1,0
TXN_107585,15093,21498,7306.78,71.22,9,False,27279.2,0.2678516965306901,0,1,0
TXN_106131,13867,25853,10179.12,74.06,27,False,38092.35,0.2672221587799125,0,1,0
TXN_105322,10720,24910,8852.85,69.14,57,False,33159.46,0.2669781112237654,0,1,0
TXN_103526,10007,23940,12464.66,74.23,25,False,46718.78,0.2668019156322147,0,1,0
TXN_110974,14020,23134,6694.94,60.06,32,False,25100.49,0.26672547029958377,0,1,0
TXN_101734,15353,24170,5011.75,71.75,58,True,18810.31,0.26643633199027555,0,1,0
TXN_103477,14009,21594,9978.8,74.53,41,False,37487.19,0.26619226461092443,0,1,0
TXN_110689,10907,25421,11345.59,63.07,51,False,42748.94,0.26540049881938593,0,1,0
TXN_109654,11867,24917,8788.67,70.6,17,False,33239.3,0.26440598929580345,0,1,0
TXN_100723,12704,23863,10772.72,64.43,4,False,40891.69,0.26344521344067706,0,1,0
TXN_101719,11575,21016,9883.52,63.19,51,False,37564.38,0.26310882809725594,0,1,0
TXN_100515,12817,24246,13502.49,63.9,15,False,51330.7,0.2630490135532927,0,1,0
TXN_107991,10088,21651,12624.05,61.26,41,False,48008.05,0.2629569415962531,0,1,0
TXN_111210,13932,20194,10372.35,70.49,4,False,39479.39,0.26272822351105224,0,1,0
TXN_107316,14295,21651,11271.7,65.41,30,False,42952.92,0.26241987739133915,0,1,0
TXN_101332,13453,21010,5316.18,70.53,58,False,20273.62,0.2622215470152839,0,1,0
TXN_100123,12732,22027,8387.69,68.95,41,False,32066.55,0.26157132588320225,0,1,0
TXN_109515,12804,22691,11221.04,73.83,2,False,43076.31,0.2604921359327203,0,1,0
TXN_101915,14239,25744,13780.16,64.35,19,False,52903.86,0.2604755116167327,0,1,0
TXN_100652,11857,20270,10746.63,74.08,37,False,41334.66,0.25999076803825166,0,1,0
TXN_106672,11678,25935,13645.0,66.29,27,False,52496.84,0.2599204066378091,0,1,0
TXN_110001,11186,20739,5729.46,64.35,31,False,22085.64,0.25942014811434033,0,1,0
TXN_100860,15570,23528,9867.8,65.67,56,False,38101.15,0.25898955805795887,0,1,0
TXN_103364,10142,20823,10415.93,61.23,22,False,40261.02,0.2587100376493194,0,1,0
TXN_106751,15086,22091,12451.07,68.05,14,False,48301.67,0.25777721557039335,0,1,0
TXN_104322,12709,22525,9506.94,68.78,5,False,36888.74,0.2577192932043762,0,1,0
TXN_105780,14543,20884,8645.99,61.92,31,False,33615.07,0.2572057711020682,0,1,0
TXN_102637,12149,25563,7217.47,70.19,57,False,28071.04,0.25711444962495156,0,1,0
TXN_105914,14714,24567,7197.09,72.58,59,True,28028.1,0.25678123026534083,0,1,0
TXN_107097,12758,25513,7949.75,61.04,35,False,31028.87,0.2562049471991729,0,1,0
TXN_110179,12487,22915,9043.21,72.82,37,False,35297.81,0.2561974808068829,0,1,0
TXN_110757,14421,22493,9853.65,72.48,55,False,38487.34,0.2560231494304361,0,1,0
TXN_108825,13320,23597,8440.38,70.18,39,False,33015.98,0.25564529661091384,0,1,0
TXN_100460,11151,24952,7018.08,71.75,43,False,27517.57,0.2550399617408078,0,1,0
TXN_108370,14758,22516,7407.07,68.47,47,False,29065.63,0.2548394787933377,0,1,0
TXN_108702,14542,25906,7136.98,67.4,53,False,28041.9,0.2545112848986695,0,1,0
TXN_108173,10163,20679,11807.86,74.66,58,False,46615.06,0.2533056913366624,0,1,0
TXN_111464,15057,22975,6749.91,61.03,16,False,26652.91,0.2532522715155681,0,1,0
TXN_100498,15324,23241,8904.02,71.48,3,False,35197.71,0.2529715711618739,0,1,0
TXN_101291,14874,23359,9528.19,70.72,28,False,37669.76,0.2529400240405036,0,1,0
TXN_107167,10546,21095,6551.87,66.37,12,False,26005.62,0.25194054208282674,0,1,0
TXN_104452,12379,20127,9793.73,60.49,35,False,39041.51,0.2508542830438679,0,1,0
TXN_100257,15760,20732,12114.45,71.68,55,False,48308.44,0.25077294981994863,0,1,0
TXN_103373,11326,20651,7740.05,73.71,10,False,30985.4,0.24979667843565034,0,1,0
TXN_110488,13004,21694,9828.44,66.03,12,False,39410.91,0.24938373663536315,0,1,0
TXN_109609,13201,23607,5964.33,68.74,48,False,23948.8,0.24904504609834313,0,1,0
TXN_108432,12546,20443,10619.21,62.25,55,False,42649.88,0.24898569468425233,0,1,0
TXN_103551,11464,23768,8304.1,67.85,5,False,33372.76,0.24882868543087236,0,1,0
TXN_105249,15463,25586,10991.25,67.31,17,False,44198.25,0.2486806604333882,0,1,0
TXN_110665,15319,24054,9333.53,65.42,23,False,37555.46,0.2485265790912959,0,1,0
TXN_110531,10109,24275,12145.12,73.45,23,True,48873.98,0.24849868989593235,0,1,0
TXN_108124,14935,21126,13794.39,74.78,41,False,55574.66,0.24821366428512562,0,1,0
TXN_100057,15487,23690,9908.64,64.5,14,False,39933.5,0.2481285136539497,0,1,0
TXN_108620,11895,25392,12689.67,68.69,35,False,51152.66,0.2480744891858996,0,1,0
TXN_109443,11395,21911,9064.35,63.27,51,False,36631.8,0.24744484300525774,0,1,0
TXN_101876,14434,22227,8526.7,61.93,14,False,34462.63,0.247418725732772,0,1,0
TXN_103556,11901,21877,10959.54,66.85,48,False,44375.2,0.2469744361715553,0,1,0
TXN_102585,12386,22832,11619.8,68.15,19,False,47055.92,0.24693598595033314,0,1,0
TXN_104549,11814,24822,7935.68,73.9,59,False,32161.66,0.24674348276799146,0,1,0
TXN_104096,13824,20498,10880.89,74.57,57,True,44098.56,0.2467402563711831,0,1,0
TXN_104884,13805,22428,6178.62,64.3,27,False,25055.76,0.24659479496930048,0,1,0
TXN_111783,14151,25738,9085.04,72.31,11,False,36936.68,0.24596254996388414,0,1,0
TXN_110989,11987,23515,8371.57,73.26,37,False,34143.88,0.24518508148458817,0,1,0
TXN_102795,13138,23524,11340.05,70.27,14,False,46295.85,0.24494744129333407,0,1,0
TXN_102321,10146,21382,6967.34,72.09,42,False,28460.37,0.24480848281311873,0,1,0
TXN_108545,10461,24894,8405.48,64.79,46,False,34393.87,0.24438889837055267,0,1,0
TXN_105588,14299,21562,7851.63,67.58,15,False,32172.46,0.24404817039169527,0,1,0
TXN_105410,11718,22956,10182.15,74.19,6,False,41918.69,0.24290239031801805,0,1,0
TXN_111537,13436,25806,9009.47,69.42,24,False,37329.93,0.24134709065888954,0,1,0
TXN_110725,11181,24025,9417.97,72.91,13,False,39086.75,0.24095044996066442,0,1,0
TXN_110712,11560,21898,8944.38,73.48,4,False,37187.15,0.2405234066068521,0,1,0
TXN_107806,15150,25226,9387.24,66.57,48,False,39095.38,0.24011123564983894,0,1,0
TXN_100856,15972,22383,9067.98,72.59,42,False,37776.16,0.2400450442818963,0,1,0
TXN_104907,11956,25445,8825.91,68.6,31,False,36904.08,0.23915810934725917,0,1,0
TXN_109656,10706,24942,9118.06,70.6,42,True,38142.19,0.23905444338670642,0,1,0
TXN_101171,13006,21516,5101.53,72.97,28,False,21345.9,0.23899343667870646,0,1,0
TXN_109275,14809,22666,9009.31,60.82,49,False,37706.39,0.23893324181922482,0,1,0
TXN_102228,14761,23134,5714.33,65.91,36,False,23930.62,0.2387873778447863,0,1,0
TXN_109814,15575,23118,7565.72,73.63,46,True,31742.16,0.23834924907441712,0,1,0
TXN_109423,13348,23245,8548.61,73.92,43,False,35952.35,0.2377761119926792,0,1,0
TXN_104066,11777,24495,7570.71,72.84,1,False,31860.32,0.23762190712459888,0,1,0
TXN_101544,10493,24706,9911.05,60.03,10,False,41724.11,0.2375377209963256,0,1,0
TXN_100165,11982,20564,11281.34,73.59,47,False,47543.82,0.2372829949297301,0,1,0
TXN_108174,13740,21284,2851.78,70.98,39,False,12031.87,0.2370188507688331,0,1,0
TXN_109151,12904,25862,12386.58,71.76,38,False,52260.72,0.23701510426951639,0,1,0
TXN_106325,10644,23196,10603.0,73.6,41,False,44766.08,0.23685343903241024,0,1,0
TXN_102364,14840,21099,7615.67,71.09,45,False,32160.62,0.2368010940087598,0,1,0
TXN_109035,15022,20451,4601.0,66.92,24,False,19508.56,0.23584518795851667,0,1,0
TXN_104920,10044,25533,8591.44,60.24,29,False,36507.8,0.23533162776173858,0,1,0
TXN_103428,13053,20998,10084.0,70.39,39,False,42948.05,0.23479529338351798,0,1,0
TXN_101763,10886,25379,9771.68,66.01,41,False,41660.78,0.23455345771250563,0,1,0
TXN_111507,15261,23846,4875.22,63.56,46,False,20859.75,0.2337142103812366,0,1,0
TXN_100726,11354,20162,9059.82,66.61,28,False,38851.48,0.23319111652889413,0,1,0
TXN_109510,13728,23506,6817.3,72.92,54,False,29251.13,0.23306108174282497,0,1,0
TXN_100196,13764,21720,11825.67,63.73,14,False,50757.06,0.23298571666680457,0,1,0
TXN_101609,15704,20956,6936.65,71.37,16,False,29841.78,0.2324475952841955,0,1,0
TXN_102871,14279,25786,7033.74,67.91,34,False,30293.96,0.23218291699071367,0,1,0
TXN_101643,13161,23202,8122.24,62.43,36,False,35087.45,0.23148561665210782,0,1,0
TXN_102120,12290,20175,7753.36,71.28,1,False,33537.15,0.23118720582995275,0,1,0
TXN_109569,12363,22249,10515.3,72.09,25,False,45554.84,0.23082728421392765,0,1,0
TXN_108509,13243,20835,11001.44,61.72,58,False,47704.37,0.23061702732894282,0,1,0
TXN_110090,13459,22828,10431.14,71.5,58,False,45264.77,0.23044721093247575,0,1,0
TXN_111367,14523,20789,5355.82,70.73,9,False,23257.14,0.23028712902790283,0,1,0
TXN_103668,15348,24576,8834.49,69.37,56,True,38366.64,0.23026488637003398,0,1,0
TXN_104545,12995,23523,3711.62,64.94,43,False,16124.74,0.230181695952927,0,1,0
TXN_111708,11505,20332,8108.83,67.69,39,False,35230.3,0.23016636247775352,0,1,0
TXN_101746,11248,20724,9754.89,67.85,57,False,42531.55,0.22935656001250837,0,1,0
TXN_109023,10338,22943,8414.26,72.28,6,False,36732.46,0.22906878548292164,0,1,0
TXN_104811,14391,21562,6175.71,74.5,47,False,26982.0,0.2288825883922615,0,1,0
TXN_109286,14719,21165,9706.95,61.58,34,False,42429.5,0.22877832640026396,0,1,0
TXN_102953,10163,22949,10620.66,71.53,27,False,46615.06,0.22783752718542033,0,1,0
TXN_103856,12225,23878,8806.25,73.82,56,False,38653.18,0.22782730942188975,0,1,0
TXN_109160,10758,21381,4794.82,72.12,52,False,21069.57,0.227570852181606,0,1,0
TXN_109204,13716,23754,8599.97,73.64,55,False,37883.3,0.22701216631074905,0,1,0
TXN_105226,13158,22608,9623.18,70.22,22,True,42444.49,0.22672389278325644,0,1,0
TXN_105097,12962,24359,5418.89,66.74,1,False,23911.64,0.22662142789034964,0,1,0
TXN_107105,15800,24405,5377.58,67.96,6,False,23763.86,0.22629236159445476,0,1,0
TXN_109433,12133,20503,10570.99,67.3,37,False,46733.33,0.22619809031370117,0,1,0
TXN_109168,14764,21685,6438.3,73.32,26,False,28512.03,0.22580994759054335,0,1,0
TXN_110403,12046,23461,7371.08,62.82,26,False,32650.16,0.22575938372124363,0,1,0
TXN_110982,11861,23686,6725.42,61.5,57,False,29903.94,0.22490079902514518,0,1,0
TXN_105815,10125,22318,10023.65,68.15,28,False,44662.04,0.22443332189931314,0,1,0
TXN_102630,10776,24464,4013.79,70.84,12,False,17895.37,0.22429209342975306,0,1,0
TXN_106395,10747,24247,7581.92,64.65,22,False,33881.66,0.22377652098509931,0,1,0
TXN_109293,15672,21893,5430.34,60.64,51,False,24299.28,0.2234774034456988,0,1,0
TXN_109319,14134,24938,9703.74,71.13,45,False,43635.46,0.2223819801601725,0,1,0
TXN_103496,15778,22182,6671.06,60.12,26,False,30025.08,0.2221829217440886,0,1,0
TXN_111281,13564,21407,8092.33,64.9,15,False,36436.99,0.2220910673466716,0,1,0
TXN_100229,14497,25927,3492.46,61.87,55,False,15757.9,0.22163232410410016,0,1,0
TXN_109867,14567,20956,7811.3,67.76,12,False,35267.52,0.22148707932964948,0,1,0
TXN_102311,12632,23869,13009.91,69.04,54,True,58748.53,0.22145081757790366,0,1,0
TXN_107172,12080,22124,8665.62,74.57,6,False,39136.79,0.22141877246447653,0,1,0
TXN_101207,14663,24188,6265.52,65.29,5,False,28311.95,0.2213030186899878,0,1,0
TXN_111433,11212,25626,7936.66,64.12,48,False,35899.7,0.22107872767739006,0,1,0
TXN_105829,13562,24341,8086.12,64.17,19,False,36578.11,0.2210644563100718,0,1,0
TXN_111129,15874,21132,8360.4,74.97,59,False,37958.74,0.22024967109024166,0,1,0
TXN_101649,11291,23033,11149.49,69.47,57,False,50761.32,0.21964539141220127,0,1,0
TXN_105530,14201,20847,8757.48,66.11,13,False,39877.16,0.21961142669136918,0,1,0
TXN_101458,15159,20103,8101.47,60.13,21,False,36953.81,0.21923233355369853,0,1,0
TXN_109072,11528,23898,9609.95,62.38,31,False,43834.78,0.2192311675797164,0,1,0
TXN_109066,13863,23589,5555.19,72.63,24,False,25435.84,0.21840010001635488,0,1,0
TXN_103291,12316,20373,9305.09,69.96,49,False,42718.64,0.21782271158445118,0,1,0
TXN_111898,15576,20987,4169.67,68.72,16,False,19176.89,0.2174320236492987,0,1,0
TXN_104348,15311,22416,10347.0,73.49,20,False,47666.6,0.21707023366466247,0,1,0
TXN_100970,10877,25730,10437.7,66.44,19,False,48178.42,0.21664678916411123,0,1,0
TXN_100663,11811,23997,8793.88,74.71,33,False,40615.7,0.21651430358211235,0,1,0
TXN_109416,11980,21962,9521.4,67.91,36,False,44036.8,0.21621462049921883,0,1,0
TXN_100858,14165,25005,7265.56,61.05,40,True,33629.09,0.21604985445636501,0,1,0
TXN_103168,11699,24188,7054.35,60.92,26,False,32757.05,0.21535364142986013,0,1,0
TXN_109968,11528,23311,9433.44,68.07,35,False,43834.78,0.2152044563700331,0,1,0
TXN_102268,11693,20057,7951.84,66.36,7,False,37035.22,0.2147102136830833,0,1,0
TXN_110781,10433,20830,4362.35,62.12,19,False,20342.62,0.2144438621967082,0,1,0
TXN_100491,13119,24945,9302.83,61.6,8,True,43531.04,0.21370566841499766,0,1,0
TXN_111035,13758,24368,8152.82,74.43,57,False,38363.99,0.2125123064623883,0,1,0
TXN_107560,15941,21329,10778.26,64.08,38,False,50835.13,0.21202385043571248,0,1,0
TXN_111171,10977,21376,8052.58,66.83,33,False,38008.8,0.21186093746711288,0,1,0
TXN_108722,11525,20204,9007.33,73.17,2,False,42668.52,0.2111001272132242,0,1,0
TXN_111116,12691,25598,11496.83,72.51,51,False,54537.19,0.21080715746447515,0,1,0
TXN_105405,12432,21361,8355.31,67.32,30,False,39676.29,0.21058697776430205,0,1,0
TXN_102001,10956,24807,9363.86,74.4,3,False,44522.29,0.21031847193843803,0,1,0
TXN_111178,14100,20757,9595.48,69.83,58,False,45643.82,0.21022517396659612,0,1,0
TXN_111045,11331,22835,8245.99,70.29,54,False,39338.3,0.20961734492847936,0,1,0
TXN_111145,12432,22548,8316.35,71.85,45,False,39676.29,0.20960503111556045,0,1,0
TXN_110262,10142,23662,8426.67,66.16,16,False,40261.02,0.20930095660765674,0,1,0
TXN_108083,14091,21628,7265.79,74.4,55,False,34743.6,0.20912599730597867,0,1,0
TXN_103583,14173,22423,7480.35,73.94,35,False,35838.28,0.20872513971094594,0,1,0
TXN_108162,14575,22516,6112.66,73.98,38,False,29334.46,0.20837813274899214,0,1,0
TXN_105358,10337,24838,11501.08,61.36,4,False,55273.85,0.2080745234862417,0,1,0
TXN_105473,11574,21453,6686.66,66.72,38,False,32136.92,0.20806785466684424,0,1,0
TXN_107205,12235,21118,8531.96,73.15,59,False,41012.48,0.2080332620704722,0,1,0
TXN_101653,10988,20682,6598.0,74.0,42,False,31756.97,0.2077654133879901,0,1,0
TXN_111903,15689,25557,9384.03,66.17,22,True,45331.02,0.20701122542576805,0,1,0
TXN_106390,10405,22344,4727.49,66.51,23,False,22880.55,0.20661609970040057,0,1,0
TXN_110690,15500,23801,8166.42,66.26,48,False,39616.27,0.20613803369171302,0,1,0
TXN_109248,14420,22923,7184.43,64.31,50,False,34890.1,0.20591600482658404,0,1,0
TXN_100274,13724,25820,11576.6,69.58,37,False,56232.98,0.20586851345953922,0,1,0
TXN_109542,11659,22765,7697.27,69.42,24,False,37652.54,0.20442897079453337,0,1,0
TXN_109196,12687,25933,6004.3,64.03,1,True,29416.85,0.2041109092237952,0,1,1
TXN_104985,12951,21438,6362.24,72.51,6,False,31247.64,0.2036070564048997,0,1,0
TXN_111036,14017,25463,7867.09,72.68,42,False,38659.34,0.2034977834593141,0,1,0
TXN_103769,12093,20982,11069.21,62.56,39,False,54412.36,0.20343190407473596,0,1,0
TXN_109453,13191,20823,8860.39,67.02,39,False,43573.92,0.2033415859761986,0,1,0
TXN_110072,12171,22504,7281.81,71.39,41,True,35920.42,0.202720625204271,0,1,0
TXN_103884,15772,22086,5646.54,61.26,42,False,27866.43,0.20262875438296188,0,1,0
TXN_103654,11208,24827,8923.76,62.22,19,False,44044.83,0.20260629908209432,0,1,0
TXN_100687,14286,23518,7846.91,71.71,41,False,38815.64,0.2021584598373233,0,1,0
TXN_101521,10935,21633,10284.65,72.19,49,False,50924.6,0.20195838553469248,0,1,0
TXN_102158,14684,24004,8981.28,67.62,37,False,44520.23,0.2017348068507283,0,1,0
TXN_102535,15176,25262,6283.71,73.08,19,False,31333.14,0.20054517357660293,0,1,0
TXN_106318,10673,21694,9776.36,66.21,12,False,48924.41,0.1998258129224246,0,1,0
TXN_100319,15512,21779,4531.33,73.08,22,False,22730.2,0.19935284335377604,0,1,0
TXN_106315,13378,20996,6548.53,73.48,47,False,32853.6,0.19932457934594686,0,1,0
TXN_110680,14299,25242,6407.91,71.17,25,False,32172.46,0.19917376538816117,0,1,0
TXN_100833,12151,23124,6418.08,68.96,41,False,32360.51,0.19833061963485743,0,1,0
TXN_108376,14033,22928,11347.02,63.04,43,False,57276.89,0.19810817242346782,0,1,0
TXN_100949,13597,22069,7629.6,68.66,58,True,38533.07,0.19800135312343398,0,1,0
TXN_102708,14879,25005,4926.41,73.59,30,False,24887.35,0.19794835528893193,0,1,0
TXN_105972,12489,25360,8067.53,73.94,54,False,40939.38,0.19706038537955387,0,1,0
TXN_111125,10893,24011,10580.11,73.04,17,False,53811.55,0.19661410979613111,0,1,0
TXN_100481,13148,24053,7256.51,72.71,43,False,37096.94,0.19560939527626808,0,1,0
TXN_101314,15208,22378,7383.77,71.95,16,False,38078.92,0.1939070225731192,0,1,0
TXN_104965,12562,22642,3821.37,64.76,33,False,19773.83,0.19325391186229476,0,1,0
TXN_105242,11290,22018,5283.43,74.03,11,False,27419.12,0.19269145034559826,0,1,0
TXN_108854,13605,20406,8558.89,68.19,26,False,44600.79,0.19189996410377486,0,1,0
TXN_107944,11546,23973,10187.85,72.31,26,False,53146.8,0.19169263248210616,0,1,0
TXN_100909,12056,21515,9712.98,64.16,22,True,50698.79,0.1915820870675612,0,1,0
TXN_102389,15250,20547,5818.87,61.99,19,False,30429.53,0.19122444546465225,0,1,0
TXN_107299,11153,21693,6884.63,74.91,44,False,36085.63,0.19078591672086645,0,1,0
TXN_106681,14242,24508,4388.98,63.28,21,False,23093.54,0.19005228301940716,0,1,0
TXN_111124,12894,22511,9554.04,63.91,30,False,50279.74,0.19001768903339597,0,1,0
TXN_105271,14775,25319,10209.83,66.3,25,False,53981.47,0.189135827534893,0,1,0
TXN_110506,13126,22295,9142.82,68.51,31,False,48526.1,0.18841036061006344,0,1,0
TXN_110540,15648,21724,6858.44,63.96,1,False,36459.24,0.18811253333859948,0,1,0
TXN_102784,15603,22926,6712.24,65.07,36,False,35730.51,0.18785738014934575,0,1,0
TXN_106664,11522,23206,9434.12,74.4,56,False,50450.98,0.18699577292651204,0,1,0
TXN_101523,14498,23776,2260.63,61.87,24,False,12111.35,0.18665384123157203,0,1,0
TXN_107224,10344,21893,4922.63,64.32,51,False,26450.67,0.18610606082946102,0,1,0
TXN_107433,10642,22617,9341.57,69.9,26,False,50262.55,0.18585547291174045,0,1,0
TXN_105704,14241,24761,4924.11,71.03,43,False,26536.19,0.1855620569493963,0,1,0
TXN_109530,11814,20707,5966.07,72.07,33,False,32161.66,0.18550255179614486,0,1,0
TXN_109950,10371,21164,5421.35,60.33,27,False,29247.29,0.18536247289919852,0,1,0
TXN_109039,15355,21309,10431.23,73.51,15,False,56361.78,0.18507630525508598,0,1,0
TXN_111739,12199,23211,6284.6,68.81,28,False,34056.66,0.1845336565593925,0,1,0
TXN_104488,15789,20293,8936.95,66.17,9,False,48437.66,0.18450416473463005,0,1,0
TXN_104236,14558,22504,7505.79,70.51,39,False,40684.73,0.1844866612117126,0,1,0
TXN_100260,14737,20970,5860.39,71.3,29,False,31806.57,0.18425092677393382,0,1,0
TXN_100547,13970,25302,5481.25,73.59,7,False,29754.42,0.18421632819594533,0,1,0
TXN_106742,12573,23319,8310.24,62.39,51,False,45169.77,0.18397791266149904,0,1,0
TXN_110462,10910,25193,8545.7,70.79,42,False,46455.98,0.18395263645283125,0,1,0
TXN_103683,14700,20982,8955.3,69.71,23,False,49002.78,0.1827508561759149,0,1,0
TXN_100849,12181,21219,7998.65,65.49,47,False,43797.77,0.18262687803511457,0,1,0
TXN_104352,11105,24822,7625.55,74.92,25,True,41806.75,0.18239997129650115,0,1,0
TXN_111822,13586,20200,9199.16,74.36,52,False,50761.49,0.1812232068050012,0,1,0
TXN_100041,11529,21274,3204.86,71.99,49,False,17723.96,0.18082076465981642,0,1,0
TXN_104141,14283,23429,7264.04,74.63,32,True,40205.92,0.18067090617501105,0,1,0
TXN_107145,14487,25502,5786.6,64.08,40,False,32042.84,0.18058948582585063,0,1,0
TXN_102057,11253,24349,8880.48,73.76,36,False,49205.77,0.18047639534956977,0,1,0
TXN_104116,12002,22701,6944.81,70.7,52,True,38592.35,0.1799530217776321,0,1,0
TXN_101838,13381,21596,6087.65,61.7,19,False,33885.6,0.17965300894775363,0,1,0
TXN_108794,14602,25808,9824.58,68.1,19,False,54770.35,0.1793777107504334,0,1,0
TXN_107430,12898,23436,7931.11,63.43,56,True,44442.29,0.1784586257818848,0,1,0
TXN_111495,15142,23350,4679.47,61.7,2,False,26350.68,0.1775844114838782,0,1,0
TXN_104747,12701,23323,7138.93,67.44,14,False,40206.6,0.17755617236971044,0,1,0
TXN_102900,14698,20329,6364.1,62.12,59,False,35924.37,0.1771527239030218,0,1,0
TXN_110110,15445,20549,4989.84,69.94,22,False,28221.09,0.1768124477119771,0,1,0
TXN_106500,14057,20638,9585.09,67.73,8,False,54697.69,0.17523756487705422,0,1,0
TXN_107962,15282,21220,6128.15,72.95,26,False,35040.04,0.1748899259247421,0,1,0
TXN_109239,10793,25690,5435.14,70.72,3,False,31272.9,0.17379712146938722,0,1,0
TXN_105589,14669,23173,6425.45,72.42,39,False,36992.23,0.17369728724113145,0,1,0
TXN_108839,12776,25308,4964.58,64.56,14,False,28635.98,0.17336860830326045,0,1,0
TXN_111696,11793,23300,6807.39,74.43,20,False,39266.72,0.17336283753774187,0,1,0
TXN_105824,12416,22779,1512.76,69.86,24,False,8794.28,0.17201635608600135,0,1,0
TXN_103610,11557,23759,8183.19,69.53,27,False,47747.72,0.17138389016271352,0,1,0
TXN_102912,11886,25627,6238.57,64.65,44,False,36409.69,0.17134367252234226,0,1,0
TXN_102796,12160,21530,7045.51,74.16,27,True,41410.53,0.17013812670352202,0,1,0
TXN_110196,11850,25173,6810.8,63.08,19,False,40347.05,0.16880540212977158,0,1,0
TXN_102669,11574,20438,5387.15,66.89,14,False,32136.92,0.16763118556476475,0,1,0
TXN_105048,14604,20385,6506.04,73.92,7,False,38854.46,0.16744641413109332,0,1,0
TXN_107886,10315,25342,4689.11,62.25,8,False,28152.1,0.1665634180043407,0,1,0
TXN_105138,15214,22705,8921.34,74.68,40,False,53604.0,0.16643049026192075,0,1,0
TXN_109012,12666,24192,6141.59,70.51,47,False,37056.11,0.16573758011836645,0,1,0
TXN_100828,11253,23976,8148.22,73.27,19,False,49205.77,0.1655948072756508,0,1,0
TXN_109067,10059,22537,9306.71,70.57,16,False,56570.58,0.16451501823032397,0,1,0
TXN_109184,12166,21852,9685.7,68.27,5,False,59108.72,0.16386245548880096,0,1,0
TXN_107242,13002,23529,8325.74,74.51,19,False,50974.57,0.16333124536410998,0,1,0
TXN_103440,10594,21731,6235.48,63.94,56,False,38286.35,0.16286431064857318,0,1,0
TXN_108646,13968,22686,3203.7,71.61,50,False,19699.18,0.16263113490003137,0,1,0
TXN_103793,13702,24082,8611.37,61.85,7,False,53000.47,0.16247723840939524,0,1,0
TXN_101632,11915,24259,4750.15,60.07,23,False,29527.61,0.16087146910975864,0,1,0
TXN_111518,15783,23046,7071.76,69.8,53,False,44010.18,0.16068464159883009,0,1,0
TXN_108128,13881,22527,4742.05,60.99,19,False,29608.25,0.16015975277160927,0,1,0
TXN_109666,13369,22168,3851.76,62.18,7,True,24222.48,0.15901592239935794,0,1,0
TXN_108402,11295,23888,6691.8,67.85,21,False,42205.54,0.15855264498452099,0,1,0
TXN_104695,12762,21146,5531.19,72.28,3,False,34987.68,0.15808964755593968,0,1,0
TXN_109696,10092,23046,6603.43,71.8,57,True,42020.99,0.15714598823111972,0,1,0
TXN_100760,10010,24718,5190.01,64.13,36,False,33129.49,0.15665831257891383,0,1,0
TXN_109559,14254,23089,8207.19,72.31,31,False,52741.57,0.15561140860994468,0,1,0
TXN_104513,13367,20373,7960.74,74.3,5,False,51201.07,0.15547995383690225,0,1,0
TXN_107612,15263,21965,7484.24,70.06,33,False,48447.31,0.15448205483441702,0,1,0
TXN_107100,10897,24283,4738.67,70.03,57,False,30727.42,0.15421633186255143,0,1,0
TXN_106838,13198,20920,4349.56,70.61,21,False,28719.68,0.15144876266030818,0,1,0
TXN_102893,12011,21021,6650.03,73.89,25,False,44135.89,0.1506717095769452,0,1,0
TXN_102634,13927,22227,8076.51,63.94,7,False,53730.56,0.15031501625890367,0,1,0
TXN_109710,14917,23048,6195.64,67.03,57,False,41248.55,0.15020261318276643,0,1,0
TXN_101297,11824,24775,5240.93,63.6,43,False,34933.32,0.15002667939949596,0,1,0
TXN_111749,14254,25544,7851.29,61.49,36,False,52741.57,0.1488634107782533,0,1,0
TXN_103813,13954,22025,6256.1,72.57,36,False,42093.3,0.14862460296531751,0,1,0
TXN_101367,13187,20237,5908.54,74.53,35,False,39782.4,0.14852145672458172,0,1,0
TXN_104563,13492,20009,7651.49,65.48,8,False,51737.14,0.14789163065449695,0,1,0
TXN_101782,13105,23337,6249.38,62.84,48,False,42476.04,0.14712718040570638,0,1,0
TXN_101220,10386,24188,5828.68,67.71,57,False,39631.54,0.1470717514383746,0,1,0
TXN_110895,11445,25270,7982.79,67.54,30,False,55022.44,0.14508244272700374,0,1,0
TXN_102892,15167,24431,6200.05,60.79,37,False,42951.04,0.1443515686698157,0,1,0
TXN_102255,13855,25516,3348.41,68.81,17,True,23276.11,0.14385608248113624,0,1,0
TXN_111737,13791,20920,4254.84,71.25,38,False,29587.86,0.14380357349264192,0,1,0
TXN_109872,13154,24775,4182.67,70.95,56,False,29109.6,0.143686962376673,0,1,0
TXN_100312,10161,22076,5000.97,60.09,18,False,34805.86,0.14368183978215163,0,1,0
TXN_107313,12714,21660,6944.22,60.44,24,False,48575.14,0.14295831159724912,0,1,0
TXN_100884,15586,22066,4652.2,74.92,39,False,32590.68,0.14274633115970578,0,1,0
TXN_103402,15824,23170,6119.19,63.92,51,False,42875.96,0.14271843709155432,0,1,0
TXN_110919,13027,22441,5231.99,65.83,13,False,37024.67,0.14131091512767027,0,1,0
TXN_107748,15581,25112,6125.41,63.48,29,False,43614.12,0.14044557129663512,0,1,0
TXN_108735,14838,22714,5158.56,66.81,25,False,36929.27,0.1396875703202365,0,1,0
TXN_111986,14932,24296,3919.58,73.03,8,False,28452.96,0.13775649352475103,0,1,0
TXN_105351,13478,22700,7449.47,74.36,54,False,54166.4,0.1375293539906658,0,1,0
TXN_106367,12431,21952,3454.0,69.8,13,False,25151.51,0.13732773897074171,0,1,0
TXN_110171,15350,22066,5064.0,72.7,30,False,37026.01,0.13676872015105057,0,1,0
TXN_107083,11318,25764,8022.58,69.11,50,False,58695.79,0.13668067164612657,0,1,0
TXN_105191,11095,24188,5705.93,68.39,21,False,41750.79,0.13666639601310537,0,1,0
TXN_101083,10601,24158,4532.04,67.81,20,False,33170.86,0.13662714804500095,0,1,0
TXN_102834,11081,21655,7550.41,67.65,24,False,55376.61,0.13634655498052337,0,1,0
TXN_105665,13581,25762,4006.44,72.49,11,False,30023.17,0.13344493602774124,0,1,0
TXN_102901,13472,20547,4652.34,69.61,53,False,34996.66,0.13293668595803143,0,1,0
TXN_107633,14285,22986,2673.79,70.63,24,False,20174.34,0.13253419938396993,0,1,0
TXN_103260,10934,21598,3837.38,65.78,9,False,28980.99,0.132410245474706,0,1,0
TXN_103134,12401,21164,4687.48,65.7,1,False,35438.11,0.13227229104486668,0,1,0
TXN_106447,11354,21086,5084.12,71.65,42,False,38851.48,0.13086039450749368,0,1,0
TXN_102022,13624,20992,4436.94,72.69,7,False,34172.46,0.12983964280007937,0,1,0
TXN_102062,14556,25849,4544.72,69.11,41,False,35548.33,0.12784623075120546,0,1,0
TXN_109348,11300,22097,4150.1,64.87,13,False,32803.68,0.12651324485545523,0,1,0
TXN_111658,14824,21731,5293.07,69.39,36,False,42036.93,0.12591476113978828,0,1,0
TXN_101071,15952,25361,4409.76,63.11,10,False,35405.15,0.12455137176371234,0,1,0
TXN_100188,14780,23087,6772.1,64.8,46,False,54496.34,0.12426706087050983,0,1,0
TXN_101075,11253,20138,6072.41,72.48,39,False,49205.77,0.12340849457289257,0,1,0
TXN_107444,12943,20678,5631.1,63.34,19,False,45705.29,0.12320455684670199,0,1,0
TXN_105458,10817,22712,3262.54,67.44,2,False,26518.41,0.1230292464744304,0,1,0
TXN_109803,14835,21365,4457.21,70.88,19,False,36303.54,0.12277618105562157,0,1,0
TXN_106473,11715,21779,4396.67,73.88,13,False,35952.96,0.12228951385365767,0,1,0
TXN_104494,11342,25555,6096.11,60.34,7,False,50310.12,0.12117065115328686,0,1,0
TXN_110443,14954,20232,5535.8,60.18,41,False,45689.45,0.12116144974386867,0,1,0
TXN_101347,10805,24785,3966.26,72.87,16,False,32983.29,0.12025058749445552,0,1,0
TXN_103206,13701,24359,4571.68,71.94,32,False,38753.84,0.11796714854579572,0,1,0
TXN_102771,10023,25516,3037.08,71.71,5,False,25790.78,0.1177583617091069,0,1,0
TXN_110240,13588,22698,2611.55,73.28,32,False,22724.04,0.11492454686754644,0,1,0
TXN_101596,12109,22054,1393.23,62.54,28,False,12164.14,0.11453584059374522,0,1,0
TXN_103571,14341,25555,4675.83,69.58,53,False,41240.83,0.11337865896491414,0,1,0
TXN_103779,14546,20232,4736.44,65.93,29,False,41955.73,0.112891373836184,0,1,0
TXN_109412,12463,25412,4449.96,69.04,38,False,40032.62,0.11115835036527712,0,1,0
TXN_106836,10914,23660,5346.26,71.47,4,False,48321.3,0.11063982136242195,0,1,0
TXN_111383,13236,20329,5913.84,64.8,50,False,53471.57,0.11059783731803648,0,1,0
TXN_100286,11697,24032,2668.02,70.37,57,False,24170.36,0.11038395787236929,0,1,0
TXN_110229,10870,23764,5011.45,60.03,29,True,45523.36,0.11008523975383187,0,1,0
TXN_108293,13271,22097,3710.64,68.59,59,False,35071.81,0.1058012118564739,0,1,0
TXN_108186,13934,20899,4819.36,62.74,26,False,45652.7,0.10556571681412052,0,1,0
TXN_100620,12617,24200,5177.67,67.32,24,False,50138.42,0.10326751421365093,0,1,0
TXN_108169,10082,24405,5495.07,67.26,26,False,54977.03,0.09995210727098208,0,1,0
TXN_106557,15234,25383,2907.82,61.93,56,False,29396.01,0.09891886688023306,0,1,0
TXN_108473,14918,25236,3195.06,65.55,14,False,32534.97,0.0982038710962389,0,1,0
TXN_101130,12337,21563,1856.2,61.72,15,False,19051.23,0.09743202932304108,0,1,0
TXN_104033,12656,23607,5191.6,72.79,16,False,53682.11,0.09671005852787828,0,1,0
TXN_106598,11367,22391,3326.97,72.71,19,False,35022.41,0.09499546147737976,0,1,0
TXN_109937,12048,25631,2621.92,68.54,4,False,27914.28,0.09392755249284596,0,1,0
TXN_108890,14165,23147,3146.47,72.04,28,True,33629.09,0.09356393527151642,0,1,0
TXN_106476,10557,23523,3236.28,69.43,42,False,34886.86,0.09276501238575212,0,1,0
TXN_101504,13991,24020,4144.92,65.52,18,False,47483.25,0.08729225569016442,0,1,0
TXN_110553,11801,20704,1587.59,65.71,39,True,18342.56,0.08655225879048507,0,1,0
TXN_111589,11138,22800,4254.47,73.89,30,False,49181.98,0.08650465068710125,0,1,0
TXN_100294,13924,20116,4126.18,71.63,20,False,47746.28,0.08641887912524285,0,1,0
TXN_111191,13083,24271,4428.39,70.5,13,False,51286.82,0.08634557572491335,0,1,0
TXN_107751,13492,23889,4416.25,73.65,19,True,51737.14,0.085359376262391,0,1,0
TXN_104491,10518,24283,4667.52,70.48,37,False,55448.17,0.08417807116086969,0,1,0
TXN_106726,10516,22142,3348.51,71.65,41,False,40707.31,0.08225819883455822,0,1,0
TXN_107106,12896,22225,1464.58,63.63,33,False,18160.62,0.0806459250840555,0,1,0
TXN_103878,14527,20238,3511.42,68.95,26,False,44024.39,0.07976078714548912,0,1,0
TXN_102199,10455,21953,3871.08,70.74,24,False,48607.4,0.07963972563848302,0,1,0
TXN_106382,15662,20846,2325.38,69.47,42,False,29491.26,0.07884980160223741,0,1,0
TXN_102095,11743,25236,2320.47,74.98,30,False,29718.47,0.07808174512348717,0,1,0
TXN_100103,11496,22615,2570.05,72.86,55,False,33290.14,0.07720153775261984,0,1,0
TXN_109409,10345,23031,1589.32,65.2,34,False,21320.93,0.0745427146001605,0,1,0
TXN_106809,12264,21674,1527.68,74.95,38,False,20792.27,0.07347345912687744,0,1,0
TXN_107982,11174,20838,3014.12,68.42,30,False,41176.62,0.07319979153218502,0,1,0
TXN_100340,15601,25307,3353.92,62.31,47,True,47504.54,0.07060209403143362,0,1,0
TXN_102140,12034,20841,2883.15,63.34,12,True,42638.25,0.0676188633445322,0,1,0
TXN_110388,13465,20908,2294.58,68.39,40,False,34813.93,0.06590982402733618,0,1,0
TXN_110283,14692,22713,2955.67,66.51,42,False,46626.09,0.06339090410540536,0,1,0
TXN_105300,15075,20601,2521.36,66.36,11,False,39976.37,0.06307125934645892,0,1,0
TXN_106962,12551,24201,3273.47,69.96,14,False,52784.42,0.062015837248945806,0,1,0
TXN_106442,12775,21120,1988.12,66.31,20,False,32598.65,0.06098780164209254,0,1,0
TXN_105356,12548,21695,1716.26,74.24,13,False,28210.98,0.06083659624727677,0,1,0
TXN_102724,10686,20888,2392.25,66.6,48,False,39346.18,0.06080005733720529,0,1,0
TXN_100379,11896,24007,815.78,61.23,4,True,13650.45,0.059762132383914084,0,1,0
TXN_109138,11873,24340,1706.67,60.01,18,False,29597.12,0.057663380761371376,0,1,0
TXN_101322,14278,22401,1059.41,65.49,4,False,19522.52,0.0542660476209014,0,1,0
TXN_100671,14135,23047,2058.59,63.96,51,True,38069.29,0.054074819887631215,0,1,0
TXN_101858,11764,22657,1885.0,71.74,8,False,35852.76,0.052576147554609466,0,1,0
TXN_102619,10572,25236,2390.03,74.23,59,True,45867.71,0.05210702692591368,0,1,0
TXN_107325,13837,22584,2560.06,66.12,9,False,49494.4,0.051724235469063164,0,1,0
TXN_110194,12466,23354,2901.16,60.74,11,False,59049.58,0.049130916765199685,0,1,0
TXN_103506,13436,25107,1728.44,73.39,5,False,37329.93,0.04630172089794971,0,1,0
TXN_107959,12870,21860,1869.35,65.5,32,False,40452.12,0.04621142229381303,0,1,0
TXN_109771,11876,24340,1317.88,69.12,4,False,29479.56,0.04470487347843726,0,1,0
TXN_110012,13421,24793,1728.17,69.7,48,False,39696.99,0.04353403116961765,0,1,0
TXN_107369,10524,25191,2265.12,72.81,47,False,52159.22,0.043427029775368574,0,1,0
TXN_102981,15592,22132,2159.08,60.26,5,False,51488.32,0.04193339382601724,0,1,0
TXN_103034,13158,22046,1635.39,68.73,14,False,42444.49,0.038530089535767774,0,1,0
TXN_111422,13368,22303,1115.56,72.96,37,False,29270.02,0.03811271738112922,0,1,0
TXN_108143,14096,23035,1105.39,66.63,6,False,31200.55,0.03542854212505869,0,1,0
TXN_106842,13455,25674,1254.44,69.4,5,False,36072.66,0.03477536727261034,0,1,0
TXN_108202,10349,22492,1366.0,73.16,12,False,39468.47,0.03460990507106052,0,1,0
TXN_102287,15048,24049,963.82,73.26,56,False,28400.44,0.03393679816228199,0,1,0
TXN_101995,12072,23234,958.11,63.04,28,False,29352.86,0.032641112314098185,0,1,0
TXN_110728,14491,21623,952.2,63.7,35,False,29784.85,0.03196927296931158,0,1,0
TXN_103826,14450,23948,538.91,66.7,35,False,19835.7,0.02716869079487994,0,1,0
TXN_107398,14518,25134,927.32,74.78,9,False,37717.27,0.02458608483593855,0,1,0
TXN_103987,13463,24760,952.75,68.64,5,False,40057.83,0.02378436375609962,0,1,0
TXN_106310,14746,24178,515.9,65.01,5,False,31295.31,0.016484898216378108,0,1,0
TXN_104516,11519,22515,531.83,72.45,35,False,33537.48,0.01585778060844166,0,1,0
TXN_111363,13933,25912,409.79,65.0,50,False,26328.1,0.015564738815182258,0,1,0
TXN_111339,11005,25217,580.37,64.22,8,False,40170.55,0.01444764883727009,0,1,0
TXN_103808,15576,20954,223.81,73.22,42,False,19176.89,0.011670818365230233,0,1,0
TXN_107204,13566,20003,452.5,68.63,53,False,41434.92,0.010920740283799269,0,1,0
TXN_110182,14478,23176,250.59,71.11,27,False,38168.69,0.006565328807459727,0,1,0
TXN_106168,12576,20915,196.7,65.07,19,False,37656.11,0.005223587885206412,0,1,0
TXN_103314,10343,24581,171.06,65.34,12,False,34874.95,0.004904953268750206,0,1,0
TXN_104227,12636,21141,103.88,72.4,33,True,39848.95,0.002606844095013796,0,1,0
